{
	"credit": "Made with Blockbench",
	"textures": {
		"particle": "block/stone",
		"texture": "block/stone"
	},
	"elements": [
		{
			"from": [0, 0, 0],
			"to": [16, 6, 16],
			"faces": {
				"north": {"uv": [0, 10, 16, 16], "texture": "#texture", "cullface": "north"},
				"east": {"uv": [0, 10, 16, 16], "texture": "#texture", "cullface": "east"},
				"south": {"uv": [0, 10, 16, 16], "texture": "#texture", "cullface": "south"},
				"west": {"uv": [0, 10, 16, 16], "texture": "#texture", "cullface": "west"},
				"up": {"uv": [0, 0, 16, 16], "texture": "#texture"},
				"down": {"uv": [0, 0, 16, 16], "texture": "#texture", "cullface": "down"}
			}
		}
	]
}