{
	"credit": "Made with Blockbench",
	"textures": {
		"0": "prism:block/barrel",
		"particle": "prism:block/barrel"
	},
	"elements": [
		{
			"from": [6.4087, 0, 0],
			"to": [9.5913, 18.5, 2],
			"rotation": {"angle": -45, "axis": "y", "origin": [8, 18, 8]},
			"faces": {
				"north": {"uv": [13.84865, 0, 15.9375, 16], "texture": "#0"},
				"east": {"uv": [0, 0, 2, 16], "texture": "#missing"},
				"south": {"uv": [13.84865, 0, 15.9375, 9], "texture": "#0"},
				"west": {"uv": [0, 0, 2, 16], "texture": "#missing"},
				"up": {"uv": [11.4326, 6.15625, 9.15625, 8.25], "texture": "#0"},
				"down": {"uv": [13.8076, 7.71875, 11.4375, 9.8125], "texture": "#0"}
			}
		},
		{
			"from": [6.4087, 0, 0],
			"to": [9.5913, 18.6, 2],
			"rotation": {"angle": -22.5, "axis": "y", "origin": [8, 18, 8]},
			"faces": {
				"north": {"uv": [6.9424, 0, 9.03125, 16], "texture": "#0"},
				"east": {"uv": [13.84865, 0, 15.9375, 16], "texture": "#0"},
				"south": {"uv": [6.9424, 0, 9.03125, 8.875], "texture": "#0"},
				"west": {"uv": [13.84865, 0, 15.9375, 16], "texture": "#0"},
				"up": {"uv": [13.6826, 4.9375, 11.5, 7.03125], "texture": "#0"},
				"down": {"uv": [13.8076, 7.71875, 11.4375, 9.8125], "texture": "#0"}
			}
		},
		{
			"from": [6.4087, 0, 0],
			"to": [9.5913, 18.5, 2],
			"rotation": {"angle": 0, "axis": "y", "origin": [8, 18, 8]},
			"faces": {
				"north": {"uv": [13.84865, 0, 15.9375, 16], "texture": "#0"},
				"east": {"uv": [0, 0, 2, 16], "texture": "#missing"},
				"south": {"uv": [2.34865, 0, 4.4375, 8.59375], "texture": "#0"},
				"west": {"uv": [0, 0, 2, 16], "texture": "#missing"},
				"up": {"uv": [2.27635, 1.90625, 0, 4], "texture": "#0"},
				"down": {"uv": [13.8076, 7.71875, 11.4375, 9.8125], "texture": "#0"}
			}
		},
		{
			"from": [6.4087, 0, 0],
			"to": [9.5913, 18.6, 2],
			"rotation": {"angle": 22.5, "axis": "y", "origin": [8, 18, 8]},
			"faces": {
				"north": {"uv": [6.9424, 0, 9.03125, 16], "texture": "#0"},
				"east": {"uv": [13.84865, 0, 15.9375, 16], "texture": "#0"},
				"south": {"uv": [6.9424, 0, 9.03125, 8.875], "texture": "#0"},
				"west": {"uv": [13.84865, 0, 15.9375, 16], "texture": "#0"},
				"up": {"uv": [13.7451, 4.9375, 11.40625, 7.03125], "texture": "#0"},
				"down": {"uv": [13.8076, 7.71875, 11.4375, 9.8125], "texture": "#0"}
			}
		},
		{
			"from": [6.4087, 0, 0],
			"to": [9.5913, 18.5, 2],
			"rotation": {"angle": 45, "axis": "y", "origin": [8, 18, 8]},
			"faces": {
				"north": {"uv": [2.34865, 0, 4.4375, 16], "texture": "#0"},
				"east": {"uv": [0, 0, 2, 16], "texture": "#missing"},
				"south": {"uv": [6.9424, 0, 9.03125, 8.9375], "texture": "#0"},
				"west": {"uv": [0, 0, 2, 16], "texture": "#missing"},
				"up": {"uv": [2.27635, 1.90625, 0, 4], "texture": "#0"},
				"down": {"uv": [13.8076, 7.71875, 11.4375, 9.8125], "texture": "#0"}
			}
		},
		{
			"from": [0, 0, 6.4087],
			"to": [2, 18.6, 9.5913],
			"rotation": {"angle": -22.5, "axis": "y", "origin": [8, 18, 8]},
			"faces": {
				"north": {"uv": [13.84865, 0, 15.9375, 16], "texture": "#0"},
				"east": {"uv": [6.9424, 0, 9.03125, 9], "texture": "#0"},
				"south": {"uv": [13.84865, 0, 15.9375, 16], "texture": "#0"},
				"west": {"uv": [6.9424, 0, 9.03125, 16], "texture": "#0"},
				"up": {"uv": [2.1201, 1.90625, 0.09375, 4], "rotation": 90, "texture": "#0"},
				"down": {"uv": [13.8076, 7.71875, 11.4375, 9.8125], "texture": "#0"}
			}
		},
		{
			"from": [0, 0, 6.4087],
			"to": [2, 18.5, 9.5913],
			"rotation": {"angle": 0, "axis": "y", "origin": [8, 18, 8]},
			"faces": {
				"north": {"uv": [0, 0, 2, 16], "texture": "#missing"},
				"east": {"uv": [13.84865, 0, 15.9375, 9.125], "texture": "#0"},
				"south": {"uv": [0, 0, 2, 16], "texture": "#missing"},
				"west": {"uv": [13.84865, 0, 15.9375, 16], "texture": "#0"},
				"up": {"uv": [6.8076, 5.78125, 4.4375, 7.875], "rotation": 90, "texture": "#0"},
				"down": {"uv": [13.8076, 7.71875, 11.4375, 9.8125], "texture": "#0"}
			}
		},
		{
			"from": [0, 0, 6.4087],
			"to": [2, 18.6, 9.5913],
			"rotation": {"angle": 22.5, "axis": "y", "origin": [8, 18, 8]},
			"faces": {
				"north": {"uv": [13.84865, 0, 15.9375, 16], "texture": "#0"},
				"east": {"uv": [13.84865, 0, 15.9375, 8.75], "texture": "#0"},
				"south": {"uv": [13.84865, 0, 15.9375, 16], "texture": "#0"},
				"west": {"uv": [4.4375, 16, 2.34865, 0], "texture": "#0"},
				"up": {"uv": [13.6826, 4.9375, 11.53125, 7.03125], "rotation": 90, "texture": "#0"},
				"down": {"uv": [13.8076, 7.71875, 11.4375, 9.8125], "texture": "#0"}
			}
		},
		{
			"from": [14, 0, 6.4087],
			"to": [16, 18.6, 9.5913],
			"rotation": {"angle": 22.5, "axis": "y", "origin": [8, 18, 8]},
			"faces": {
				"north": {"uv": [13.84865, 0, 15.9375, 16], "texture": "#0"},
				"east": {"uv": [6.9424, 0, 9.03125, 16], "texture": "#0"},
				"south": {"uv": [13.84865, 0, 15.9375, 16], "texture": "#0"},
				"west": {"uv": [9.1924, 0, 11.28125, 8.875], "texture": "#0"},
				"up": {"uv": [2.08885, 1.90625, 0, 4], "rotation": 90, "texture": "#0"},
				"down": {"uv": [13.8076, 7.71875, 11.4375, 9.8125], "texture": "#0"}
			}
		},
		{
			"from": [6.4087, 0, 14],
			"to": [9.5913, 18.5, 16],
			"rotation": {"angle": -45, "axis": "y", "origin": [8, 18, 8]},
			"faces": {
				"north": {"uv": [13.91115, 0, 16, 8.90625], "texture": "#0"},
				"east": {"uv": [0, 0, 2, 16], "texture": "#missing"},
				"south": {"uv": [6.9424, 0, 9.03125, 16], "texture": "#0"},
				"west": {"uv": [0, 0, 2, 16], "texture": "#missing"},
				"up": {"uv": [2.27635, 1.90625, 0, 4], "texture": "#0"},
				"down": {"uv": [13.8076, 7.71875, 11.4375, 9.8125], "texture": "#0"}
			}
		},
		{
			"from": [6.4087, 0, 14],
			"to": [9.5913, 18.6, 16],
			"rotation": {"angle": -22.5, "axis": "y", "origin": [8, 18, 8]},
			"faces": {
				"north": {"uv": [2.34865, 0, 4.4375, 8.53125], "texture": "#0"},
				"east": {"uv": [13.84865, 0, 15.9375, 16], "texture": "#0"},
				"south": {"uv": [13.84865, 0, 15.9375, 16], "texture": "#0"},
				"west": {"uv": [13.84865, 0, 15.9375, 16], "texture": "#0"},
				"up": {"uv": [2.15135, 1.90625, 0, 4], "texture": "#0"},
				"down": {"uv": [13.8076, 7.71875, 11.4375, 9.8125], "texture": "#0"}
			}
		},
		{
			"from": [6.4087, 0, 14],
			"to": [9.5913, 18.5, 16],
			"rotation": {"angle": 0, "axis": "y", "origin": [8, 18, 8]},
			"faces": {
				"north": {"uv": [6.9424, 0, 9.03125, 9.3125], "texture": "#0"},
				"east": {"uv": [0, 0, 2, 16], "texture": "#missing"},
				"south": {"uv": [2.34865, 0, 4.4375, 16], "texture": "#0"},
				"west": {"uv": [0, 0, 2, 16], "texture": "#missing"},
				"up": {"uv": [13.77635, 4.9375, 11.40625, 7.03125], "texture": "#0"},
				"down": {"uv": [13.8076, 7.71875, 11.4375, 9.8125], "texture": "#0"}
			}
		},
		{
			"from": [6.4087, 0, 14],
			"to": [9.5913, 18.6, 16],
			"rotation": {"angle": 22.5, "axis": "y", "origin": [8, 18, 8]},
			"faces": {
				"north": {"uv": [6.9424, 0, 9.03125, 8.75], "texture": "#0"},
				"east": {"uv": [13.84865, 0, 15.9375, 16], "texture": "#0"},
				"south": {"uv": [6.9424, 0, 9.03125, 16], "texture": "#0"},
				"west": {"uv": [13.84865, 0, 15.9375, 16], "texture": "#0"},
				"up": {"uv": [6.6826, 5.78125, 4.5625, 7.875], "texture": "#0"},
				"down": {"uv": [13.8076, 7.71875, 11.4375, 9.8125], "texture": "#0"}
			}
		},
		{
			"from": [6.4087, 0, 14],
			"to": [9.5913, 18.5, 16],
			"rotation": {"angle": 45, "axis": "y", "origin": [8, 18, 8]},
			"faces": {
				"north": {"uv": [9.1924, 0, 11.28125, 8.875], "texture": "#0"},
				"east": {"uv": [0, 0, 2, 16], "texture": "#missing"},
				"south": {"uv": [13.84865, 0, 15.9375, 16], "texture": "#0"},
				"west": {"uv": [0, 0, 2, 16], "texture": "#missing"},
				"up": {"uv": [2.27635, 1.90625, 0, 4], "texture": "#0"},
				"down": {"uv": [13.8076, 7.71875, 11.4375, 9.8125], "texture": "#0"}
			}
		},
		{
			"from": [14, 0, 6.4087],
			"to": [16, 18.6, 9.5913],
			"rotation": {"angle": -22.5, "axis": "y", "origin": [8, 18, 8]},
			"faces": {
				"north": {"uv": [13.84865, 0, 15.9375, 16], "texture": "#0"},
				"east": {"uv": [6.9424, 0, 9.03125, 16], "texture": "#0"},
				"south": {"uv": [13.84865, 0, 15.9375, 16], "texture": "#0"},
				"west": {"uv": [6.9424, 0, 9.03125, 8.875], "texture": "#0"},
				"up": {"uv": [2.08885, 1.875, 0, 3.96875], "rotation": 90, "texture": "#0"},
				"down": {"uv": [13.8076, 7.71875, 11.4375, 9.8125], "texture": "#0"}
			}
		},
		{
			"from": [14, 0, 6.4087],
			"to": [16, 18.5, 9.5913],
			"rotation": {"angle": 0, "axis": "y", "origin": [8, 18, 8]},
			"faces": {
				"north": {"uv": [0, 0, 2, 16], "texture": "#missing"},
				"east": {"uv": [4.59865, 0, 6.6875, 16], "texture": "#0"},
				"south": {"uv": [2.34865, 0, 4.4375, 16], "texture": "#0"},
				"west": {"uv": [6.9424, 0, 9.03125, 8.875], "texture": "#0"},
				"up": {"uv": [13.77635, 4.9375, 11.40625, 7.03125], "rotation": 90, "texture": "#0"},
				"down": {"uv": [13.8076, 7.71875, 11.4375, 9.8125], "texture": "#0"}
			}
		},
		{
			"from": [6.31919, 1.7, -0.45],
			"to": [9.68081, 16.5, 1.45],
			"rotation": {"angle": -45, "axis": "y", "origin": [8, 8, 8]},
			"faces": {
				"north": {"uv": [13.84865, 3.65625, 15.9375, 14.65625], "texture": "#0"},
				"east": {"uv": [0, 0, 1.9, 14.8], "texture": "#missing"},
				"south": {"uv": [0, 0, 3.36162, 14.8], "texture": "#missing"},
				"west": {"uv": [0, 0, 1.9, 14.8], "texture": "#missing"},
				"up": {"uv": [6.96875, 0, 8.96875, 3.1826], "texture": "#0"},
				"down": {"uv": [6.96875, 0, 8.96875, 3.1826], "texture": "#0"}
			}
		},
		{
			"from": [6.31919, 1.7, -0.45],
			"to": [9.68081, 16.5, 1.45],
			"rotation": {"angle": -22.5, "axis": "y", "origin": [8, 8, 8]},
			"faces": {
				"north": {"uv": [6.91115, 1.9375, 9, 15.1875], "texture": "#0"},
				"east": {"uv": [0, 0, 1.9, 14.8], "texture": "#missing"},
				"south": {"uv": [0, 0, 3.36162, 14.8], "texture": "#missing"},
				"west": {"uv": [0, 0, 1.9, 14.8], "texture": "#missing"},
				"up": {"uv": [6.96875, 0, 8.96875, 3.1826], "texture": "#0"},
				"down": {"uv": [6.96875, 0, 8.96875, 3.1826], "texture": "#0"}
			}
		},
		{
			"from": [6.31919, 1.7, -0.45],
			"to": [9.68081, 16.5, 1.45],
			"rotation": {"angle": 0, "axis": "y", "origin": [8, 8, 8]},
			"faces": {
				"north": {"uv": [13.84865, 2.625, 15.9375, 14.96875], "texture": "#0"},
				"east": {"uv": [0, 0, 1.9, 14.8], "texture": "#missing"},
				"south": {"uv": [0, 0, 3.36162, 14.8], "texture": "#missing"},
				"west": {"uv": [0, 0, 1.9, 14.8], "texture": "#missing"},
				"up": {"uv": [6.96875, 0, 8.96875, 3.1826], "texture": "#0"},
				"down": {"uv": [6.96875, 0, 8.96875, 3.1826], "texture": "#0"}
			}
		},
		{
			"from": [6.31919, 1.7, 14.55],
			"to": [9.68081, 16.5, 16.45],
			"rotation": {"angle": 22.5, "axis": "y", "origin": [8, 8, 8]},
			"faces": {
				"north": {"uv": [0, 0, 3.36162, 14.8], "texture": "#missing"},
				"east": {"uv": [0, 0, 1.9, 14.8], "texture": "#missing"},
				"south": {"uv": [6.97365, 2.78125, 9.0625, 14.78125], "texture": "#0"},
				"west": {"uv": [0, 0, 1.9, 14.8], "texture": "#missing"},
				"up": {"uv": [6.96875, 0, 8.96875, 3.1826], "texture": "#0"},
				"down": {"uv": [6.96875, 0, 8.96875, 3.1826], "texture": "#0"}
			}
		},
		{
			"from": [6.31919, 1.7, 14.55],
			"to": [9.68081, 16.5, 16.45],
			"rotation": {"angle": 45, "axis": "y", "origin": [8, 8, 8]},
			"faces": {
				"north": {"uv": [0, 0, 3.36162, 14.8], "texture": "#missing"},
				"east": {"uv": [0, 0, 1.9, 14.8], "texture": "#missing"},
				"south": {"uv": [13.8799, 1.75, 15.96875, 15.1875], "texture": "#0"},
				"west": {"uv": [0, 0, 1.9, 14.8], "texture": "#missing"},
				"up": {"uv": [6.96875, 0, 8.96875, 3.1826], "texture": "#0"},
				"down": {"uv": [6.96875, 0, 8.96875, 3.1826], "texture": "#0"}
			}
		},
		{
			"from": [14.55, 1.7, 6.31919],
			"to": [16.45, 16.5, 9.68081],
			"rotation": {"angle": -22.5, "axis": "y", "origin": [8, 8, 8]},
			"faces": {
				"north": {"uv": [0, 0, 1.9, 14.8], "texture": "#missing"},
				"east": {"uv": [6.84865, 2.78125, 8.9375, 14.78125], "texture": "#0"},
				"south": {"uv": [0, 0, 1.9, 14.8], "texture": "#missing"},
				"west": {"uv": [0, 0, 3.36162, 14.8], "texture": "#missing"},
				"up": {"uv": [6.96875, 0, 8.96875, 3.1826], "texture": "#0"},
				"down": {"uv": [6.96875, 0, 8.96875, 3.1826], "texture": "#0"}
			}
		},
		{
			"from": [14.55, 1.7, 6.31919],
			"to": [16.45, 16.5, 9.68081],
			"rotation": {"angle": 0, "axis": "y", "origin": [8, 8, 8]},
			"faces": {
				"north": {"uv": [0, 0, 1.9, 14.8], "texture": "#missing"},
				"east": {"uv": [4.59865, 4.8125, 6.6875, 15.03125], "texture": "#0"},
				"south": {"uv": [0, 0, 1.9, 14.8], "texture": "#missing"},
				"west": {"uv": [0, 0, 3.36162, 14.8], "texture": "#missing"},
				"up": {"uv": [6.96875, 0, 8.96875, 3.1826], "texture": "#0"},
				"down": {"uv": [6.96875, 0, 8.96875, 3.1826], "texture": "#0"}
			}
		},
		{
			"from": [14.55, 1.7, 6.31919],
			"to": [16.45, 16.5, 9.68081],
			"rotation": {"angle": 22.5, "axis": "y", "origin": [8, 8, 8]},
			"faces": {
				"north": {"uv": [0, 0, 1.9, 14.8], "texture": "#missing"},
				"east": {"uv": [6.9424, 2.75, 9.03125, 15.0625], "texture": "#0"},
				"south": {"uv": [0, 0, 1.9, 14.8], "texture": "#missing"},
				"west": {"uv": [0, 0, 3.36162, 14.8], "texture": "#missing"},
				"up": {"uv": [6.96875, 0, 8.96875, 3.1826], "texture": "#0"},
				"down": {"uv": [6.96875, 0, 8.96875, 3.1826], "texture": "#0"}
			}
		},
		{
			"from": [-0.45, 1.7, 6.31919],
			"to": [1.45, 16.5, 9.68081],
			"rotation": {"angle": 45, "axis": "y", "origin": [8, 8, 8]},
			"faces": {
				"north": {"uv": [0, 0, 1.9, 14.8], "texture": "#missing"},
				"east": {"uv": [0, 0, 3.36162, 14.8], "texture": "#missing"},
				"south": {"uv": [0, 0, 1.9, 14.8], "texture": "#missing"},
				"west": {"uv": [6.9424, 3.5625, 9.03125, 14.65625], "texture": "#0"},
				"up": {"uv": [6.96875, 0, 8.96875, 3.1826], "texture": "#0"},
				"down": {"uv": [6.96875, 0, 8.96875, 3.1826], "texture": "#0"}
			}
		},
		{
			"from": [6.31919, 1.7, 14.55],
			"to": [9.68081, 16.5, 16.45],
			"rotation": {"angle": -22.5, "axis": "y", "origin": [8, 8, 8]},
			"faces": {
				"north": {"uv": [0, 0, 3.36162, 14.8], "texture": "#missing"},
				"east": {"uv": [0, 0, 1.9, 14.8], "texture": "#missing"},
				"south": {"uv": [13.84865, 3.4375, 15.9375, 14.65625], "texture": "#0"},
				"west": {"uv": [0, 0, 1.9, 14.8], "texture": "#missing"},
				"up": {"uv": [6.96875, 0, 8.96875, 3.1826], "texture": "#0"},
				"down": {"uv": [6.96875, 0, 8.96875, 3.1826], "texture": "#0"}
			}
		},
		{
			"from": [6.31919, 1.7, 14.55],
			"to": [9.68081, 16.5, 16.45],
			"rotation": {"angle": 0, "axis": "y", "origin": [8, 8, 8]},
			"faces": {
				"north": {"uv": [0, 0, 3.36162, 14.8], "texture": "#missing"},
				"east": {"uv": [0, 0, 1.9, 14.8], "texture": "#missing"},
				"south": {"uv": [2.34865, 2.09375, 4.4375, 15.21875], "texture": "#0"},
				"west": {"uv": [0, 0, 1.9, 14.8], "texture": "#missing"},
				"up": {"uv": [6.96875, 0, 8.96875, 3.1826], "texture": "#0"},
				"down": {"uv": [6.96875, 0, 8.96875, 3.1826], "texture": "#0"}
			}
		},
		{
			"from": [6.31919, 1.7, -0.45],
			"to": [9.68081, 16.5, 1.45],
			"rotation": {"angle": 22.5, "axis": "y", "origin": [8, 8, 8]},
			"faces": {
				"north": {"uv": [6.91115, 2.46875, 9, 14.90625], "texture": "#0"},
				"east": {"uv": [0, 0, 1.9, 14.8], "texture": "#missing"},
				"south": {"uv": [0, 0, 3.36162, 14.8], "texture": "#missing"},
				"west": {"uv": [0, 0, 1.9, 14.8], "texture": "#missing"},
				"up": {"uv": [6.96875, 0, 8.96875, 3.1826], "texture": "#0"},
				"down": {"uv": [6.96875, 0, 8.96875, 3.1826], "texture": "#0"}
			}
		},
		{
			"from": [6.31919, 1.7, -0.45],
			"to": [9.68081, 16.5, 1.45],
			"rotation": {"angle": 45, "axis": "y", "origin": [8, 8, 8]},
			"faces": {
				"north": {"uv": [2.28615, 1.375, 4.375, 15.21875], "texture": "#0"},
				"east": {"uv": [0, 0, 1.9, 14.8], "texture": "#missing"},
				"south": {"uv": [0, 0, 3.36162, 14.8], "texture": "#missing"},
				"west": {"uv": [0, 0, 1.9, 14.8], "texture": "#missing"},
				"up": {"uv": [6.96875, 0, 8.96875, 3.1826], "texture": "#0"},
				"down": {"uv": [6.96875, 0, 8.96875, 3.1826], "texture": "#0"}
			}
		},
		{
			"from": [-0.45, 1.7, 6.31919],
			"to": [1.45, 16.5, 9.68081],
			"rotation": {"angle": -22.5, "axis": "y", "origin": [8, 8, 8]},
			"faces": {
				"north": {"uv": [0, 0, 1.9, 14.8], "texture": "#missing"},
				"east": {"uv": [0, 0, 3.36162, 14.8], "texture": "#missing"},
				"south": {"uv": [0, 0, 1.9, 14.8], "texture": "#missing"},
				"west": {"uv": [6.91115, 4.53125, 9, 14.3125], "texture": "#0"},
				"up": {"uv": [6.96875, 0, 8.96875, 3.1826], "texture": "#0"},
				"down": {"uv": [6.96875, 0, 8.96875, 3.1826], "texture": "#0"}
			}
		},
		{
			"from": [-0.45, 1.7, 6.31919],
			"to": [1.45, 16.5, 9.68081],
			"rotation": {"angle": 0, "axis": "y", "origin": [8, 8, 8]},
			"faces": {
				"north": {"uv": [0, 0, 1.9, 14.8], "texture": "#missing"},
				"east": {"uv": [0, 0, 3.36162, 14.8], "texture": "#missing"},
				"south": {"uv": [0, 0, 1.9, 14.8], "texture": "#missing"},
				"west": {"uv": [13.91115, 3.875, 16, 16], "texture": "#0"},
				"up": {"uv": [6.96875, 0, 8.96875, 3.1826], "texture": "#0"},
				"down": {"uv": [6.96875, 0, 8.96875, 3.1826], "texture": "#0"}
			}
		},
		{
			"from": [-0.45, 1.7, 6.31919],
			"to": [1.45, 16.5, 9.68081],
			"rotation": {"angle": 22.5, "axis": "y", "origin": [8, 8, 8]},
			"faces": {
				"north": {"uv": [0, 0, 1.9, 14.8], "texture": "#missing"},
				"east": {"uv": [0, 0, 3.36162, 14.8], "texture": "#missing"},
				"south": {"uv": [0, 0, 1.9, 14.8], "texture": "#missing"},
				"west": {"uv": [4.34375, 15, 2.2549, 2.46875], "texture": "#0"},
				"up": {"uv": [6.96875, 0, 8.96875, 3.1826], "texture": "#0"},
				"down": {"uv": [6.96875, 0, 8.96875, 3.1826], "texture": "#0"}
			}
		},
		{
			"from": [6.22968, 4.5, -0.9],
			"to": [9.77032, 13.5, 0.9],
			"rotation": {"angle": -45, "axis": "y", "origin": [8, 8, 8]},
			"faces": {
				"north": {"uv": [4.6299, 0, 6.71875, 8.90625], "texture": "#0"},
				"east": {"uv": [0, 0, 1.8, 9], "texture": "#missing"},
				"south": {"uv": [0, 0, 3.54064, 9], "texture": "#missing"},
				"west": {"uv": [0, 0, 1.8, 9], "texture": "#missing"},
				"up": {"uv": [13.8076, 7.71875, 11.4375, 9.8125], "texture": "#0"},
				"down": {"uv": [13.8076, 7.71875, 11.4375, 9.8125], "texture": "#0"}
			}
		},
		{
			"from": [6.22968, 4.5, -0.9],
			"to": [9.77032, 13.5, 0.9],
			"rotation": {"angle": -22.5, "axis": "y", "origin": [8, 8, 8]},
			"faces": {
				"north": {"uv": [0, 0, 2.08885, 8.90625], "texture": "#0"},
				"east": {"uv": [0, 0, 1.8, 9], "texture": "#missing"},
				"south": {"uv": [0, 0, 3.54064, 9], "texture": "#missing"},
				"west": {"uv": [0, 0, 1.8, 9], "texture": "#missing"},
				"up": {"uv": [13.8076, 7.71875, 11.4375, 9.8125], "texture": "#0"},
				"down": {"uv": [13.8076, 7.71875, 11.4375, 9.8125], "texture": "#0"}
			}
		},
		{
			"from": [6.22968, 4.5, -0.9],
			"to": [9.77032, 13.5, 0.9],
			"rotation": {"angle": 0, "axis": "y", "origin": [8, 8, 8]},
			"faces": {
				"north": {"uv": [13.78615, 0, 15.875, 8.90625], "texture": "#0"},
				"east": {"uv": [0, 0, 1.8, 9], "texture": "#missing"},
				"south": {"uv": [0, 0, 3.54064, 9], "texture": "#missing"},
				"west": {"uv": [0, 0, 1.8, 9], "texture": "#missing"},
				"up": {"uv": [13.8076, 7.71875, 11.4375, 9.8125], "texture": "#0"},
				"down": {"uv": [13.8076, 7.71875, 11.4375, 9.8125], "texture": "#0"}
			}
		},
		{
			"from": [6.22968, 4.5, 15.1],
			"to": [9.77032, 13.5, 16.9],
			"rotation": {"angle": 22.5, "axis": "y", "origin": [8, 8, 8]},
			"faces": {
				"north": {"uv": [0, 0, 3.54064, 9], "texture": "#missing"},
				"east": {"uv": [0, 0, 1.8, 9], "texture": "#missing"},
				"south": {"uv": [13.78615, 0, 15.875, 8.90625], "texture": "#0"},
				"west": {"uv": [0, 0, 1.8, 9], "texture": "#missing"},
				"up": {"uv": [13.8076, 7.71875, 11.4375, 9.8125], "texture": "#0"},
				"down": {"uv": [13.8076, 7.71875, 11.4375, 9.8125], "texture": "#0"}
			}
		},
		{
			"from": [6.22968, 4.5, 15.1],
			"to": [9.77032, 13.5, 16.9],
			"rotation": {"angle": 45, "axis": "y", "origin": [8, 8, 8]},
			"faces": {
				"north": {"uv": [0, 0, 3.54064, 9], "texture": "#missing"},
				"east": {"uv": [0, 0, 1.8, 9], "texture": "#missing"},
				"south": {"uv": [11.53615, 0, 13.625, 8.90625], "texture": "#0"},
				"west": {"uv": [0, 0, 1.8, 9], "texture": "#missing"},
				"up": {"uv": [13.8076, 7.71875, 11.4375, 9.8125], "texture": "#0"},
				"down": {"uv": [13.8076, 7.71875, 11.4375, 9.8125], "texture": "#0"}
			}
		},
		{
			"from": [15.1, 4.5, 6.22968],
			"to": [16.9, 13.5, 9.77032],
			"rotation": {"angle": -22.5, "axis": "y", "origin": [8, 8, 8]},
			"faces": {
				"north": {"uv": [0, 0, 1.8, 9], "texture": "#missing"},
				"east": {"uv": [4.6299, 0, 6.71875, 8.90625], "texture": "#0"},
				"south": {"uv": [0, 0, 1.8, 9], "texture": "#missing"},
				"west": {"uv": [0, 0, 3.54064, 9], "texture": "#missing"},
				"up": {"uv": [13.8076, 7.71875, 11.4375, 9.8125], "texture": "#0"},
				"down": {"uv": [13.8076, 7.71875, 11.4375, 9.8125], "texture": "#0"}
			}
		},
		{
			"from": [15.1, 4.5, 6.22968],
			"to": [16.9, 13.5, 9.77032],
			"rotation": {"angle": 0, "axis": "y", "origin": [8, 8, 8]},
			"faces": {
				"north": {"uv": [0, 0, 1.8, 9], "texture": "#missing"},
				"east": {"uv": [0, 0, 2.08885, 8.90625], "texture": "#0"},
				"south": {"uv": [0, 0, 1.8, 9], "texture": "#missing"},
				"west": {"uv": [0, 0, 3.54064, 9], "texture": "#missing"},
				"up": {"uv": [13.8076, 7.71875, 11.4375, 9.8125], "texture": "#0"},
				"down": {"uv": [13.8076, 7.71875, 11.4375, 9.8125], "texture": "#0"}
			}
		},
		{
			"from": [15.1, 4.5, 6.22968],
			"to": [16.9, 13.5, 9.77032],
			"rotation": {"angle": 22.5, "axis": "y", "origin": [8, 8, 8]},
			"faces": {
				"north": {"uv": [0, 0, 1.8, 9], "texture": "#missing"},
				"east": {"uv": [13.78615, 0, 15.875, 8.90625], "texture": "#0"},
				"south": {"uv": [0, 0, 1.8, 9], "texture": "#missing"},
				"west": {"uv": [0, 0, 3.54064, 9], "texture": "#missing"},
				"up": {"uv": [13.8076, 7.71875, 11.4375, 9.8125], "texture": "#0"},
				"down": {"uv": [13.8076, 7.71875, 11.4375, 9.8125], "texture": "#0"}
			}
		},
		{
			"from": [6.22968, 4.5, 15.1],
			"to": [9.77032, 13.5, 16.9],
			"rotation": {"angle": -45, "axis": "y", "origin": [8, 8, 8]},
			"faces": {
				"north": {"uv": [0, 0, 3.54064, 9], "texture": "#missing"},
				"east": {"uv": [0, 0, 1.8, 9], "texture": "#missing"},
				"south": {"uv": [11.53615, 0, 13.625, 8.90625], "texture": "#0"},
				"west": {"uv": [0, 0, 1.8, 9], "texture": "#missing"},
				"up": {"uv": [13.8076, 7.71875, 11.4375, 9.8125], "texture": "#0"},
				"down": {"uv": [13.8076, 7.71875, 11.4375, 9.8125], "texture": "#0"}
			}
		},
		{
			"from": [6.22968, 4.5, 15.1],
			"to": [9.77032, 13.5, 16.9],
			"rotation": {"angle": -22.5, "axis": "y", "origin": [8, 8, 8]},
			"faces": {
				"north": {"uv": [0, 0, 3.54064, 9], "texture": "#missing"},
				"east": {"uv": [0, 0, 1.8, 9], "texture": "#missing"},
				"south": {"uv": [0, 0, 2.08885, 8.90625], "texture": "#0"},
				"west": {"uv": [0, 0, 1.8, 9], "texture": "#missing"},
				"up": {"uv": [13.8076, 7.71875, 11.4375, 9.8125], "texture": "#0"},
				"down": {"uv": [13.8076, 7.71875, 11.4375, 9.8125], "texture": "#0"}
			}
		},
		{
			"from": [6.22968, 4.5, 15.1],
			"to": [9.77032, 13.5, 16.9],
			"rotation": {"angle": 0, "axis": "y", "origin": [8, 8, 8]},
			"faces": {
				"north": {"uv": [0, 0, 3.54064, 9], "texture": "#missing"},
				"east": {"uv": [0, 0, 1.8, 9], "texture": "#missing"},
				"south": {"uv": [13.78615, 0, 15.875, 8.90625], "texture": "#0"},
				"west": {"uv": [0, 0, 1.8, 9], "texture": "#missing"},
				"up": {"uv": [13.8076, 7.71875, 11.4375, 9.8125], "texture": "#0"},
				"down": {"uv": [13.8076, 7.71875, 11.4375, 9.8125], "texture": "#0"}
			}
		},
		{
			"from": [6.22968, 4.5, -0.9],
			"to": [9.77032, 13.5, 0.9],
			"rotation": {"angle": 22.5, "axis": "y", "origin": [8, 8, 8]},
			"faces": {
				"north": {"uv": [11.53615, 0, 13.625, 8.90625], "texture": "#0"},
				"east": {"uv": [0, 0, 1.8, 9], "texture": "#missing"},
				"south": {"uv": [0, 0, 3.54064, 9], "texture": "#missing"},
				"west": {"uv": [0, 0, 1.8, 9], "texture": "#missing"},
				"up": {"uv": [13.8076, 7.71875, 11.4375, 9.8125], "texture": "#0"},
				"down": {"uv": [13.8076, 7.71875, 11.4375, 9.8125], "texture": "#0"}
			}
		},
		{
			"from": [-0.9, 4.5, 6.22968],
			"to": [0.9, 13.5, 9.77032],
			"rotation": {"angle": -45, "axis": "y", "origin": [8, 8, 8]},
			"faces": {
				"north": {"uv": [0, 0, 1.8, 9], "texture": "#missing"},
				"east": {"uv": [0, 0, 3.54064, 9], "texture": "#missing"},
				"south": {"uv": [0, 0, 1.8, 9], "texture": "#missing"},
				"west": {"uv": [4.6299, 0, 6.71875, 8.90625], "texture": "#0"},
				"up": {"uv": [13.8076, 7.71875, 11.4375, 9.8125], "texture": "#0"},
				"down": {"uv": [13.8076, 7.71875, 11.4375, 9.8125], "texture": "#0"}
			}
		},
		{
			"from": [-0.9, 4.5, 6.22968],
			"to": [0.9, 13.5, 9.77032],
			"rotation": {"angle": -22.5, "axis": "y", "origin": [8, 8, 8]},
			"faces": {
				"north": {"uv": [0, 0, 1.8, 9], "texture": "#missing"},
				"east": {"uv": [0, 0, 3.54064, 9], "texture": "#missing"},
				"south": {"uv": [0, 0, 1.8, 9], "texture": "#missing"},
				"west": {"uv": [0, 0, 2.08885, 8.90625], "texture": "#0"},
				"up": {"uv": [13.8076, 7.71875, 11.4375, 9.8125], "texture": "#0"},
				"down": {"uv": [13.8076, 7.71875, 11.4375, 9.8125], "texture": "#0"}
			}
		},
		{
			"from": [-0.9, 4.5, 6.22968],
			"to": [0.9, 13.5, 9.77032],
			"rotation": {"angle": 0, "axis": "y", "origin": [8, 8, 8]},
			"faces": {
				"north": {"uv": [0, 0, 1.8, 9], "texture": "#missing"},
				"east": {"uv": [0, 0, 3.54064, 9], "texture": "#missing"},
				"south": {"uv": [0, 0, 1.8, 9], "texture": "#missing"},
				"west": {"uv": [11.53615, 0, 13.625, 8.90625], "texture": "#0"},
				"up": {"uv": [13.8076, 7.71875, 11.4375, 9.8125], "texture": "#0"},
				"down": {"uv": [13.8076, 7.71875, 11.4375, 9.8125], "texture": "#0"}
			}
		},
		{
			"from": [-0.9, 4.5, 6.22968],
			"to": [0.9, 13.5, 9.77032],
			"rotation": {"angle": 22.5, "axis": "y", "origin": [8, 8, 8]},
			"faces": {
				"north": {"uv": [0, 0, 1.8, 9], "texture": "#missing"},
				"east": {"uv": [0, 0, 3.54064, 9], "texture": "#missing"},
				"south": {"uv": [0, 0, 1.8, 9], "texture": "#missing"},
				"west": {"uv": [0, 0, 2.08885, 8.90625], "texture": "#0"},
				"up": {"uv": [13.8076, 7.71875, 11.4375, 9.8125], "texture": "#0"},
				"down": {"uv": [13.8076, 7.71875, 11.4375, 9.8125], "texture": "#0"}
			}
		},
		{
			"from": [2.9, 0.125, 2],
			"to": [13.1, 0.125, 14],
			"faces": {
				"north": {"uv": [0, 0, 10.2, 0], "texture": "#missing"},
				"east": {"uv": [0, 0, 12, 0], "texture": "#missing"},
				"south": {"uv": [0, 0, 10.2, 0], "texture": "#missing"},
				"west": {"uv": [0, 0, 12, 0], "texture": "#missing"},
				"up": {"uv": [2.34375, 1.40625, 9.07813, 8.10156], "texture": "#0"},
				"down": {"uv": [2.34375, 1.40625, 9.07813, 8.10156], "texture": "#0"}
			}
		},
		{
			"from": [13.1, 0.125, 4.2],
			"to": [15, 0.125, 11.7],
			"faces": {
				"north": {"uv": [0, 0, 1.9, 0], "texture": "#missing"},
				"east": {"uv": [0, 0, 7.5, 0], "texture": "#missing"},
				"south": {"uv": [0, 0, 1.9, 0], "texture": "#missing"},
				"west": {"uv": [0, 0, 7.5, 0], "texture": "#missing"},
				"up": {"uv": [2.275, 0, 0.375, 7.5], "texture": "#0"},
				"down": {"uv": [2.275, 0, 0.375, 7.5], "texture": "#0"}
			}
		},
		{
			"from": [1, 0.125, 4.2],
			"to": [2.9, 0.125, 11.7],
			"faces": {
				"north": {"uv": [0, 0, 1.9, 0], "texture": "#missing"},
				"east": {"uv": [0, 0, 7.5, 0], "texture": "#missing"},
				"south": {"uv": [0, 0, 1.9, 0], "texture": "#missing"},
				"west": {"uv": [0, 0, 7.5, 0], "texture": "#missing"},
				"up": {"uv": [2.275, 0, 0.375, 7.5], "texture": "#0"},
				"down": {"uv": [2.275, 0, 0.375, 7.5], "texture": "#0"}
			}
		},
		{
			"from": [6.30924, 15.05, 14.5],
			"to": [9.69076, 16.05, 16.5],
			"rotation": {"angle": -45, "axis": "y", "origin": [8, 15.55, 8]},
			"faces": {
				"north": {"uv": [0, 0, 1, 1], "texture": "#missing"},
				"east": {"uv": [0, 0, 1, 1], "texture": "#missing"},
				"south": {"uv": [11.96875, 11.625, 14, 12.40625], "texture": "#0"},
				"west": {"uv": [0, 0, 1, 1], "texture": "#missing"},
				"up": {"uv": [8.0625, 11.65625, 10.09375, 12.4375], "texture": "#0"},
				"down": {"uv": [8.0625, 11.65625, 10.09375, 12.4375], "texture": "#0"}
			}
		},
		{
			"from": [6.30924, 15.05, 14.5],
			"to": [9.69076, 16.05, 16.5],
			"rotation": {"angle": -22.5, "axis": "y", "origin": [8, 15.55, 8]},
			"faces": {
				"north": {"uv": [0, 0, 1, 1], "texture": "#missing"},
				"east": {"uv": [0, 0, 1, 1], "texture": "#missing"},
				"south": {"uv": [11.96875, 11.625, 14, 12.40625], "texture": "#0"},
				"west": {"uv": [0, 0, 1, 1], "texture": "#missing"},
				"up": {"uv": [8.0625, 11.65625, 10.09375, 12.4375], "texture": "#0"},
				"down": {"uv": [8.0625, 11.65625, 10.09375, 12.4375], "texture": "#0"}
			}
		},
		{
			"from": [6.30924, 15.05, 14.5],
			"to": [9.69076, 16.05, 16.5],
			"rotation": {"angle": 0, "axis": "y", "origin": [8, 15.55, 8]},
			"faces": {
				"north": {"uv": [0, 0, 1, 1], "texture": "#missing"},
				"east": {"uv": [0, 0, 1, 1], "texture": "#missing"},
				"south": {"uv": [13.96875, 11.625, 16, 12.40625], "texture": "#0"},
				"west": {"uv": [0, 0, 1, 1], "texture": "#missing"},
				"up": {"uv": [8.0625, 11.65625, 10.09375, 12.4375], "texture": "#0"},
				"down": {"uv": [8.0625, 11.65625, 10.09375, 12.4375], "texture": "#0"}
			}
		},
		{
			"from": [6.30924, 15.05, -0.5],
			"to": [9.69076, 16.05, 1.5],
			"rotation": {"angle": 22.5, "axis": "y", "origin": [8, 15.55, 8]},
			"faces": {
				"north": {"uv": [6.15625, 11.625, 8.1875, 12.40625], "texture": "#0"},
				"east": {"uv": [0, 0, 1, 1], "texture": "#missing"},
				"south": {"uv": [0, 0, 1, 1], "texture": "#missing"},
				"west": {"uv": [0, 0, 1, 1], "texture": "#missing"},
				"up": {"uv": [8.0625, 11.65625, 10.09375, 12.4375], "texture": "#0"},
				"down": {"uv": [8.0625, 11.65625, 10.09375, 12.4375], "texture": "#0"}
			}
		},
		{
			"from": [6.30924, 15.05, -0.5],
			"to": [9.69076, 16.05, 1.5],
			"rotation": {"angle": 45, "axis": "y", "origin": [8, 15.55, 8]},
			"faces": {
				"north": {"uv": [8.125, 11.65625, 10.15625, 12.4375], "texture": "#0"},
				"east": {"uv": [0, 0, 1, 1], "texture": "#missing"},
				"south": {"uv": [0, 0, 1, 1], "texture": "#missing"},
				"west": {"uv": [0, 0, 1, 1], "texture": "#missing"},
				"up": {"uv": [8.0625, 11.65625, 10.09375, 12.4375], "texture": "#0"},
				"down": {"uv": [8.0625, 11.65625, 10.09375, 12.4375], "texture": "#0"}
			}
		},
		{
			"from": [-0.5, 15.05, 6.30924],
			"to": [1.5, 16.05, 9.69076],
			"rotation": {"angle": -22.5, "axis": "y", "origin": [8, 15.55, 8]},
			"faces": {
				"north": {"uv": [0, 0, 1, 1], "texture": "#missing"},
				"east": {"uv": [0, 0, 1, 1], "texture": "#missing"},
				"south": {"uv": [0, 0, 1, 1], "texture": "#missing"},
				"west": {"uv": [10.0625, 11.625, 12.09375, 12.40625], "texture": "#0"},
				"up": {"uv": [8.0625, 11.65625, 10.09375, 12.4375], "texture": "#0"},
				"down": {"uv": [8.0625, 11.65625, 10.09375, 12.4375], "texture": "#0"}
			}
		},
		{
			"from": [-0.5, 15.05, 6.30924],
			"to": [1.5, 16.05, 9.69076],
			"rotation": {"angle": 0, "axis": "y", "origin": [8, 15.55, 8]},
			"faces": {
				"north": {"uv": [0, 0, 1, 1], "texture": "#missing"},
				"east": {"uv": [0, 0, 1, 1], "texture": "#missing"},
				"south": {"uv": [0, 0, 1, 1], "texture": "#missing"},
				"west": {"uv": [11.96875, 11.625, 14, 12.40625], "texture": "#0"},
				"up": {"uv": [8.0625, 11.65625, 10.09375, 12.4375], "texture": "#0"},
				"down": {"uv": [8.0625, 11.65625, 10.09375, 12.4375], "texture": "#0"}
			}
		},
		{
			"from": [-0.5, 15.05, 6.30924],
			"to": [1.5, 16.05, 9.69076],
			"rotation": {"angle": 22.5, "axis": "y", "origin": [8, 15.55, 8]},
			"faces": {
				"north": {"uv": [0, 0, 1, 1], "texture": "#missing"},
				"east": {"uv": [0, 0, 1, 1], "texture": "#missing"},
				"south": {"uv": [0, 0, 1, 1], "texture": "#missing"},
				"west": {"uv": [13.96875, 11.65625, 16, 12.4375], "texture": "#0"},
				"up": {"uv": [8.0625, 11.65625, 10.09375, 12.4375], "texture": "#0"},
				"down": {"uv": [8.0625, 11.65625, 10.09375, 12.4375], "texture": "#0"}
			}
		},
		{
			"from": [6.30924, 15.05, -0.5],
			"to": [9.69076, 16.05, 1.5],
			"rotation": {"angle": -45, "axis": "y", "origin": [8, 15.55, 8]},
			"faces": {
				"north": {"uv": [0, 11.625, 2.03125, 12.40625], "texture": "#0"},
				"east": {"uv": [0, 0, 1, 1], "texture": "#missing"},
				"south": {"uv": [0, 0, 1, 1], "texture": "#missing"},
				"west": {"uv": [0, 0, 1, 1], "texture": "#missing"},
				"up": {"uv": [8.0625, 11.65625, 10.09375, 12.4375], "texture": "#0"},
				"down": {"uv": [8.0625, 11.65625, 10.09375, 12.4375], "texture": "#0"}
			}
		},
		{
			"from": [6.30924, 15.05, -0.5],
			"to": [9.69076, 16.05, 1.5],
			"rotation": {"angle": -22.5, "axis": "y", "origin": [8, 15.55, 8]},
			"faces": {
				"north": {"uv": [2.125, 11.625, 4.15625, 12.40625], "texture": "#0"},
				"east": {"uv": [0, 0, 1, 1], "texture": "#missing"},
				"south": {"uv": [0, 0, 1, 1], "texture": "#missing"},
				"west": {"uv": [0, 0, 1, 1], "texture": "#missing"},
				"up": {"uv": [8.0625, 11.65625, 10.09375, 12.4375], "texture": "#0"},
				"down": {"uv": [8.0625, 11.65625, 10.09375, 12.4375], "texture": "#0"}
			}
		},
		{
			"from": [6.30924, 15.05, -0.5],
			"to": [9.69076, 16.05, 1.5],
			"rotation": {"angle": 0, "axis": "y", "origin": [8, 15.55, 8]},
			"faces": {
				"north": {"uv": [4.09375, 11.625, 6.125, 12.40625], "texture": "#0"},
				"east": {"uv": [0, 0, 1, 1], "texture": "#missing"},
				"south": {"uv": [0, 0, 1, 1], "texture": "#missing"},
				"west": {"uv": [0, 0, 1, 1], "texture": "#missing"},
				"up": {"uv": [8.0625, 11.65625, 10.09375, 12.4375], "texture": "#0"},
				"down": {"uv": [8.0625, 11.65625, 10.09375, 12.4375], "texture": "#0"}
			}
		},
		{
			"from": [6.30924, 15.05, 14.5],
			"to": [9.69076, 16.05, 16.5],
			"rotation": {"angle": 22.5, "axis": "y", "origin": [8, 15.55, 8]},
			"faces": {
				"north": {"uv": [0, 0, 1, 1], "texture": "#missing"},
				"east": {"uv": [0, 0, 1, 1], "texture": "#missing"},
				"south": {"uv": [0, 11.6875, 2.03125, 12.46875], "texture": "#0"},
				"west": {"uv": [0, 0, 1, 1], "texture": "#missing"},
				"up": {"uv": [8.0625, 11.65625, 10.09375, 12.4375], "texture": "#0"},
				"down": {"uv": [8.0625, 11.65625, 10.09375, 12.4375], "texture": "#0"}
			}
		},
		{
			"from": [14.5, 15.05, 6.30924],
			"to": [16.5, 16.05, 9.69076],
			"rotation": {"angle": -45, "axis": "y", "origin": [8, 15.55, 8]},
			"faces": {
				"north": {"uv": [0, 0, 1, 1], "texture": "#missing"},
				"east": {"uv": [2, 11.6875, 4.03125, 12.46875], "texture": "#0"},
				"south": {"uv": [0, 0, 1, 1], "texture": "#missing"},
				"west": {"uv": [0, 0, 1, 1], "texture": "#missing"},
				"up": {"uv": [8.0625, 11.65625, 10.09375, 12.4375], "texture": "#0"},
				"down": {"uv": [8.0625, 11.65625, 10.09375, 12.4375], "texture": "#0"}
			}
		},
		{
			"from": [14.5, 15.05, 6.30924],
			"to": [16.5, 16.05, 9.69076],
			"rotation": {"angle": -22.5, "axis": "y", "origin": [8, 15.55, 8]},
			"faces": {
				"north": {"uv": [0, 0, 1, 1], "texture": "#missing"},
				"east": {"uv": [4.125, 11.6875, 6.15625, 12.46875], "texture": "#0"},
				"south": {"uv": [0, 0, 1, 1], "texture": "#missing"},
				"west": {"uv": [0, 0, 1, 1], "texture": "#missing"},
				"up": {"uv": [8.0625, 11.65625, 10.09375, 12.4375], "texture": "#0"},
				"down": {"uv": [8.0625, 11.65625, 10.09375, 12.4375], "texture": "#0"}
			}
		},
		{
			"from": [14.5, 15.05, 6.30924],
			"to": [16.5, 16.05, 9.69076],
			"rotation": {"angle": 0, "axis": "y", "origin": [8, 15.55, 8]},
			"faces": {
				"north": {"uv": [0, 0, 1, 1], "texture": "#missing"},
				"east": {"uv": [6.125, 11.65625, 8.15625, 12.4375], "texture": "#0"},
				"south": {"uv": [0, 0, 1, 1], "texture": "#missing"},
				"west": {"uv": [0, 0, 1, 1], "texture": "#missing"},
				"up": {"uv": [8.0625, 11.65625, 10.09375, 12.4375], "texture": "#0"},
				"down": {"uv": [8.0625, 11.65625, 10.09375, 12.4375], "texture": "#0"}
			}
		},
		{
			"from": [14.5, 15.05, 6.30924],
			"to": [16.5, 16.05, 9.69076],
			"rotation": {"angle": 22.5, "axis": "y", "origin": [8, 15.55, 8]},
			"faces": {
				"north": {"uv": [0, 0, 1, 1], "texture": "#missing"},
				"east": {"uv": [8.0625, 11.65625, 10.09375, 12.4375], "texture": "#0"},
				"south": {"uv": [0, 0, 1, 1], "texture": "#missing"},
				"west": {"uv": [0, 0, 1, 1], "texture": "#missing"},
				"up": {"uv": [8.0625, 11.65625, 10.09375, 12.4375], "texture": "#0"},
				"down": {"uv": [8.0625, 11.65625, 10.09375, 12.4375], "texture": "#0"}
			}
		},
		{
			"from": [6.30924, 3.45, 14.5],
			"to": [9.69076, 4.45, 16.5],
			"rotation": {"angle": -45, "axis": "y", "origin": [8, 3.95, 8]},
			"faces": {
				"north": {"uv": [0, 0, 1, 1], "texture": "#missing"},
				"east": {"uv": [0, 0, 1, 1], "texture": "#missing"},
				"south": {"uv": [11.96875, 11.625, 14, 12.40625], "texture": "#0"},
				"west": {"uv": [0, 0, 1, 1], "texture": "#missing"},
				"up": {"uv": [8.0625, 11.65625, 10.09375, 12.4375], "texture": "#0"},
				"down": {"uv": [8.0625, 11.65625, 10.09375, 12.4375], "texture": "#0"}
			}
		},
		{
			"from": [6.30924, 3.45, 14.5],
			"to": [9.69076, 4.45, 16.5],
			"rotation": {"angle": -22.5, "axis": "y", "origin": [8, 3.95, 8]},
			"faces": {
				"north": {"uv": [0, 0, 1, 1], "texture": "#missing"},
				"east": {"uv": [0, 0, 1, 1], "texture": "#missing"},
				"south": {"uv": [11.96875, 11.625, 14, 12.40625], "texture": "#0"},
				"west": {"uv": [0, 0, 1, 1], "texture": "#missing"},
				"up": {"uv": [8.0625, 11.65625, 10.09375, 12.4375], "texture": "#0"},
				"down": {"uv": [8.0625, 11.65625, 10.09375, 12.4375], "texture": "#0"}
			}
		},
		{
			"from": [6.30924, 3.45, 14.5],
			"to": [9.69076, 4.45, 16.5],
			"rotation": {"angle": 0, "axis": "y", "origin": [8, 3.95, 8]},
			"faces": {
				"north": {"uv": [0, 0, 1, 1], "texture": "#missing"},
				"east": {"uv": [0, 0, 1, 1], "texture": "#missing"},
				"south": {"uv": [13.96875, 11.625, 16, 12.40625], "texture": "#0"},
				"west": {"uv": [0, 0, 1, 1], "texture": "#missing"},
				"up": {"uv": [8.0625, 11.65625, 10.09375, 12.4375], "texture": "#0"},
				"down": {"uv": [8.0625, 11.65625, 10.09375, 12.4375], "texture": "#0"}
			}
		},
		{
			"from": [6.30924, 3.45, -0.5],
			"to": [9.69076, 4.45, 1.5],
			"rotation": {"angle": 22.5, "axis": "y", "origin": [8, 3.95, 8]},
			"faces": {
				"north": {"uv": [6.15625, 11.625, 8.1875, 12.40625], "texture": "#0"},
				"east": {"uv": [0, 0, 1, 1], "texture": "#missing"},
				"south": {"uv": [0, 0, 1, 1], "texture": "#missing"},
				"west": {"uv": [0, 0, 1, 1], "texture": "#missing"},
				"up": {"uv": [8.0625, 11.65625, 10.09375, 12.4375], "texture": "#0"},
				"down": {"uv": [8.0625, 11.65625, 10.09375, 12.4375], "texture": "#0"}
			}
		},
		{
			"from": [6.30924, 3.45, -0.5],
			"to": [9.69076, 4.45, 1.5],
			"rotation": {"angle": 45, "axis": "y", "origin": [8, 3.95, 8]},
			"faces": {
				"north": {"uv": [8.125, 11.65625, 10.15625, 12.4375], "texture": "#0"},
				"east": {"uv": [0, 0, 1, 1], "texture": "#missing"},
				"south": {"uv": [0, 0, 1, 1], "texture": "#missing"},
				"west": {"uv": [0, 0, 1, 1], "texture": "#missing"},
				"up": {"uv": [8.0625, 11.65625, 10.09375, 12.4375], "texture": "#0"},
				"down": {"uv": [8.0625, 11.65625, 10.09375, 12.4375], "texture": "#0"}
			}
		},
		{
			"from": [-0.5, 3.45, 6.30924],
			"to": [1.5, 4.45, 9.69076],
			"rotation": {"angle": -22.5, "axis": "y", "origin": [8, 3.95, 8]},
			"faces": {
				"north": {"uv": [0, 0, 1, 1], "texture": "#missing"},
				"east": {"uv": [0, 0, 1, 1], "texture": "#missing"},
				"south": {"uv": [0, 0, 1, 1], "texture": "#missing"},
				"west": {"uv": [10.0625, 11.625, 12.09375, 12.40625], "texture": "#0"},
				"up": {"uv": [8.0625, 11.65625, 10.09375, 12.4375], "texture": "#0"},
				"down": {"uv": [8.0625, 11.65625, 10.09375, 12.4375], "texture": "#0"}
			}
		},
		{
			"from": [-0.5, 3.45, 6.30924],
			"to": [1.5, 4.45, 9.69076],
			"rotation": {"angle": 0, "axis": "y", "origin": [8, 3.95, 8]},
			"faces": {
				"north": {"uv": [0, 0, 1, 1], "texture": "#missing"},
				"east": {"uv": [0, 0, 1, 1], "texture": "#missing"},
				"south": {"uv": [0, 0, 1, 1], "texture": "#missing"},
				"west": {"uv": [11.96875, 11.625, 14, 12.40625], "texture": "#0"},
				"up": {"uv": [8.0625, 11.65625, 10.09375, 12.4375], "texture": "#0"},
				"down": {"uv": [8.0625, 11.65625, 10.09375, 12.4375], "texture": "#0"}
			}
		},
		{
			"from": [-0.5, 3.45, 6.30924],
			"to": [1.5, 4.45, 9.69076],
			"rotation": {"angle": 22.5, "axis": "y", "origin": [8, 3.95, 8]},
			"faces": {
				"north": {"uv": [0, 0, 1, 1], "texture": "#missing"},
				"east": {"uv": [0, 0, 1, 1], "texture": "#missing"},
				"south": {"uv": [0, 0, 1, 1], "texture": "#missing"},
				"west": {"uv": [13.96875, 11.65625, 16, 12.4375], "texture": "#0"},
				"up": {"uv": [8.0625, 11.65625, 10.09375, 12.4375], "texture": "#0"},
				"down": {"uv": [8.0625, 11.65625, 10.09375, 12.4375], "texture": "#0"}
			}
		},
		{
			"from": [6.30924, 3.45, -0.5],
			"to": [9.69076, 4.45, 1.5],
			"rotation": {"angle": -45, "axis": "y", "origin": [8, 3.95, 8]},
			"faces": {
				"north": {"uv": [0, 11.625, 2.03125, 12.40625], "texture": "#0"},
				"east": {"uv": [0, 0, 1, 1], "texture": "#missing"},
				"south": {"uv": [0, 0, 1, 1], "texture": "#missing"},
				"west": {"uv": [0, 0, 1, 1], "texture": "#missing"},
				"up": {"uv": [8.0625, 11.65625, 10.09375, 12.4375], "texture": "#0"},
				"down": {"uv": [8.0625, 11.65625, 10.09375, 12.4375], "texture": "#0"}
			}
		},
		{
			"from": [6.30924, 3.45, -0.5],
			"to": [9.69076, 4.45, 1.5],
			"rotation": {"angle": -22.5, "axis": "y", "origin": [8, 3.95, 8]},
			"faces": {
				"north": {"uv": [2.125, 11.625, 4.15625, 12.40625], "texture": "#0"},
				"east": {"uv": [0, 0, 1, 1], "texture": "#missing"},
				"south": {"uv": [0, 0, 1, 1], "texture": "#missing"},
				"west": {"uv": [0, 0, 1, 1], "texture": "#missing"},
				"up": {"uv": [8.0625, 11.65625, 10.09375, 12.4375], "texture": "#0"},
				"down": {"uv": [8.0625, 11.65625, 10.09375, 12.4375], "texture": "#0"}
			}
		},
		{
			"from": [6.30924, 3.45, -0.5],
			"to": [9.69076, 4.45, 1.5],
			"rotation": {"angle": 0, "axis": "y", "origin": [8, 3.95, 8]},
			"faces": {
				"north": {"uv": [4.09375, 11.625, 6.125, 12.40625], "texture": "#0"},
				"east": {"uv": [0, 0, 1, 1], "texture": "#missing"},
				"south": {"uv": [0, 0, 1, 1], "texture": "#missing"},
				"west": {"uv": [0, 0, 1, 1], "texture": "#missing"},
				"up": {"uv": [8.0625, 11.65625, 10.09375, 12.4375], "texture": "#0"},
				"down": {"uv": [8.0625, 11.65625, 10.09375, 12.4375], "texture": "#0"}
			}
		},
		{
			"from": [6.30924, 3.45, 14.5],
			"to": [9.69076, 4.45, 16.5],
			"rotation": {"angle": 22.5, "axis": "y", "origin": [8, 3.95, 8]},
			"faces": {
				"north": {"uv": [0, 0, 1, 1], "texture": "#missing"},
				"east": {"uv": [0, 0, 1, 1], "texture": "#missing"},
				"south": {"uv": [0, 11.6875, 2.03125, 12.46875], "texture": "#0"},
				"west": {"uv": [0, 0, 1, 1], "texture": "#missing"},
				"up": {"uv": [8.0625, 11.65625, 10.09375, 12.4375], "texture": "#0"},
				"down": {"uv": [8.0625, 11.65625, 10.09375, 12.4375], "texture": "#0"}
			}
		},
		{
			"from": [14.5, 3.45, 6.30924],
			"to": [16.5, 4.45, 9.69076],
			"rotation": {"angle": -45, "axis": "y", "origin": [8, 3.95, 8]},
			"faces": {
				"north": {"uv": [0, 0, 1, 1], "texture": "#missing"},
				"east": {"uv": [2, 11.6875, 4.03125, 12.46875], "texture": "#0"},
				"south": {"uv": [0, 0, 1, 1], "texture": "#missing"},
				"west": {"uv": [0, 0, 1, 1], "texture": "#missing"},
				"up": {"uv": [8.0625, 11.65625, 10.09375, 12.4375], "texture": "#0"},
				"down": {"uv": [8.0625, 11.65625, 10.09375, 12.4375], "texture": "#0"}
			}
		},
		{
			"from": [14.5, 3.45, 6.30924],
			"to": [16.5, 4.45, 9.69076],
			"rotation": {"angle": -22.5, "axis": "y", "origin": [8, 3.95, 8]},
			"faces": {
				"north": {"uv": [0, 0, 1, 1], "texture": "#missing"},
				"east": {"uv": [4.125, 11.6875, 6.15625, 12.46875], "texture": "#0"},
				"south": {"uv": [0, 0, 1, 1], "texture": "#missing"},
				"west": {"uv": [0, 0, 1, 1], "texture": "#missing"},
				"up": {"uv": [8.0625, 11.65625, 10.09375, 12.4375], "texture": "#0"},
				"down": {"uv": [8.0625, 11.65625, 10.09375, 12.4375], "texture": "#0"}
			}
		},
		{
			"from": [14.5, 3.45, 6.30924],
			"to": [16.5, 4.45, 9.69076],
			"rotation": {"angle": 0, "axis": "y", "origin": [8, 3.95, 8]},
			"faces": {
				"north": {"uv": [0, 0, 1, 1], "texture": "#missing"},
				"east": {"uv": [6.125, 11.65625, 8.15625, 12.4375], "texture": "#0"},
				"south": {"uv": [0, 0, 1, 1], "texture": "#missing"},
				"west": {"uv": [0, 0, 1, 1], "texture": "#missing"},
				"up": {"uv": [8.0625, 11.65625, 10.09375, 12.4375], "texture": "#0"},
				"down": {"uv": [8.0625, 11.65625, 10.09375, 12.4375], "texture": "#0"}
			}
		},
		{
			"from": [14.5, 3.45, 6.30924],
			"to": [16.5, 4.45, 9.69076],
			"rotation": {"angle": 22.5, "axis": "y", "origin": [8, 3.95, 8]},
			"faces": {
				"north": {"uv": [0, 0, 1, 1], "texture": "#missing"},
				"east": {"uv": [8.0625, 11.65625, 10.09375, 12.4375], "texture": "#0"},
				"south": {"uv": [0, 0, 1, 1], "texture": "#missing"},
				"west": {"uv": [0, 0, 1, 1], "texture": "#missing"},
				"up": {"uv": [8.0625, 11.65625, 10.09375, 12.4375], "texture": "#0"},
				"down": {"uv": [8.0625, 11.65625, 10.09375, 12.4375], "texture": "#0"}
			}
		}
	],
	"display": {
		"thirdperson_righthand": {
			"translation": [0, 0, -0.25],
			"scale": [0.3, 0.3, 0.3]
		},
		"thirdperson_lefthand": {
			"translation": [0, 0, -0.25],
			"scale": [0.3, 0.3, 0.3]
		},
		"firstperson_righthand": {
			"translation": [0, 0, -0.25],
			"scale": [0.3, 0.3, 0.3]
		},
		"firstperson_lefthand": {
			"translation": [0, 0, -0.25],
			"scale": [0.3, 0.3, 0.3]
		},
		"ground": {
			"translation": [0, 0, -0.25],
			"scale": [0.3, 0.3, 0.3]
		},
		"gui": {
			"rotation": [45, 0, 0],
			"translation": [0, -0.75, 0],
			"scale": [0.625, 0.625, 0.625]
		},
		"head": {
			"translation": [0, 2.25, -0.25],
			"scale": [1.2, 1.2, 1.2]
		},
		"fixed": {
			"translation": [0, 0, -0.25],
			"scale": [0.4, 0.4, 0.4]
		}
	},
	"groups": [
		{
			"name": "group",
			"origin": [8, 8, 8],
			"color": 0,
			"children": [0, 1, 2, 3, 4, 5, 6, 7, 8, 9, 10, 11, 12, 13, 14, 15]
		},
		{
			"name": "group",
			"origin": [8, 8, 8],
			"color": 0,
			"children": [16, 17, 18, 19, 20, 21, 22, 23, 24, 25, 26, 27, 28, 29, 30, 31]
		},
		{
			"name": "group",
			"origin": [8, 8, 8],
			"color": 0,
			"children": [32, 33, 34, 35, 36, 37, 38, 39, 40, 41, 42, 43, 44, 45, 46, 47]
		},
		48,
		49,
		50,
		{
			"name": "group",
			"origin": [8, 8, 8],
			"color": 0,
			"children": [51, 52, 53, 54, 55, 56, 57, 58, 59, 60, 61, 62, 63, 64, 65, 66]
		},
		{
			"name": "group",
			"origin": [8, 8, 8],
			"color": 0,
			"children": [67, 68, 69, 70, 71, 72, 73, 74, 75, 76, 77, 78, 79, 80, 81, 82]
		}
	]
}