{
	"credit": "Made with Blockbench",
	"parent": "basket_of_goods",
	"textures": {
		"0": "prism:block/rope",
		"1": "prism:block/apple",
		"2": "prism:block/thatch_roof",
		"3": "prism:block/thatch_roof_side_r",
		"5": "prism:block/wooden_floor",
		"particle": "prism:block/rope"
	},
	"elements": [
		{
			"name": "food",
			"from": [0, 9.75, 3],
			"to": [16, 9.75, 19],
			"rotation": {"angle": -45, "axis": "x", "origin": [8, 3.625, 8]},
			"faces": {
				"north": {"uv": [0, 0, 0, 16], "rotation": 90, "texture": "#1"},
				"east": {"uv": [0, 0, 0, 16], "rotation": 90, "texture": "#1"},
				"south": {"uv": [0, 0, 0, 16], "rotation": 90, "texture": "#1"},
				"west": {"uv": [0, 0, 0, 16], "rotation": 90, "texture": "#1"},
				"up": {"uv": [0, 0, 16, 16], "rotation": 90, "texture": "#1"},
				"down": {"uv": [0, 0, 16, 16], "rotation": 90, "texture": "#1"}
			}
		},
		{
			"from": [15, 6, 3],
			"to": [15.5, 9, 19],
			"rotation": {"angle": -45, "axis": "x", "origin": [8, 3.625, 8]},
			"faces": {
				"north": {"uv": [0, 0, 1, 3], "texture": "#0"},
				"east": {"uv": [0, 0, 16, 3], "texture": "#0"},
				"south": {"uv": [0, 0, 1, 3], "texture": "#0"},
				"west": {"uv": [0, 0, 16, 3], "texture": "#0"},
				"up": {"uv": [0, 0, 1, 16], "texture": "#0"},
				"down": {"uv": [0, 0, 1, 16], "texture": "#0"}
			}
		},
		{
			"from": [0.5, 6, 3],
			"to": [1, 9, 19],
			"rotation": {"angle": -45, "axis": "x", "origin": [8, 3.625, 8]},
			"faces": {
				"north": {"uv": [0, 0, 1, 3], "texture": "#0"},
				"east": {"uv": [0, 0, 16, 3], "texture": "#0"},
				"south": {"uv": [0, 0, 1, 3], "texture": "#0"},
				"west": {"uv": [0, 0, 16, 3], "texture": "#0"},
				"up": {"uv": [0, 0, 1, 16], "texture": "#0"},
				"down": {"uv": [0, 0, 1, 16], "texture": "#0"}
			}
		},
		{
			"from": [1, 6, 3],
			"to": [15, 9, 4],
			"rotation": {"angle": -45, "axis": "x", "origin": [8, 3.625, 8]},
			"faces": {
				"north": {"uv": [0, 0, 14, 3], "texture": "#0"},
				"east": {"uv": [0, 0, 1, 3], "texture": "#0"},
				"south": {"uv": [0, 0, 14, 3], "texture": "#0"},
				"west": {"uv": [0, 0, 1, 3], "texture": "#0"},
				"up": {"uv": [0, 0, 1, 14], "rotation": 90, "texture": "#0"},
				"down": {"uv": [0, 0, 1, 14], "rotation": 270, "texture": "#0"}
			}
		},
		{
			"from": [0, 9.40057, -2.03293],
			"to": [16, 10.40057, -1.03293],
			"rotation": {"angle": -45, "axis": "x", "origin": [8, 9.90057, 5.96707]},
			"faces": {
				"north": {"uv": [0, 0, 16, 1], "texture": "#5"},
				"east": {"uv": [0, 0, 1, 1], "texture": "#5"},
				"south": {"uv": [0, 0, 16, 1], "texture": "#5"},
				"west": {"uv": [0, 0, 1, 1], "texture": "#5"},
				"up": {"uv": [0, 0, 1, 16], "rotation": 90, "texture": "#5"},
				"down": {"uv": [0, 0, 1, 16], "rotation": 270, "texture": "#5"}
			}
		},
		{
			"from": [0, 9.40057, 12.96707],
			"to": [16, 10.40057, 13.96707],
			"rotation": {"angle": -45, "axis": "x", "origin": [8, 9.90057, 5.96707]},
			"faces": {
				"north": {"uv": [0, 0, 16, 1], "texture": "#5"},
				"east": {"uv": [0, 0, 1, 1], "texture": "#5"},
				"south": {"uv": [0, 0, 16, 1], "texture": "#5"},
				"west": {"uv": [0, 0, 1, 1], "texture": "#5"},
				"up": {"uv": [0, 0, 1, 16], "rotation": 90, "texture": "#5"},
				"down": {"uv": [0, 0, 1, 16], "rotation": 270, "texture": "#5"}
			}
		},
		{
			"from": [15, 9.40057, -1.03293],
			"to": [16, 10.40057, 12.96707],
			"rotation": {"angle": -45, "axis": "x", "origin": [8, 9.90057, 5.96707]},
			"faces": {
				"north": {"uv": [0, 0, 1, 1], "texture": "#5"},
				"east": {"uv": [0, 0, 14, 1], "texture": "#5"},
				"south": {"uv": [0, 0, 1, 1], "texture": "#5"},
				"west": {"uv": [0, 0, 14, 1], "texture": "#5"},
				"up": {"uv": [0, 0, 1, 14], "rotation": 180, "texture": "#5"},
				"down": {"uv": [0, 0, 1, 14], "rotation": 180, "texture": "#5"}
			}
		},
		{
			"from": [0, 9.40057, -1.03293],
			"to": [1, 10.40057, 12.96707],
			"rotation": {"angle": -45, "axis": "x", "origin": [8, 9.90057, 5.96707]},
			"faces": {
				"north": {"uv": [0, 0, 1, 1], "texture": "#5"},
				"east": {"uv": [0, 0, 14, 1], "texture": "#5"},
				"south": {"uv": [0, 0, 1, 1], "texture": "#5"},
				"west": {"uv": [0, 0, 14, 1], "texture": "#5"},
				"up": {"uv": [0, 0, 1, 14], "rotation": 180, "texture": "#5"},
				"down": {"uv": [0, 0, 1, 14], "rotation": 180, "texture": "#5"}
			}
		},
		{
			"from": [1, 6, 18],
			"to": [15, 9, 19],
			"rotation": {"angle": -45, "axis": "x", "origin": [8, 3.625, 8]},
			"faces": {
				"north": {"uv": [0, 0, 14, 3], "texture": "#0"},
				"east": {"uv": [0, 0, 1, 3], "texture": "#0"},
				"south": {"uv": [0, 0, 14, 3], "texture": "#0"},
				"west": {"uv": [0, 0, 1, 3], "texture": "#0"},
				"up": {"uv": [0, 0, 1, 14], "rotation": 90, "texture": "#0"},
				"down": {"uv": [0, 0, 1, 14], "rotation": 270, "texture": "#0"}
			}
		},
		{
			"from": [0.5, 3, 4],
			"to": [15.5, 6, 19],
			"rotation": {"angle": -45, "axis": "x", "origin": [8, 3.625, 8]},
			"faces": {
				"north": {"uv": [0, 0, 16, 3], "texture": "#0"},
				"east": {"uv": [0, 0, 15, 3], "texture": "#0"},
				"south": {"uv": [0, 0, 16, 3], "texture": "#0"},
				"west": {"uv": [0, 0, 15, 3], "texture": "#0"},
				"up": {"uv": [0, 0, 16, 16], "texture": "#0"},
				"down": {"uv": [0, 0, 16, 16], "texture": "#0"}
			}
		},
		{
			"from": [0.25, 0, 0.5],
			"to": [15.75, 3.75, 16],
			"faces": {
				"north": {"uv": [0, 0, 15.5, 3.75], "texture": "#5"},
				"east": {"uv": [0, 0, 15.5, 3.75], "texture": "#5"},
				"south": {"uv": [0, 0, 15.5, 3.75], "texture": "#5"},
				"west": {"uv": [0, 0, 15.5, 3.75], "texture": "#5"},
				"up": {"uv": [0, 0, 15.5, 15.5], "texture": "#5"},
				"down": {"uv": [0, 0, 15.5, 15.5], "texture": "#5"}
			}
		},
		{
			"from": [0.25, 3.75, 8.5],
			"to": [15.75, 10.75, 16],
			"faces": {
				"north": {"uv": [0, 0, 15.5, 7], "texture": "#5"},
				"east": {"uv": [0, 0, 7.5, 7], "texture": "#5"},
				"south": {"uv": [0, 0, 15.5, 7], "texture": "#5"},
				"west": {"uv": [0, 0, 7.5, 7], "texture": "#5"},
				"up": {"uv": [0, 0, 15.5, 7.5], "texture": "#5"},
				"down": {"uv": [0, 0, 15.5, 7.5], "texture": "#5"}
			}
		},
		{
			"from": [0.1, 1.75, -0.5],
			"to": [0.1, 19.75, 11.5],
			"faces": {
				"north": {"uv": [0, 0, 0, 16], "texture": "#3"},
				"east": {"uv": [12, 0, 0, 16], "texture": "#3"},
				"south": {"uv": [0, 0, 0, 16], "texture": "#3"},
				"west": {"uv": [0, 0, 12, 16], "texture": "#3"},
				"up": {"uv": [0, 0, 0, 12], "texture": "#3"},
				"down": {"uv": [0, 0, 0, 12], "texture": "#3"}
			}
		},
		{
			"from": [15.975, 1.75, -0.5],
			"to": [15.975, 19.75, 11.5],
			"faces": {
				"north": {"uv": [0, 0, 0, 16], "texture": "#3"},
				"east": {"uv": [12, 0, 0, 16], "texture": "#3"},
				"south": {"uv": [0, 0, 0, 16], "texture": "#3"},
				"west": {"uv": [0, 0, 12, 16], "texture": "#3"},
				"up": {"uv": [0, 0, 0, 12], "texture": "#3"},
				"down": {"uv": [0, 0, 0, 12], "texture": "#3"}
			}
		},
		{
			"from": [0, 0.125, 0.05],
			"to": [16, 4.625, 0.05],
			"faces": {
				"north": {"uv": [0, 7.5, 16, 16], "texture": "#2"},
				"east": {"uv": [0, 0, 0, 4.5], "texture": "#2"},
				"south": {"uv": [0, 7.5, 16, 16], "texture": "#2"},
				"west": {"uv": [0, 0, 0, 4.5], "texture": "#2"},
				"up": {"uv": [0, 0, 16, 0], "texture": "#2"},
				"down": {"uv": [0, 7.5, 16, 16], "texture": "#2"}
			}
		}
	]
}