{
	"credit": "Made with Blockbench",
	"parent": "minecraft:block/door_top_right",
	"textures": {
		"1": "prism:block/tree/leaves"
	},
	"elements": [
		{
			"from": [2.05, 2.075, -15],
			"to": [24.05, 2.075, 7],
			"rotation": {"angle": 45, "axis": "z", "origin": [0, 0, 1]},
			"faces": {
				"up": {"uv": [9.14063, 2.59375, 13.14063, 6.59375], "texture": "#1"},
				"down": {"uv": [9.14063, 2.59375, 13.14063, 6.59375], "texture": "#1"}
			}
		},
		{
			"from": [-10.675, 7.55, -14.975],
			"to": [11.325, 7.55, 7.025],
			"rotation": {"angle": 22.5, "axis": "z", "origin": [0, 0, 1]},
			"faces": {
				"up": {"uv": [0.13282, 11.95625, 4.43282, 7.65625], "texture": "#1"},
				"down": {"uv": [0.13282, 7.65625, 4.43282, 11.95625], "texture": "#1"}
			}
		},
		{
			"from": [7.975, 10.675, -4.9],
			"to": [23.775, 10.675, 10.9],
			"rotation": {"angle": 0, "axis": "z", "origin": [0, 0, 1]},
			"faces": {
				"up": {"uv": [0.13282, 7.65625, 4.43282, 11.95625], "rotation": 180, "texture": "#1"},
				"down": {"uv": [0.13282, 11.95625, 4.43282, 7.65625], "rotation": 180, "texture": "#1"}
			}
		},
		{
			"from": [-6.55, 11.05, -15],
			"to": [16.7, 11.05, 4.55],
			"rotation": {"angle": -22.5, "axis": "y", "origin": [0, 0, 1]},
			"faces": {
				"up": {"uv": [0, 0, 4.3, 4.3], "texture": "#1"},
				"down": {"uv": [0, 0, 4.3, 4.3], "texture": "#1"}
			}
		},
		{
			"from": [14.975, 9.9, -8.125],
			"to": [14.975, 31.9, 13.875],
			"rotation": {"angle": 45, "axis": "z", "origin": [18.725, 5.25, 7.875]},
			"faces": {
				"east": {"uv": [9.14063, 2.59375, 13.14063, 6.59375], "rotation": 270, "texture": "#1"},
				"west": {"uv": [9.14063, 2.59375, 13.14063, 6.59375], "rotation": 270, "texture": "#1"}
			}
		},
		{
			"from": [11.175, -5.425, -8.1],
			"to": [11.175, 16.575, 13.9],
			"rotation": {"angle": 22.5, "axis": "z", "origin": [18.725, 5.25, 7.875]},
			"faces": {
				"east": {"uv": [0.17188, 7.70313, 4.47188, 12.00313], "rotation": 270, "texture": "#1"},
				"west": {"uv": [0.17188, 12.00313, 4.47188, 7.70313], "rotation": 270, "texture": "#1"}
			}
		},
		{
			"from": [8.05, 13.225, 1.975],
			"to": [8.05, 29.025, 17.775],
			"rotation": {"angle": 0, "axis": "z", "origin": [18.725, 5.25, 7.875]},
			"faces": {
				"east": {"uv": [0, 11.95625, 4.78438, 7.65625], "rotation": 90, "texture": "#1"},
				"west": {"uv": [0, 7.65625, 4.78438, 11.95625], "rotation": 90, "texture": "#1"}
			}
		},
		{
			"from": [-8.85, -5.65, 2.725],
			"to": [25, 28.2, 2.725],
			"rotation": {"angle": 0, "axis": "y", "origin": [18.725, 5.25, 7.875]},
			"faces": {
				"north": {"uv": [10.73438, 16, 15.03438, 11.7], "rotation": 90, "texture": "#1"},
				"south": {"uv": [10.73438, 16, 15.03438, 11.7], "rotation": 90, "texture": "#1"}
			}
		},
		{
			"from": [7.675, -1.3, -8.125],
			"to": [7.675, 21.95, 11.425],
			"rotation": {"angle": 22.5, "axis": "x", "origin": [18.725, 5.25, 7.875]},
			"faces": {
				"east": {"uv": [0, 0, 4.3, 4.3], "rotation": 270, "texture": "#1"},
				"west": {"uv": [0, 0, 4.3, 4.3], "rotation": 270, "texture": "#1"}
			}
		},
		{
			"from": [7.05, 16.15, -4],
			"to": [29.05, 16.15, 18],
			"rotation": {"angle": -45, "axis": "z", "origin": [5, 18.225, 12]},
			"faces": {
				"up": {"uv": [9.14063, 6.59375, 13.14063, 2.59375], "texture": "#1"},
				"down": {"uv": [9.14063, 6.59375, 13.14063, 2.59375], "texture": "#1"}
			}
		},
		{
			"from": [-4.8, 2.55, 1.325],
			"to": [17.2, 2.55, 23.325],
			"rotation": {"angle": 22.5, "axis": "x", "origin": [5, 18.225, 12]},
			"faces": {
				"up": {"uv": [0.48438, 11.95625, 4.78438, 7.65625], "rotation": 90, "texture": "#1"},
				"down": {"uv": [0.48438, 7.65625, 4.78438, 11.95625], "rotation": 270, "texture": "#1"}
			}
		},
		{
			"from": [12.975, 7.55, 6.1],
			"to": [28.775, 7.55, 21.9],
			"rotation": {"angle": 0, "axis": "z", "origin": [5, 18.225, 12]},
			"faces": {
				"up": {"uv": [0.14844, 7.65625, 4.44844, 11.95625], "rotation": 180, "texture": "#1"},
				"down": {"uv": [0.14844, 11.95625, 4.44844, 7.65625], "rotation": 180, "texture": "#1"}
			}
		},
		{
			"from": [1.45, 7.175, 5.45],
			"to": [21, 7.175, 28.7],
			"rotation": {"angle": -22.5, "axis": "y", "origin": [5, 18.225, 12]},
			"faces": {
				"up": {"uv": [0, 4.3, 4.3, 0], "rotation": 90, "texture": "#1"},
				"down": {"uv": [0, 4.3, 4.3, 0], "rotation": 270, "texture": "#1"}
			}
		},
		{
			"from": [-7.875, -13.675, 26.975],
			"to": [14.125, 8.325, 26.975],
			"rotation": {"angle": 45, "axis": "x", "origin": [-1.875, 12.975, 30.725]},
			"faces": {
				"north": {"uv": [13.14063, 2.59375, 9.14063, 6.59375], "rotation": 270, "texture": "#1"},
				"south": {"uv": [13.14063, 2.59375, 9.14063, 6.59375], "rotation": 270, "texture": "#1"}
			}
		},
		{
			"from": [13.05, -0.8, 2.05],
			"to": [13.05, 15, 17.85],
			"rotation": {"angle": -45, "axis": "x", "origin": [23.725, 12.975, 18.875]},
			"faces": {
				"east": {"uv": [4.47188, 12.02656, 0.17188, 7.72656], "rotation": 90, "texture": "#1"},
				"west": {"uv": [4.47188, 7.72656, 0.17188, 12.02656], "rotation": 90, "texture": "#1"}
			}
		},
		{
			"from": [-3.85, -9.975, 13.725],
			"to": [30, 23.875, 13.725],
			"rotation": {"angle": 0, "axis": "y", "origin": [23.725, 12.975, 18.875]},
			"faces": {
				"north": {"uv": [15.03438, 16, 10.73438, 11.7], "rotation": 90, "texture": "#1"},
				"south": {"uv": [15.03438, 16, 10.73438, 11.7], "rotation": 90, "texture": "#1"}
			}
		},
		{
			"from": [-5.425, -3.725, 19.675],
			"to": [14.125, 19.525, 19.675],
			"rotation": {"angle": -22.5, "axis": "z", "origin": [-1.875, 12.975, 30.725]},
			"faces": {
				"north": {"uv": [4.3, 0, 0, 4.3], "rotation": 270, "texture": "#1"},
				"south": {"uv": [4.3, 0, 0, 4.3], "rotation": 270, "texture": "#1"}
			}
		}
	],
	"display": {
		"thirdperson_righthand": {
			"rotation": [75, 45, 0],
			"translation": [0, 2.5, 0],
			"scale": [0.375, 0.375, 0.375]
		},
		"thirdperson_lefthand": {
			"rotation": [75, 45, 0],
			"translation": [0, 2.5, 0],
			"scale": [0.375, 0.375, 0.375]
		},
		"firstperson_righthand": {
			"rotation": [0, 45, 0],
			"scale": [0.4, 0.4, 0.4]
		},
		"firstperson_lefthand": {
			"rotation": [0, 225, 0],
			"scale": [0.4, 0.4, 0.4]
		},
		"ground": {
			"translation": [0, 3, 0],
			"scale": [0.25, 0.25, 0.25]
		},
		"gui": {
			"rotation": [30, 225, 0],
			"scale": [0.625, 0.625, 0.625]
		},
		"fixed": {
			"scale": [0.5, 0.5, 0.5]
		}
	}
}