{
	"credit": "Made with Blockbench",
	"parent": "minecraft:block/door_top_right",
	"textures": {
		"0": "prism:block/palm_log",
		"2": "prism:block/wood",
		"particle": "prism:block/palm_log"
	},
	"elements": [
		{
			"from": [4.975, -7.05257, 9.46187],
			"to": [9.925, 9.99743, 14.41187],
			"rotation": {"angle": -22.5, "axis": "x", "origin": [7.95, 1.47243, 11.93687]},
			"faces": {
				"north": {"uv": [4, 0, 7.95, 16], "rotation": 180, "texture": "#0"},
				"east": {"uv": [5, 0, 9.95, 16], "texture": "#0"},
				"south": {"uv": [9, 0, 12.95, 16], "texture": "#0"},
				"west": {"uv": [7, 0, 10.95, 16], "texture": "#0"},
				"up": {"uv": [10, 7, 13.95, 10.95], "rotation": 180, "texture": "#0"},
				"down": {"uv": [0, 0, 3.95, 3.95], "texture": "#0"}
			}
		},
		{
			"from": [4.575, -15.85053, 15.74069],
			"to": [10.525, 1.13939, 21.69069],
			"rotation": {"angle": -45, "axis": "x", "origin": [7.55, -7.35557, 22.21569]},
			"faces": {
				"north": {"uv": [4, 0, 9.95, 16], "rotation": 180, "texture": "#0"},
				"east": {"uv": [5, 0, 10.95, 16], "texture": "#0"},
				"south": {"uv": [9, 0, 14.95, 16], "texture": "#0"},
				"west": {"uv": [7, 0, 12.95, 16], "texture": "#0"},
				"up": {"uv": [9.05, 9.05, 15, 15], "rotation": 180, "texture": "#0"},
				"down": {"uv": [0, 0, 5.95, 5.95], "texture": "#0"}
			}
		},
		{
			"from": [4.075, -12.81666, 14.76008],
			"to": [11.025, -5.86666, 31.75],
			"rotation": {"angle": 45, "axis": "x", "origin": [7.05, -22.24351, 13.90791]},
			"faces": {
				"north": {"uv": [9.05, 9.05, 15, 15], "texture": "#0"},
				"east": {"uv": [5, 0, 10.95, 16], "rotation": 90, "texture": "#0"},
				"south": {"uv": [0, 0, 5.95, 5.95], "texture": "#0"},
				"west": {"uv": [7, 0, 12.95, 16], "rotation": 270, "texture": "#0"},
				"up": {"uv": [9, 0, 14.95, 16], "texture": "#0"},
				"down": {"uv": [4, 0, 9.95, 16], "texture": "#0"}
			}
		},
		{
			"from": [5.475, 8.31321, 0.56677],
			"to": [9.525, 12.36321, 10.56677],
			"rotation": {"angle": 22.5, "axis": "x", "origin": [7.5, 10.33821, 5.56677]},
			"faces": {
				"north": {"uv": [0, 0, 3.05, 3.05], "texture": "#0"},
				"east": {"uv": [11.95, 0, 16, 10], "rotation": 90, "texture": "#0"},
				"south": {"uv": [0, 0, 3.05, 3.05], "texture": "#0"},
				"west": {"uv": [4, 0, 7.05, 16], "rotation": 270, "texture": "#0"},
				"up": {"uv": [0, 0, 3.05, 16], "texture": "#0"},
				"down": {"uv": [7, 0, 10.05, 16], "texture": "#0"}
			}
		},
		{
			"from": [5.975, 14.64004, -8.17203],
			"to": [9.025, 17.69004, 1.82797],
			"rotation": {"angle": 45, "axis": "x", "origin": [7.5, 14.16504, -3.67203]},
			"faces": {
				"north": {"uv": [0, 0, 3.05, 3.05], "texture": "#0"},
				"east": {"uv": [12.95, 0, 16, 10], "rotation": 90, "texture": "#0"},
				"south": {"uv": [0, 0, 3.05, 3.05], "texture": "#0"},
				"west": {"uv": [4, 0, 7.05, 10], "rotation": 270, "texture": "#0"},
				"up": {"uv": [0, 0, 3.05, 10], "texture": "#0"},
				"down": {"uv": [7, 0, 10.05, 10], "texture": "#0"}
			}
		},
		{
			"from": [4, 16.5, -8],
			"to": [7, 19.5, -5],
			"faces": {
				"north": {"uv": [0, 0, 3, 3], "texture": "#2"},
				"east": {"uv": [0, 0, 3, 3], "texture": "#2"},
				"south": {"uv": [0, 0, 3, 3], "texture": "#2"},
				"west": {"uv": [0, 0, 3, 3], "texture": "#2"},
				"up": {"uv": [0, 0, 3, 3], "texture": "#2"},
				"down": {"uv": [0, 0, 3, 3], "texture": "#2"}
			}
		},
		{
			"from": [3.75, 16.75, -7.75],
			"to": [4, 19.25, -5.25],
			"faces": {
				"north": {"uv": [0, 0, 0.25, 2.5], "texture": "#2"},
				"east": {"uv": [0, 0, 2.5, 2.5], "texture": "#2"},
				"south": {"uv": [0, 0, 0.25, 2.5], "texture": "#2"},
				"west": {"uv": [0, 0, 2.5, 2.5], "texture": "#2"},
				"up": {"uv": [0, 0, 0.25, 2.5], "texture": "#2"},
				"down": {"uv": [0, 0, 0.25, 2.5], "texture": "#2"}
			}
		},
		{
			"from": [7, 16.75, -7.75],
			"to": [7.25, 19.25, -5.25],
			"faces": {
				"north": {"uv": [0, 0, 0.25, 2.5], "texture": "#2"},
				"east": {"uv": [0, 0, 2.5, 2.5], "texture": "#2"},
				"south": {"uv": [0, 0, 0.25, 2.5], "texture": "#2"},
				"west": {"uv": [0, 0, 2.5, 2.5], "texture": "#2"},
				"up": {"uv": [0, 0, 0.25, 2.5], "texture": "#2"},
				"down": {"uv": [0, 0, 0.25, 2.5], "texture": "#2"}
			}
		},
		{
			"from": [4.25, 16.75, -5],
			"to": [6.75, 19.25, -4.75],
			"rotation": {"angle": 0, "axis": "y", "origin": [-0.5, -3.5, 8.5]},
			"faces": {
				"north": {"uv": [0, 0, 2.5, 2.5], "texture": "#2"},
				"east": {"uv": [0, 0, 0.25, 2.5], "texture": "#2"},
				"south": {"uv": [0, 0, 2.5, 2.5], "texture": "#2"},
				"west": {"uv": [0, 0, 0.25, 2.5], "texture": "#2"},
				"up": {"uv": [0, 0, 0.25, 2.5], "rotation": 90, "texture": "#2"},
				"down": {"uv": [0, 0, 0.25, 2.5], "rotation": 270, "texture": "#2"}
			}
		},
		{
			"from": [4.25, 16.75, -8.25],
			"to": [6.75, 19.25, -8],
			"rotation": {"angle": 0, "axis": "y", "origin": [-0.5, -3.5, 8.5]},
			"faces": {
				"north": {"uv": [0, 0, 2.5, 2.5], "texture": "#2"},
				"east": {"uv": [0, 0, 0.25, 2.5], "texture": "#2"},
				"south": {"uv": [0, 0, 2.5, 2.5], "texture": "#2"},
				"west": {"uv": [0, 0, 0.25, 2.5], "texture": "#2"},
				"up": {"uv": [0, 0, 0.25, 2.5], "rotation": 90, "texture": "#2"},
				"down": {"uv": [0, 0, 0.25, 2.5], "rotation": 270, "texture": "#2"}
			}
		},
		{
			"from": [4.25, 16.25, -7.75],
			"to": [6.75, 16.5, -5.25],
			"rotation": {"angle": 0, "axis": "y", "origin": [-0.5, -3.5, 8.5]},
			"faces": {
				"north": {"uv": [0, 0, 0.25, 2.5], "rotation": 90, "texture": "#2"},
				"east": {"uv": [0, 0, 0.25, 2.5], "rotation": 270, "texture": "#2"},
				"south": {"uv": [0, 0, 0.25, 2.5], "rotation": 90, "texture": "#2"},
				"west": {"uv": [0, 0, 0.25, 2.5], "rotation": 90, "texture": "#2"},
				"up": {"uv": [0, 0, 2.5, 2.5], "rotation": 180, "texture": "#2"},
				"down": {"uv": [0, 0, 2.5, 2.5], "texture": "#2"}
			}
		},
		{
			"from": [4.25, 19.5, -7.75],
			"to": [6.75, 19.75, -5.25],
			"rotation": {"angle": 0, "axis": "y", "origin": [-0.5, -3.5, 8.5]},
			"faces": {
				"north": {"uv": [0, 0, 0.25, 2.5], "rotation": 90, "texture": "#2"},
				"east": {"uv": [0, 0, 0.25, 2.5], "rotation": 270, "texture": "#2"},
				"south": {"uv": [0, 0, 0.25, 2.5], "rotation": 90, "texture": "#2"},
				"west": {"uv": [0, 0, 0.25, 2.5], "rotation": 90, "texture": "#2"},
				"up": {"uv": [0, 0, 2.5, 2.5], "rotation": 180, "texture": "#2"},
				"down": {"uv": [0, 0, 2.5, 2.5], "texture": "#2"}
			}
		},
		{
			"from": [7, 13, -5],
			"to": [10, 16, -2],
			"faces": {
				"north": {"uv": [0, 0, 3, 3], "texture": "#2"},
				"east": {"uv": [0, 0, 3, 3], "texture": "#2"},
				"south": {"uv": [0, 0, 3, 3], "texture": "#2"},
				"west": {"uv": [0, 0, 3, 3], "texture": "#2"},
				"up": {"uv": [0, 0, 3, 3], "texture": "#2"},
				"down": {"uv": [0, 0, 3, 3], "texture": "#2"}
			}
		},
		{
			"from": [6.75, 13.25, -4.75],
			"to": [7, 15.75, -2.25],
			"faces": {
				"north": {"uv": [0, 0, 0.25, 2.5], "texture": "#2"},
				"east": {"uv": [0, 0, 2.5, 2.5], "texture": "#2"},
				"south": {"uv": [0, 0, 0.25, 2.5], "texture": "#2"},
				"west": {"uv": [0, 0, 2.5, 2.5], "texture": "#2"},
				"up": {"uv": [0, 0, 0.25, 2.5], "texture": "#2"},
				"down": {"uv": [0, 0, 0.25, 2.5], "texture": "#2"}
			}
		},
		{
			"from": [10, 13.25, -4.75],
			"to": [10.25, 15.75, -2.25],
			"faces": {
				"north": {"uv": [0, 0, 0.25, 2.5], "texture": "#2"},
				"east": {"uv": [0, 0, 2.5, 2.5], "texture": "#2"},
				"south": {"uv": [0, 0, 0.25, 2.5], "texture": "#2"},
				"west": {"uv": [0, 0, 2.5, 2.5], "texture": "#2"},
				"up": {"uv": [0, 0, 0.25, 2.5], "texture": "#2"},
				"down": {"uv": [0, 0, 0.25, 2.5], "texture": "#2"}
			}
		},
		{
			"from": [7.25, 13.25, -2],
			"to": [9.75, 15.75, -1.75],
			"rotation": {"angle": 0, "axis": "y", "origin": [-0.5, -3.5, 8.5]},
			"faces": {
				"north": {"uv": [0, 0, 2.5, 2.5], "texture": "#2"},
				"east": {"uv": [0, 0, 0.25, 2.5], "texture": "#2"},
				"south": {"uv": [0, 0, 2.5, 2.5], "texture": "#2"},
				"west": {"uv": [0, 0, 0.25, 2.5], "texture": "#2"},
				"up": {"uv": [0, 0, 0.25, 2.5], "rotation": 90, "texture": "#2"},
				"down": {"uv": [0, 0, 0.25, 2.5], "rotation": 270, "texture": "#2"}
			}
		},
		{
			"from": [7.25, 13.25, -5.25],
			"to": [9.75, 15.75, -5],
			"rotation": {"angle": 0, "axis": "y", "origin": [-0.5, -3.5, 8.5]},
			"faces": {
				"north": {"uv": [0, 0, 2.5, 2.5], "texture": "#2"},
				"east": {"uv": [0, 0, 0.25, 2.5], "texture": "#2"},
				"south": {"uv": [0, 0, 2.5, 2.5], "texture": "#2"},
				"west": {"uv": [0, 0, 0.25, 2.5], "texture": "#2"},
				"up": {"uv": [0, 0, 0.25, 2.5], "rotation": 90, "texture": "#2"},
				"down": {"uv": [0, 0, 0.25, 2.5], "rotation": 270, "texture": "#2"}
			}
		},
		{
			"from": [7.25, 12.75, -4.75],
			"to": [9.75, 13, -2.25],
			"rotation": {"angle": 0, "axis": "y", "origin": [-0.5, -3.5, 8.5]},
			"faces": {
				"north": {"uv": [0, 0, 0.25, 2.5], "rotation": 90, "texture": "#2"},
				"east": {"uv": [0, 0, 0.25, 2.5], "rotation": 270, "texture": "#2"},
				"south": {"uv": [0, 0, 0.25, 2.5], "rotation": 90, "texture": "#2"},
				"west": {"uv": [0, 0, 0.25, 2.5], "rotation": 90, "texture": "#2"},
				"up": {"uv": [0, 0, 2.5, 2.5], "rotation": 180, "texture": "#2"},
				"down": {"uv": [0, 0, 2.5, 2.5], "texture": "#2"}
			}
		},
		{
			"from": [7.25, 16, -4.75],
			"to": [9.75, 16.25, -2.25],
			"rotation": {"angle": 0, "axis": "y", "origin": [-0.5, -3.5, 8.5]},
			"faces": {
				"north": {"uv": [0, 0, 0.25, 2.5], "rotation": 90, "texture": "#2"},
				"east": {"uv": [0, 0, 0.25, 2.5], "rotation": 270, "texture": "#2"},
				"south": {"uv": [0, 0, 0.25, 2.5], "rotation": 90, "texture": "#2"},
				"west": {"uv": [0, 0, 0.25, 2.5], "rotation": 90, "texture": "#2"},
				"up": {"uv": [0, 0, 2.5, 2.5], "rotation": 180, "texture": "#2"},
				"down": {"uv": [0, 0, 2.5, 2.5], "texture": "#2"}
			}
		},
		{
			"from": [8, 17, -7],
			"to": [11, 20, -4],
			"faces": {
				"north": {"uv": [0, 0, 3, 3], "texture": "#2"},
				"east": {"uv": [0, 0, 3, 3], "texture": "#2"},
				"south": {"uv": [0, 0, 3, 3], "texture": "#2"},
				"west": {"uv": [0, 0, 3, 3], "texture": "#2"},
				"up": {"uv": [0, 0, 3, 3], "texture": "#2"},
				"down": {"uv": [0, 0, 3, 3], "texture": "#2"}
			}
		},
		{
			"from": [7.75, 17.25, -6.75],
			"to": [8, 19.75, -4.25],
			"faces": {
				"north": {"uv": [0, 0, 0.25, 2.5], "texture": "#2"},
				"east": {"uv": [0, 0, 2.5, 2.5], "texture": "#2"},
				"south": {"uv": [0, 0, 0.25, 2.5], "texture": "#2"},
				"west": {"uv": [0, 0, 2.5, 2.5], "texture": "#2"},
				"up": {"uv": [0, 0, 0.25, 2.5], "texture": "#2"},
				"down": {"uv": [0, 0, 0.25, 2.5], "texture": "#2"}
			}
		},
		{
			"from": [11, 17.25, -6.75],
			"to": [11.25, 19.75, -4.25],
			"faces": {
				"north": {"uv": [0, 0, 0.25, 2.5], "texture": "#2"},
				"east": {"uv": [0, 0, 2.5, 2.5], "texture": "#2"},
				"south": {"uv": [0, 0, 0.25, 2.5], "texture": "#2"},
				"west": {"uv": [0, 0, 2.5, 2.5], "texture": "#2"},
				"up": {"uv": [0, 0, 0.25, 2.5], "texture": "#2"},
				"down": {"uv": [0, 0, 0.25, 2.5], "texture": "#2"}
			}
		},
		{
			"from": [8.25, 17.25, -4],
			"to": [10.75, 19.75, -3.75],
			"rotation": {"angle": 0, "axis": "y", "origin": [-0.5, -3.5, 8.5]},
			"faces": {
				"north": {"uv": [0, 0, 2.5, 2.5], "texture": "#2"},
				"east": {"uv": [0, 0, 0.25, 2.5], "texture": "#2"},
				"south": {"uv": [0, 0, 2.5, 2.5], "texture": "#2"},
				"west": {"uv": [0, 0, 0.25, 2.5], "texture": "#2"},
				"up": {"uv": [0, 0, 0.25, 2.5], "rotation": 90, "texture": "#2"},
				"down": {"uv": [0, 0, 0.25, 2.5], "rotation": 270, "texture": "#2"}
			}
		},
		{
			"from": [8.25, 17.25, -7.25],
			"to": [10.75, 19.75, -7],
			"rotation": {"angle": 0, "axis": "y", "origin": [-0.5, -3.5, 8.5]},
			"faces": {
				"north": {"uv": [0, 0, 2.5, 2.5], "texture": "#2"},
				"east": {"uv": [0, 0, 0.25, 2.5], "texture": "#2"},
				"south": {"uv": [0, 0, 2.5, 2.5], "texture": "#2"},
				"west": {"uv": [0, 0, 0.25, 2.5], "texture": "#2"},
				"up": {"uv": [0, 0, 0.25, 2.5], "rotation": 90, "texture": "#2"},
				"down": {"uv": [0, 0, 0.25, 2.5], "rotation": 270, "texture": "#2"}
			}
		},
		{
			"from": [8.25, 16.75, -6.75],
			"to": [10.75, 17, -4.25],
			"rotation": {"angle": 0, "axis": "y", "origin": [-0.5, -3.5, 8.5]},
			"faces": {
				"north": {"uv": [0, 0, 0.25, 2.5], "rotation": 90, "texture": "#2"},
				"east": {"uv": [0, 0, 0.25, 2.5], "rotation": 270, "texture": "#2"},
				"south": {"uv": [0, 0, 0.25, 2.5], "rotation": 90, "texture": "#2"},
				"west": {"uv": [0, 0, 0.25, 2.5], "rotation": 90, "texture": "#2"},
				"up": {"uv": [0, 0, 2.5, 2.5], "rotation": 180, "texture": "#2"},
				"down": {"uv": [0, 0, 2.5, 2.5], "texture": "#2"}
			}
		},
		{
			"from": [8.25, 20, -6.75],
			"to": [10.75, 20.25, -4.25],
			"rotation": {"angle": 0, "axis": "y", "origin": [-0.5, -3.5, 8.5]},
			"faces": {
				"north": {"uv": [0, 0, 0.25, 2.5], "rotation": 90, "texture": "#2"},
				"east": {"uv": [0, 0, 0.25, 2.5], "rotation": 270, "texture": "#2"},
				"south": {"uv": [0, 0, 0.25, 2.5], "rotation": 90, "texture": "#2"},
				"west": {"uv": [0, 0, 0.25, 2.5], "rotation": 90, "texture": "#2"},
				"up": {"uv": [0, 0, 2.5, 2.5], "rotation": 180, "texture": "#2"},
				"down": {"uv": [0, 0, 2.5, 2.5], "texture": "#2"}
			}
		}
	],
	"display": {
		"thirdperson_righthand": {
			"rotation": [75, 45, 0],
			"translation": [0, 2.5, 0],
			"scale": [0.375, 0.375, 0.375]
		},
		"thirdperson_lefthand": {
			"rotation": [75, 45, 0],
			"translation": [0, 2.5, 0],
			"scale": [0.375, 0.375, 0.375]
		},
		"firstperson_righthand": {
			"rotation": [0, 45, 0],
			"scale": [0.4, 0.4, 0.4]
		},
		"firstperson_lefthand": {
			"rotation": [0, 225, 0],
			"scale": [0.4, 0.4, 0.4]
		},
		"ground": {
			"translation": [0, 3, 0],
			"scale": [0.25, 0.25, 0.25]
		},
		"gui": {
			"rotation": [30, 225, 0],
			"translation": [0, 1.5, 0],
			"scale": [0.625, 0.625, 0.625]
		},
		"head": {
			"translation": [0, 15, 0]
		},
		"fixed": {
			"scale": [0.5, 0.5, 0.5]
		}
	},
	"groups": [
		0,
		1,
		2,
		3,
		4,
		{
			"name": "Coconut",
			"origin": [-0.5, -3.5, 8.5],
			"color": 0,
			"children": [
				{
					"name": "coconut",
					"origin": [-0.5, -3.5, 8.5],
					"color": 0,
					"children": [5, 6, 7, 8, 9, 10, 11]
				},
				{
					"name": "coconut",
					"origin": [-0.5, -3.5, 8.5],
					"color": 0,
					"children": [12, 13, 14, 15, 16, 17, 18]
				},
				{
					"name": "coconut",
					"origin": [-0.5, -3.5, 8.5],
					"color": 0,
					"children": [19, 20, 21, 22, 23, 24, 25]
				}
			]
		}
	]
}