{
	"credit": "Made with Blockbench",
	"parent": "minecraft:block/door_top_right",
	"textures": {
		"0": "prism:block/big_oak_log",
		"particle": "prism:block/big_oak_log"
	},
	"elements": [
		{
			"from": [-10.525, 10.03635, -6.44853],
			"to": [-6.475, 14.08635, 3.55147],
			"rotation": {"angle": 22.5, "axis": "y", "origin": [0, 24.175, -37.95]},
			"faces": {
				"north": {"uv": [0, 0, 3.05, 3.05], "texture": "#0"},
				"east": {"uv": [11.95, 0, 16, 10], "rotation": 90, "texture": "#0"},
				"south": {"uv": [0, 0, 3.05, 3.05], "texture": "#0"},
				"west": {"uv": [4, 0, 7.05, 16], "rotation": 270, "texture": "#0"},
				"up": {"uv": [0, 0, 3.05, 16], "texture": "#0"},
				"down": {"uv": [7, 0, 10.05, 16], "texture": "#0"}
			}
		},
		{
			"from": [2.725, 12.89004, -12.17203],
			"to": [5.775, 15.94004, -2.17203],
			"rotation": {"angle": 22.5, "axis": "x", "origin": [7.5, 18.16504, -10.67203]},
			"faces": {
				"north": {"uv": [0, 0, 3.05, 3.05], "texture": "#0"},
				"east": {"uv": [12.95, 0, 16, 10], "rotation": 90, "texture": "#0"},
				"south": {"uv": [0, 0, 3.05, 3.05], "texture": "#0"},
				"west": {"uv": [4, 0, 7.05, 10], "rotation": 270, "texture": "#0"},
				"up": {"uv": [0, 0, 3.05, 10], "texture": "#0"},
				"down": {"uv": [7, 0, 10.05, 10], "texture": "#0"}
			}
		},
		{
			"from": [3.47312, 13.48415, -3.94703],
			"to": [13.47312, 15.53415, -1.89703],
			"rotation": {"angle": 22.5, "axis": "z", "origin": [8.47312, 14.50915, -2.92203]},
			"faces": {
				"north": {"uv": [4, 0, 6.05, 10], "rotation": 270, "texture": "#0"},
				"east": {"uv": [0, 0, 2.05, 2.05], "texture": "#0"},
				"south": {"uv": [12.95, 0, 15, 10], "rotation": 90, "texture": "#0"},
				"west": {"uv": [0, 0, 2.05, 2.05], "texture": "#0"},
				"up": {"uv": [0, 0, 2.05, 10], "rotation": 90, "texture": "#0"},
				"down": {"uv": [7, 0, 9.05, 10], "rotation": 270, "texture": "#0"}
			}
		},
		{
			"from": [-3.4157, 13.63344, -12.12515],
			"to": [3.5843, 15.18344, -10.57515],
			"rotation": {"angle": -22.5, "axis": "z", "origin": [4.5843, 15.65844, -11.35015]},
			"faces": {
				"north": {"uv": [12.95, 0, 15, 9], "rotation": 90, "texture": "#0"},
				"east": {"uv": [0, 0, 2.05, 2.05], "texture": "#0"},
				"south": {"uv": [4, 0, 6.05, 9], "rotation": 270, "texture": "#0"},
				"west": {"uv": [0, 0, 2.05, 2.05], "texture": "#0"},
				"up": {"uv": [0, 0, 2.05, 9], "rotation": 270, "texture": "#0"},
				"down": {"uv": [7, 0, 9.05, 9], "rotation": 90, "texture": "#0"}
			}
		},
		{
			"from": [-8.5315, 16.48106, -13.5927],
			"to": [-1.5315, 18.03106, -12.0427],
			"rotation": {"angle": -45, "axis": "y", "origin": [-4.0315, 17.00606, -13.0677]},
			"faces": {
				"north": {"uv": [4, 0, 6.05, 9], "rotation": 270, "texture": "#0"},
				"east": {"uv": [0, 0, 2.05, 2.05], "texture": "#0"},
				"south": {"uv": [12.95, 0, 15, 9], "rotation": 90, "texture": "#0"},
				"west": {"uv": [0, 0, 2.05, 2.05], "texture": "#0"},
				"up": {"uv": [0, 0, 2.05, 9], "rotation": 90, "texture": "#0"},
				"down": {"uv": [7, 0, 9.05, 9], "rotation": 270, "texture": "#0"}
			}
		},
		{
			"from": [6.04871, 11.98415, -15.99604],
			"to": [8.09871, 14.03415, -5.99604],
			"rotation": {"angle": -45, "axis": "y", "origin": [7.07371, 12.50915, -9.99604]},
			"faces": {
				"north": {"uv": [0, 0, 2.05, 2.05], "texture": "#0"},
				"east": {"uv": [12.95, 0, 15, 10], "rotation": 90, "texture": "#0"},
				"south": {"uv": [0, 0, 2.05, 2.05], "texture": "#0"},
				"west": {"uv": [4, 0, 6.05, 10], "rotation": 270, "texture": "#0"},
				"up": {"uv": [0, 0, 2.05, 10], "texture": "#0"},
				"down": {"uv": [7, 0, 9.05, 10], "texture": "#0"}
			}
		},
		{
			"from": [5.075, -5.31666, -8.98992],
			"to": [10.025, -0.36666, 8.06008],
			"rotation": {"angle": 45, "axis": "x", "origin": [7.05, -19.24351, 14.15791]},
			"faces": {
				"north": {"uv": [10, 7, 13.95, 10.95], "texture": "#0"},
				"east": {"uv": [5, 0, 9.95, 16], "rotation": 90, "texture": "#0"},
				"south": {"uv": [0, 0, 3.95, 3.95], "texture": "#0"},
				"west": {"uv": [7, 0, 10.95, 16], "rotation": 270, "texture": "#0"},
				"up": {"uv": [9, 0, 12.95, 16], "texture": "#0"},
				"down": {"uv": [4, 0, 7.95, 16], "texture": "#0"}
			}
		},
		{
			"from": [4.575, -15.85053, 18.24069],
			"to": [10.525, 1.13939, 24.19069],
			"rotation": {"angle": -22.5, "axis": "x", "origin": [7.55, -7.35557, 22.21569]},
			"faces": {
				"north": {"uv": [4, 0, 9.95, 16], "rotation": 180, "texture": "#0"},
				"east": {"uv": [5, 0, 10.95, 16], "texture": "#0"},
				"south": {"uv": [9, 0, 14.95, 16], "texture": "#0"},
				"west": {"uv": [7, 0, 12.95, 16], "texture": "#0"},
				"up": {"uv": [9.05, 9.05, 15, 15], "rotation": 180, "texture": "#0"},
				"down": {"uv": [0, 0, 5.95, 5.95], "texture": "#0"}
			}
		},
		{
			"from": [4.075, -12.81666, 14.76008],
			"to": [11.025, -5.86666, 31.75],
			"rotation": {"angle": 45, "axis": "x", "origin": [7.05, -22.24351, 13.90791]},
			"faces": {
				"north": {"uv": [9.05, 9.05, 15, 15], "texture": "#0"},
				"east": {"uv": [5, 0, 10.95, 16], "rotation": 90, "texture": "#0"},
				"south": {"uv": [0, 0, 5.95, 5.95], "texture": "#0"},
				"west": {"uv": [7, 0, 12.95, 16], "rotation": 270, "texture": "#0"},
				"up": {"uv": [9, 0, 14.95, 16], "texture": "#0"},
				"down": {"uv": [4, 0, 9.95, 16], "texture": "#0"}
			}
		},
		{
			"from": [5.475, 23.03635, 1.55147],
			"to": [9.525, 27.08635, 11.55147],
			"rotation": {"angle": 22.5, "axis": "x", "origin": [0, 20.175, -30.95]},
			"faces": {
				"north": {"uv": [0, 0, 3.05, 3.05], "texture": "#0"},
				"east": {"uv": [11.95, 0, 16, 10], "rotation": 90, "texture": "#0"},
				"south": {"uv": [0, 0, 3.05, 3.05], "texture": "#0"},
				"west": {"uv": [4, 0, 7.05, 16], "rotation": 270, "texture": "#0"},
				"up": {"uv": [0, 0, 3.05, 16], "texture": "#0"},
				"down": {"uv": [7, 0, 10.05, 16], "texture": "#0"}
			}
		}
	],
	"display": {
		"thirdperson_righthand": {
			"rotation": [75, 45, 0],
			"translation": [0, 2.5, 0],
			"scale": [0.375, 0.375, 0.375]
		},
		"thirdperson_lefthand": {
			"rotation": [75, 45, 0],
			"translation": [0, 2.5, 0],
			"scale": [0.375, 0.375, 0.375]
		},
		"firstperson_righthand": {
			"rotation": [0, 45, 0],
			"scale": [0.4, 0.4, 0.4]
		},
		"firstperson_lefthand": {
			"rotation": [0, 225, 0],
			"scale": [0.4, 0.4, 0.4]
		},
		"ground": {
			"translation": [0, 3, 0],
			"scale": [0.25, 0.25, 0.25]
		},
		"gui": {
			"rotation": [30, 225, 0],
			"translation": [3.5, 0, 0],
			"scale": [0.625, 0.625, 0.625]
		},
		"fixed": {
			"scale": [0.5, 0.5, 0.5]
		}
	}
}