{
	"credit": "Made with Blockbench",
	"textures": {
		"0": "prism:block/torch/wood",
		"1": "prism:block/torch/metal",
		"3": "prism:block/torch/fire",
		"particle": "prism:block/torch/wood"
	},
	"elements": [
		{
			"from": [8.10109, 10.3, 7],
			"to": [8.49891, 19.225, 9],
			"rotation": {"angle": -45, "axis": "y", "origin": [8.3, 14, 8]},
			"faces": {
				"north": {"uv": [4.0625, 0, 4.46032, 8.925], "texture": "#0"},
				"east": {"uv": [0, 0, 2, 8.925], "texture": "#missing"},
				"south": {"uv": [1.125, 0, 1.52282, 8.925], "texture": "#0"},
				"west": {"uv": [0, 0, 2, 8.925], "texture": "#missing"},
				"up": {"uv": [0, 0, 0.39782, 2], "texture": "#0"},
				"down": {"uv": [7.03125, 2.78125, 7.42907, 4.78125], "texture": "#0"}
			}
		},
		{
			"from": [8.10109, 10.3, 7],
			"to": [8.49891, 19.225, 9],
			"rotation": {"angle": -22.5, "axis": "y", "origin": [8.3, 14, 8]},
			"faces": {
				"north": {"uv": [4.4375, 0, 4.83532, 8.925], "texture": "#0"},
				"east": {"uv": [0, 0, 2, 8.925], "texture": "#missing"},
				"south": {"uv": [1.5625, 0.15625, 1.96032, 9.08125], "texture": "#0"},
				"west": {"uv": [0, 0, 2, 8.925], "texture": "#missing"},
				"up": {"uv": [8.28125, 0.875, 8.67907, 2.875], "texture": "#0"},
				"down": {"uv": [6.71875, 5.03125, 7.11657, 7.03125], "texture": "#0"}
			}
		},
		{
			"from": [8.10109, 10.3, 7],
			"to": [8.49891, 19.225, 9],
			"rotation": {"angle": 0, "axis": "y", "origin": [8.3, 14, 8]},
			"faces": {
				"north": {"uv": [4.78125, 0, 5.17907, 8.925], "texture": "#0"},
				"east": {"uv": [0, 0, 2, 8.925], "texture": "#missing"},
				"south": {"uv": [2, 0.15625, 2.39782, 9.08125], "texture": "#0"},
				"west": {"uv": [0, 0, 2, 8.925], "texture": "#missing"},
				"up": {"uv": [0, 0, 0.39782, 2], "texture": "#0"},
				"down": {"uv": [3.75, 2.34375, 4.14782, 4.34375], "texture": "#0"}
			}
		},
		{
			"from": [8.10109, 10.3, 7],
			"to": [8.49891, 19.225, 9],
			"rotation": {"angle": 22.5, "axis": "y", "origin": [8.3, 14, 8]},
			"faces": {
				"north": {"uv": [5.1875, 0, 5.58532, 8.925], "texture": "#0"},
				"east": {"uv": [0, 0, 2, 8.925], "texture": "#missing"},
				"south": {"uv": [2.4375, 0.0625, 2.83532, 8.9875], "texture": "#0"},
				"west": {"uv": [0, 0, 2, 8.925], "texture": "#missing"},
				"up": {"uv": [4.21875, 2.90625, 4.61657, 4.90625], "texture": "#0"},
				"down": {"uv": [7.75, 1.875, 8.14782, 3.875], "texture": "#0"}
			}
		},
		{
			"from": [8.10109, 10.3, 7],
			"to": [8.49891, 19.225, 9],
			"rotation": {"angle": 45, "axis": "y", "origin": [8.3, 14, 8]},
			"faces": {
				"north": {"uv": [5.59375, 0, 5.99157, 8.925], "texture": "#0"},
				"east": {"uv": [0, 0, 2, 8.925], "texture": "#missing"},
				"south": {"uv": [2.84375, 0, 3.24157, 8.925], "texture": "#0"},
				"west": {"uv": [0, 0, 2, 8.925], "texture": "#missing"},
				"up": {"uv": [4.46875, 5.96875, 4.86657, 7.96875], "texture": "#0"},
				"down": {"uv": [1.5625, 3.375, 1.96032, 5.375], "texture": "#0"}
			}
		},
		{
			"from": [7.3, 10.3, 7.80109],
			"to": [9.3, 19.225, 8.19891],
			"rotation": {"angle": -22.5, "axis": "y", "origin": [8.3, 14, 8]},
			"faces": {
				"north": {"uv": [0, 0, 2, 8.925], "texture": "#missing"},
				"east": {"uv": [2.84375, 0, 3.24157, 8.925], "texture": "#0"},
				"south": {"uv": [0, 0, 2, 8.925], "texture": "#missing"},
				"west": {"uv": [6, 0, 6.39782, 8.925], "texture": "#0"},
				"up": {"uv": [2.5, 6.71875, 4.5, 7.11657], "texture": "#0"},
				"down": {"uv": [6.90625, 3.6875, 8.90625, 4.08532], "texture": "#0"}
			}
		},
		{
			"from": [7.3, 10.3, 7.80109],
			"to": [9.3, 19.225, 8.19891],
			"rotation": {"angle": 0, "axis": "y", "origin": [8.3, 14, 8]},
			"faces": {
				"north": {"uv": [0, 0, 2, 8.925], "texture": "#missing"},
				"east": {"uv": [3.25, 0, 3.64782, 8.925], "texture": "#0"},
				"south": {"uv": [0, 0, 2, 8.925], "texture": "#missing"},
				"west": {"uv": [6.35313, 0, 6.75095, 8.925], "texture": "#0"},
				"up": {"uv": [1.21875, 1.9375, 3.21875, 2.33532], "texture": "#0"},
				"down": {"uv": [0.53125, 2.59375, 2.53125, 2.99157], "texture": "#0"}
			}
		},
		{
			"from": [7.3, 10.3, 7.80109],
			"to": [9.3, 19.225, 8.19891],
			"rotation": {"angle": 22.5, "axis": "y", "origin": [8.3, 14, 8]},
			"faces": {
				"north": {"uv": [0, 0, 2, 8.925], "texture": "#missing"},
				"east": {"uv": [3.65625, 0, 4.05407, 8.925], "texture": "#0"},
				"south": {"uv": [0, 0, 2, 8.925], "texture": "#missing"},
				"west": {"uv": [0.78125, 0, 1.17907, 8.925], "texture": "#0"},
				"up": {"uv": [0.375, 1, 2.375, 1.39782], "texture": "#0"},
				"down": {"uv": [0, 0, 2, 0.39782], "texture": "#0"}
			}
		},
		{
			"from": [8.12595, 3.35, 7.125],
			"to": [8.47405, 14.325, 8.875],
			"rotation": {"angle": -45, "axis": "y", "origin": [8.3, 8, 8]},
			"faces": {
				"north": {"uv": [10.3125, 7.0125, 10.71032, 15.9375], "texture": "#0"},
				"east": {"uv": [0, 0, 1.75, 10.975], "texture": "#missing"},
				"south": {"uv": [7.1875, 7.04375, 7.58532, 15.96875], "texture": "#0"},
				"west": {"uv": [0, 0, 1.75, 10.975], "texture": "#missing"},
				"up": {"uv": [0, 0, 0.3481, 1.75], "texture": "#missing"},
				"down": {"uv": [0, 0, 0.3481, 1.75], "texture": "#0"}
			}
		},
		{
			"from": [8.12595, 3.35, 7.125],
			"to": [8.47405, 14.325, 8.875],
			"rotation": {"angle": -22.5, "axis": "y", "origin": [8.3, 8, 8]},
			"faces": {
				"north": {"uv": [10.71875, 7.0125, 11.11657, 15.9375], "texture": "#0"},
				"east": {"uv": [0, 0, 1.75, 10.975], "texture": "#missing"},
				"south": {"uv": [7.59375, 7.0125, 7.99157, 15.9375], "texture": "#0"},
				"west": {"uv": [0, 0, 1.75, 10.975], "texture": "#missing"},
				"up": {"uv": [0, 0, 0.3481, 1.75], "texture": "#missing"},
				"down": {"uv": [5.0625, 6.0625, 5.4106, 7.8125], "texture": "#0"}
			}
		},
		{
			"from": [8.12595, 3.35, 7.125],
			"to": [8.47405, 14.325, 8.875],
			"rotation": {"angle": 0, "axis": "y", "origin": [8.3, 8, 8]},
			"faces": {
				"north": {"uv": [11.09375, 7.0125, 11.49157, 15.9375], "texture": "#0"},
				"east": {"uv": [0, 0, 1.75, 10.975], "texture": "#missing"},
				"south": {"uv": [8, 7.04375, 8.39782, 15.96875], "texture": "#0"},
				"west": {"uv": [0, 0, 1.75, 10.975], "texture": "#missing"},
				"up": {"uv": [0, 0, 0.3481, 1.75], "texture": "#missing"},
				"down": {"uv": [0, 3.34375, 0.3481, 5.09375], "texture": "#0"}
			}
		},
		{
			"from": [8.12595, 3.35, 7.125],
			"to": [8.47405, 14.325, 8.875],
			"rotation": {"angle": 22.5, "axis": "y", "origin": [8.3, 8, 8]},
			"faces": {
				"north": {"uv": [11.5, 7.04375, 11.89782, 15.96875], "texture": "#0"},
				"east": {"uv": [0, 0, 1.75, 10.975], "texture": "#missing"},
				"south": {"uv": [8.3125, 7.075, 8.71032, 16], "texture": "#0"},
				"west": {"uv": [0, 0, 1.75, 10.975], "texture": "#missing"},
				"up": {"uv": [0, 0, 0.3481, 1.75], "texture": "#missing"},
				"down": {"uv": [7.75, 4.625, 8.0981, 6.375], "texture": "#0"}
			}
		},
		{
			"from": [8.12595, 3.35, 7.125],
			"to": [8.47405, 14.325, 8.875],
			"rotation": {"angle": 45, "axis": "y", "origin": [8.3, 8, 8]},
			"faces": {
				"north": {"uv": [5.5625, 7.075, 5.96032, 16], "texture": "#0"},
				"east": {"uv": [9.125, 7.04375, 9.52282, 15.96875], "texture": "#0"},
				"south": {"uv": [8.71875, 7.075, 9.11657, 16], "texture": "#0"},
				"west": {"uv": [0, 0, 1.75, 10.975], "texture": "#missing"},
				"up": {"uv": [0, 0, 0.3481, 1.75], "texture": "#missing"},
				"down": {"uv": [5.90625, 5.8125, 6.25435, 7.5625], "texture": "#0"}
			}
		},
		{
			"from": [7.425, 3.35, 7.82595],
			"to": [9.175, 14.325, 8.17405],
			"rotation": {"angle": -22.5, "axis": "y", "origin": [8.3, 8, 8]},
			"faces": {
				"north": {"uv": [0, 0, 1.75, 10.975], "texture": "#missing"},
				"east": {"uv": [9.125, 7.04375, 9.52282, 15.96875], "texture": "#0"},
				"south": {"uv": [0, 0, 1.75, 10.975], "texture": "#missing"},
				"west": {"uv": [5.96875, 7.075, 6.36657, 16], "texture": "#0"},
				"up": {"uv": [0, 0, 1.75, 0.3481], "texture": "#missing"},
				"down": {"uv": [0, 0, 1.75, 0.3481], "texture": "#0"}
			}
		},
		{
			"from": [7.425, 3.35, 7.82595],
			"to": [9.175, 14.325, 8.17405],
			"rotation": {"angle": 0, "axis": "y", "origin": [8.3, 8, 8]},
			"faces": {
				"north": {"uv": [0, 0, 1.75, 10.975], "texture": "#missing"},
				"east": {"uv": [9.5, 7.04375, 9.89782, 15.96875], "texture": "#0"},
				"south": {"uv": [0, 0, 1.75, 10.975], "texture": "#missing"},
				"west": {"uv": [6.375, 7.075, 6.77282, 16], "texture": "#0"},
				"up": {"uv": [0, 0, 1.75, 0.3481], "texture": "#missing"},
				"down": {"uv": [4.25, 3, 6, 3.3481], "texture": "#0"}
			}
		},
		{
			"from": [7.425, 3.35, 7.82595],
			"to": [9.175, 14.325, 8.17405],
			"rotation": {"angle": 22.5, "axis": "y", "origin": [8.3, 8, 8]},
			"faces": {
				"north": {"uv": [0, 0, 1.75, 10.975], "texture": "#missing"},
				"east": {"uv": [9.90625, 7.0125, 10.30407, 15.9375], "texture": "#0"},
				"south": {"uv": [0, 0, 1.75, 10.975], "texture": "#missing"},
				"west": {"uv": [6.78125, 7.04375, 7.17907, 15.96875], "texture": "#0"},
				"up": {"uv": [0, 0, 1.75, 0.3481], "texture": "#missing"},
				"down": {"uv": [0.1875, 3.28125, 1.9375, 3.62935], "texture": "#0"}
			}
		},
		{
			"from": [8.15082, 2.3, 7.25],
			"to": [8.44918, 3.5, 8.75],
			"rotation": {"angle": -45, "axis": "y", "origin": [8.3, 3, 8]},
			"faces": {
				"north": {"uv": [1.21875, 7.075, 1.61657, 16], "texture": "#0"},
				"east": {"uv": [0, 0, 1.5, 1.2], "texture": "#missing"},
				"south": {"uv": [13.53125, 7.075, 13.92907, 16], "texture": "#0"},
				"west": {"uv": [0, 0, 1.5, 1.2], "texture": "#missing"},
				"up": {"uv": [0, 0, 0.29837, 1.5], "texture": "#missing"},
				"down": {"uv": [3.53125, 4.375, 3.82962, 5.875], "texture": "#0"}
			}
		},
		{
			"from": [8.15082, 2.3, 7.25],
			"to": [8.44918, 3.5, 8.75],
			"rotation": {"angle": -22.5, "axis": "y", "origin": [8.3, 3, 8]},
			"faces": {
				"north": {"uv": [1.625, 7.075, 2.02282, 16], "texture": "#0"},
				"east": {"uv": [0, 0, 1.5, 1.2], "texture": "#missing"},
				"south": {"uv": [13.9375, 7.075, 14.33532, 16], "texture": "#0"},
				"west": {"uv": [0, 0, 1.5, 1.2], "texture": "#missing"},
				"up": {"uv": [0, 0, 0.29837, 1.5], "texture": "#missing"},
				"down": {"uv": [0, 0, 0.29837, 1.5], "texture": "#0"}
			}
		},
		{
			"from": [8.15082, 2.3, 7.25],
			"to": [8.44918, 3.5, 8.75],
			"rotation": {"angle": 0, "axis": "y", "origin": [8.3, 3, 8]},
			"faces": {
				"north": {"uv": [11.09375, 7.0125, 11.49157, 15.9375], "texture": "#0"},
				"east": {"uv": [0, 0, 1.5, 1.2], "texture": "#missing"},
				"south": {"uv": [14.34375, 7.04375, 14.74157, 15.96875], "texture": "#0"},
				"west": {"uv": [0, 0, 1.5, 1.2], "texture": "#missing"},
				"up": {"uv": [0, 0, 0.29837, 1.5], "texture": "#missing"},
				"down": {"uv": [5.46875, 3.1875, 5.76712, 4.6875], "texture": "#0"}
			}
		},
		{
			"from": [8.15082, 2.3, 7.25],
			"to": [8.44918, 3.5, 8.75],
			"rotation": {"angle": 22.5, "axis": "y", "origin": [8.3, 3, 8]},
			"faces": {
				"north": {"uv": [11.5, 7.04375, 11.89782, 15.96875], "texture": "#0"},
				"east": {"uv": [0, 0, 1.5, 1.2], "texture": "#missing"},
				"south": {"uv": [14.75, 7.075, 15.14782, 16], "texture": "#0"},
				"west": {"uv": [0, 0, 1.5, 1.2], "texture": "#missing"},
				"up": {"uv": [0, 0, 0.29837, 1.5], "texture": "#missing"},
				"down": {"uv": [7.0625, 5.0625, 7.36087, 6.5625], "texture": "#0"}
			}
		},
		{
			"from": [8.15082, 2.3, 7.25],
			"to": [8.44918, 3.5, 8.75],
			"rotation": {"angle": 45, "axis": "y", "origin": [8.3, 3, 8]},
			"faces": {
				"north": {"uv": [11.90625, 7.075, 12.30407, 16], "texture": "#0"},
				"east": {"uv": [0, 0, 1.5, 1.2], "texture": "#missing"},
				"south": {"uv": [15.15625, 7.075, 15.55407, 16], "texture": "#0"},
				"west": {"uv": [0, 0, 1.5, 1.2], "texture": "#missing"},
				"up": {"uv": [0, 0, 0.29837, 1.5], "texture": "#missing"},
				"down": {"uv": [5.15625, 1.71875, 5.45462, 3.21875], "texture": "#0"}
			}
		},
		{
			"from": [7.55, 2.3, 7.85082],
			"to": [9.05, 3.5, 8.14918],
			"rotation": {"angle": -22.5, "axis": "y", "origin": [8.3, 3, 8]},
			"faces": {
				"north": {"uv": [0, 0, 1.5, 1.2], "texture": "#missing"},
				"east": {"uv": [0, 7.075, 0.39782, 16], "texture": "#0"},
				"south": {"uv": [0, 0, 1.5, 1.2], "texture": "#missing"},
				"west": {"uv": [12.3125, 7.075, 12.71032, 16], "texture": "#0"},
				"up": {"uv": [0, 0, 1.5, 0.29837], "texture": "#missing"},
				"down": {"uv": [0, 0, 1.5, 0.29837], "texture": "#0"}
			}
		},
		{
			"from": [7.55, 2.3, 7.85082],
			"to": [9.05, 3.5, 8.14918],
			"rotation": {"angle": 0, "axis": "y", "origin": [8.3, 3, 8]},
			"faces": {
				"north": {"uv": [0, 0, 1.5, 1.2], "texture": "#missing"},
				"east": {"uv": [0.40625, 7.075, 0.80407, 16], "texture": "#0"},
				"south": {"uv": [0, 0, 1.5, 1.2], "texture": "#missing"},
				"west": {"uv": [12.71875, 7.075, 13.11657, 16], "texture": "#0"},
				"up": {"uv": [0, 0, 1.5, 0.29837], "texture": "#missing"},
				"down": {"uv": [3.34375, 0.96875, 4.84375, 1.26712], "texture": "#0"}
			}
		},
		{
			"from": [7.55, 2.3, 7.85082],
			"to": [9.05, 3.5, 8.14918],
			"rotation": {"angle": 22.5, "axis": "y", "origin": [8.3, 3, 8]},
			"faces": {
				"north": {"uv": [0, 0, 1.5, 1.2], "texture": "#missing"},
				"east": {"uv": [0.8125, 7.075, 1.21032, 16], "texture": "#0"},
				"south": {"uv": [0, 0, 1.5, 1.2], "texture": "#missing"},
				"west": {"uv": [13.125, 7.075, 13.52282, 16], "texture": "#0"},
				"up": {"uv": [0, 0, 1.5, 0.29837], "texture": "#missing"},
				"down": {"uv": [0, 0, 1.5, 0.29837], "texture": "#0"}
			}
		},
		{
			"from": [8.19565, 1.84, 7.4],
			"to": [8.43435, 2.8, 8.6],
			"rotation": {"angle": 45, "axis": "y", "origin": [8.315, 2.4, 8]},
			"faces": {
				"north": {"uv": [1.21875, 7.075, 1.61657, 16], "texture": "#0"},
				"east": {"uv": [0, 0, 1.5, 1.2], "texture": "#missing"},
				"south": {"uv": [13.53125, 7.075, 13.92907, 16], "texture": "#0"},
				"west": {"uv": [0, 0, 1.5, 1.2], "texture": "#missing"},
				"up": {"uv": [0, 0, 0.29837, 1.5], "texture": "#missing"},
				"down": {"uv": [3.5, 3.1875, 3.79837, 4.6875], "texture": "#0"}
			}
		},
		{
			"from": [7.715, 1.84, 7.88065],
			"to": [8.915, 2.8, 8.11935],
			"rotation": {"angle": -22.5, "axis": "y", "origin": [8.315, 2.4, 8]},
			"faces": {
				"north": {"uv": [0, 0, 1.5, 1.2], "texture": "#missing"},
				"east": {"uv": [13.9375, 7.075, 14.33532, 16], "texture": "#0"},
				"south": {"uv": [0, 0, 1.5, 1.2], "texture": "#missing"},
				"west": {"uv": [1.625, 7.075, 2.02282, 16], "texture": "#0"},
				"up": {"uv": [0, 0, 0.29837, 1.5], "rotation": 270, "texture": "#missing"},
				"down": {"uv": [0, 0, 0.29837, 1.5], "rotation": 90, "texture": "#0"}
			}
		},
		{
			"from": [7.715, 1.84, 7.88065],
			"to": [8.915, 2.8, 8.11935],
			"rotation": {"angle": 0, "axis": "y", "origin": [8.315, 2.4, 8]},
			"faces": {
				"north": {"uv": [0, 0, 1.5, 1.2], "texture": "#missing"},
				"east": {"uv": [14.34375, 7.04375, 14.74157, 15.96875], "texture": "#0"},
				"south": {"uv": [0, 0, 1.5, 1.2], "texture": "#missing"},
				"west": {"uv": [11.09375, 7.0125, 11.49157, 15.9375], "texture": "#0"},
				"up": {"uv": [0, 0, 0.29837, 1.5], "rotation": 270, "texture": "#missing"},
				"down": {"uv": [0, 0, 0.29837, 1.5], "rotation": 90, "texture": "#0"}
			}
		},
		{
			"from": [7.715, 1.84, 7.88065],
			"to": [8.915, 2.8, 8.11935],
			"rotation": {"angle": 22.5, "axis": "y", "origin": [8.315, 2.4, 8]},
			"faces": {
				"north": {"uv": [0, 0, 1.5, 1.2], "texture": "#missing"},
				"east": {"uv": [14.75, 7.075, 15.14782, 16], "texture": "#0"},
				"south": {"uv": [0, 0, 1.5, 1.2], "texture": "#missing"},
				"west": {"uv": [11.5, 7.04375, 11.89782, 15.96875], "texture": "#0"},
				"up": {"uv": [0, 0, 0.29837, 1.5], "rotation": 270, "texture": "#missing"},
				"down": {"uv": [5.46875, 3.71875, 5.76712, 5.21875], "rotation": 90, "texture": "#0"}
			}
		},
		{
			"from": [7.715, 1.84, 7.88065],
			"to": [8.915, 2.8, 8.11935],
			"rotation": {"angle": 45, "axis": "y", "origin": [8.315, 2.4, 8]},
			"faces": {
				"north": {"uv": [0, 0, 1.5, 1.2], "texture": "#missing"},
				"east": {"uv": [15.15625, 7.075, 15.55407, 16], "texture": "#0"},
				"south": {"uv": [0, 0, 1.5, 1.2], "texture": "#missing"},
				"west": {"uv": [11.90625, 7.075, 12.30407, 16], "texture": "#0"},
				"up": {"uv": [0, 0, 0.29837, 1.5], "rotation": 270, "texture": "#missing"},
				"down": {"uv": [7.78125, 2.5625, 8.07962, 4.0625], "rotation": 90, "texture": "#0"}
			}
		},
		{
			"from": [8.19565, 1.84, 7.4],
			"to": [8.43435, 2.8, 8.6],
			"rotation": {"angle": -22.5, "axis": "y", "origin": [8.315, 2.4, 8]},
			"faces": {
				"north": {"uv": [0, 7.075, 0.39782, 16], "texture": "#0"},
				"east": {"uv": [0, 0, 1.5, 1.2], "texture": "#missing"},
				"south": {"uv": [12.3125, 7.075, 12.71032, 16], "texture": "#0"},
				"west": {"uv": [0, 0, 1.5, 1.2], "texture": "#missing"},
				"up": {"uv": [0, 0, 1.5, 0.29837], "rotation": 270, "texture": "#missing"},
				"down": {"uv": [5.09375, 3.65625, 6.59375, 3.95462], "rotation": 90, "texture": "#0"}
			}
		},
		{
			"from": [8.19565, 1.84, 7.4],
			"to": [8.43435, 2.8, 8.6],
			"rotation": {"angle": 0, "axis": "y", "origin": [8.315, 2.4, 8]},
			"faces": {
				"north": {"uv": [0.40625, 7.075, 0.80407, 16], "texture": "#0"},
				"east": {"uv": [0, 0, 1.5, 1.2], "texture": "#missing"},
				"south": {"uv": [12.71875, 7.075, 13.11657, 16], "texture": "#0"},
				"west": {"uv": [0, 0, 1.5, 1.2], "texture": "#missing"},
				"up": {"uv": [0, 0, 1.5, 0.29837], "rotation": 270, "texture": "#missing"},
				"down": {"uv": [3.5625, 7.53125, 5.0625, 7.82962], "rotation": 90, "texture": "#0"}
			}
		},
		{
			"from": [8.19565, 1.84, 7.4],
			"to": [8.43435, 2.8, 8.6],
			"rotation": {"angle": 22.5, "axis": "y", "origin": [8.315, 2.4, 8]},
			"faces": {
				"north": {"uv": [0.8125, 7.075, 1.21032, 16], "texture": "#0"},
				"east": {"uv": [0, 0, 1.5, 1.2], "texture": "#missing"},
				"south": {"uv": [13.125, 7.075, 13.52282, 16], "texture": "#0"},
				"west": {"uv": [0, 0, 1.5, 1.2], "texture": "#missing"},
				"up": {"uv": [0, 0, 1.5, 0.29837], "rotation": 270, "texture": "#missing"},
				"down": {"uv": [0.15625, 1, 1.65625, 1.29837], "rotation": 90, "texture": "#0"}
			}
		},
		{
			"from": [7.76382, 20.94566, 6.10732],
			"to": [8.84012, 22.92066, 6.40732],
			"rotation": {"angle": -45, "axis": "x", "origin": [8.30197, 19.64566, 7.33232]},
			"faces": {
				"north": {"uv": [1.0763, 0, 0, 1.975], "texture": "#1"},
				"east": {"uv": [0.3, 0, 0, 1.975], "texture": "#1"},
				"south": {"uv": [1.0763, 0, 0, 1.975], "texture": "#1"},
				"west": {"uv": [0.3, 0, 0, 1.975], "texture": "#1"},
				"up": {"uv": [0.3, 0, 0, 1.0763], "rotation": 90, "texture": "#1"},
				"down": {"uv": [0.3, 0, 0, 1.0763], "rotation": 270, "texture": "#1"}
			}
		},
		{
			"from": [9.05, 17.8, 7.46185],
			"to": [9.35, 20.575, 8.53815],
			"rotation": {"angle": -22.5, "axis": "z", "origin": [8.125, 16.5, 8]},
			"faces": {
				"north": {"uv": [0, 0, 0.3, 2.775], "texture": "#1"},
				"east": {"uv": [0, 0, 1.0763, 2.775], "texture": "#1"},
				"south": {"uv": [0, 0, 0.3, 2.775], "texture": "#1"},
				"west": {"uv": [0, 0, 1.0763, 2.775], "texture": "#1"},
				"up": {"uv": [0, 0, 0.3, 1.0763], "texture": "#1"},
				"down": {"uv": [0, 0, 0.3, 1.0763], "texture": "#1"}
			}
		},
		{
			"from": [9.725, 17.05, 7.46185],
			"to": [10.025, 17.925, 8.53815],
			"rotation": {"angle": 0, "axis": "y", "origin": [8.125, 16.5, 8]},
			"faces": {
				"north": {"uv": [0, 0, 0.3, 0.875], "texture": "#1"},
				"east": {"uv": [0, 0, 1.0763, 0.875], "texture": "#1"},
				"south": {"uv": [0, 0, 0.3, 0.875], "texture": "#1"},
				"west": {"uv": [0, 0, 1.0763, 0.875], "texture": "#1"},
				"up": {"uv": [0, 0, 0.3, 1.0763], "texture": "#1"},
				"down": {"uv": [0, 0, 0.3, 1.0763], "texture": "#1"}
			}
		},
		{
			"from": [9.89071, 20.94566, 7.46185],
			"to": [10.19071, 22.92066, 8.53815],
			"rotation": {"angle": -45, "axis": "z", "origin": [8.96571, 19.64566, 8]},
			"faces": {
				"north": {"uv": [0, 0, 0.3, 1.975], "texture": "#1"},
				"east": {"uv": [0, 0, 1.0763, 1.975], "texture": "#1"},
				"south": {"uv": [0, 0, 0.3, 1.975], "texture": "#1"},
				"west": {"uv": [0, 0, 1.0763, 1.975], "texture": "#1"},
				"up": {"uv": [0, 0, 0.3, 1.0763], "texture": "#1"},
				"down": {"uv": [0, 0, 0.3, 1.0763], "texture": "#1"}
			}
		},
		{
			"from": [7.82303, 22.59692, 7.46185],
			"to": [9.79803, 22.89692, 8.53815],
			"rotation": {"angle": -45, "axis": "z", "origin": [8.94803, 19.52192, 8]},
			"faces": {
				"north": {"uv": [0, 0, 0.3, 1.975], "rotation": 270, "texture": "#1"},
				"east": {"uv": [0, 0, 0.3, 1.0763], "rotation": 90, "texture": "#1"},
				"south": {"uv": [0, 0, 0.3, 1.975], "rotation": 90, "texture": "#1"},
				"west": {"uv": [0, 0, 0.3, 1.0763], "rotation": 90, "texture": "#1"},
				"up": {"uv": [0, 0, 1.0763, 1.975], "rotation": 90, "texture": "#1"},
				"down": {"uv": [0, 0, 1.0763, 1.975], "rotation": 90, "texture": "#1"}
			}
		},
		{
			"from": [7.25, 17.8, 7.46185],
			"to": [7.55, 20.575, 8.53815],
			"rotation": {"angle": 22.5, "axis": "z", "origin": [8.475, 16.5, 8]},
			"faces": {
				"north": {"uv": [0.3, 0, 0, 2.775], "texture": "#1"},
				"east": {"uv": [1.0763, 0, 0, 2.775], "texture": "#1"},
				"south": {"uv": [0.3, 0, 0, 2.775], "texture": "#1"},
				"west": {"uv": [1.0763, 0, 0, 2.775], "texture": "#1"},
				"up": {"uv": [0.3, 0, 0, 1.0763], "texture": "#1"},
				"down": {"uv": [0.3, 0, 0, 1.0763], "texture": "#1"}
			}
		},
		{
			"from": [6.575, 17.05, 7.46185],
			"to": [6.875, 17.925, 8.53815],
			"rotation": {"angle": 0, "axis": "y", "origin": [8.475, 16.5, 8]},
			"faces": {
				"north": {"uv": [0.3, 0, 0, 0.875], "texture": "#1"},
				"east": {"uv": [1.0763, 0, 0, 0.875], "texture": "#1"},
				"south": {"uv": [0.3, 0, 0, 0.875], "texture": "#1"},
				"west": {"uv": [1.0763, 0, 0, 0.875], "texture": "#1"},
				"up": {"uv": [0.3, 0, 0, 1.0763], "texture": "#1"},
				"down": {"uv": [0.3, 0, 0, 1.0763], "texture": "#1"}
			}
		},
		{
			"from": [6.40929, 20.94566, 7.46185],
			"to": [6.70929, 22.92066, 8.53815],
			"rotation": {"angle": 45, "axis": "z", "origin": [7.63429, 19.64566, 8]},
			"faces": {
				"north": {"uv": [0.3, 0, 0, 1.975], "texture": "#1"},
				"east": {"uv": [1.0763, 0, 0, 1.975], "texture": "#1"},
				"south": {"uv": [0.3, 0, 0, 1.975], "texture": "#1"},
				"west": {"uv": [1.0763, 0, 0, 1.975], "texture": "#1"},
				"up": {"uv": [0.3, 0, 0, 1.0763], "texture": "#1"},
				"down": {"uv": [0.3, 0, 0, 1.0763], "texture": "#1"}
			}
		},
		{
			"from": [6.80197, 22.59692, 7.46185],
			"to": [8.77697, 22.89692, 8.53815],
			"rotation": {"angle": 45, "axis": "z", "origin": [7.65197, 19.52192, 8]},
			"faces": {
				"north": {"uv": [0, 1.975, 0.3, 0], "rotation": 270, "texture": "#1"},
				"east": {"uv": [0, 1.0763, 0.3, 0], "rotation": 90, "texture": "#1"},
				"south": {"uv": [0, 1.975, 0.3, 0], "rotation": 90, "texture": "#1"},
				"west": {"uv": [0, 1.0763, 0.3, 0], "rotation": 90, "texture": "#1"},
				"up": {"uv": [0, 1.975, 1.0763, 0], "rotation": 90, "texture": "#1"},
				"down": {"uv": [0, 1.975, 1.0763, 0], "rotation": 90, "texture": "#1"}
			}
		},
		{
			"from": [7.76382, 22.59692, 6.5],
			"to": [8.84012, 22.89692, 8.475],
			"rotation": {"angle": -45, "axis": "x", "origin": [8.30197, 19.52192, 7.35]},
			"faces": {
				"north": {"uv": [0, 1.0763, 0.3, 0], "rotation": 90, "texture": "#1"},
				"east": {"uv": [0, 1.975, 0.3, 0], "rotation": 270, "texture": "#1"},
				"south": {"uv": [0, 1.0763, 0.3, 0], "rotation": 90, "texture": "#1"},
				"west": {"uv": [0, 1.975, 0.3, 0], "rotation": 90, "texture": "#1"},
				"up": {"uv": [0, 1.975, 1.0763, 0], "rotation": 180, "texture": "#1"},
				"down": {"uv": [0, 1.975, 1.0763, 0], "texture": "#1"}
			}
		},
		{
			"from": [7.76382, 17.8, 8.74803],
			"to": [8.84012, 20.575, 9.04803],
			"rotation": {"angle": 22.5, "axis": "x", "origin": [8.30197, 16.5, 7.82303]},
			"faces": {
				"north": {"uv": [0, 0, 1.0763, 2.775], "texture": "#1"},
				"east": {"uv": [0, 0, 0.3, 2.775], "texture": "#1"},
				"south": {"uv": [0, 0, 1.0763, 2.775], "texture": "#1"},
				"west": {"uv": [0, 0, 0.3, 2.775], "texture": "#1"},
				"up": {"uv": [0, 0, 0.3, 1.0763], "rotation": 90, "texture": "#1"},
				"down": {"uv": [0, 0, 0.3, 1.0763], "rotation": 270, "texture": "#1"}
			}
		},
		{
			"from": [7.76382, 17.05, 9.42303],
			"to": [8.84012, 17.925, 9.72303],
			"rotation": {"angle": 0, "axis": "y", "origin": [8.30197, 16.5, 7.82303]},
			"faces": {
				"north": {"uv": [0, 0, 1.0763, 0.875], "texture": "#1"},
				"east": {"uv": [0, 0, 0.3, 0.875], "texture": "#1"},
				"south": {"uv": [0, 0, 1.0763, 0.875], "texture": "#1"},
				"west": {"uv": [0, 0, 0.3, 0.875], "texture": "#1"},
				"up": {"uv": [0, 0, 0.3, 1.0763], "rotation": 90, "texture": "#1"},
				"down": {"uv": [0, 0, 0.3, 1.0763], "rotation": 270, "texture": "#1"}
			}
		},
		{
			"from": [7.76382, 20.94566, 9.58874],
			"to": [8.84012, 22.92066, 9.88874],
			"rotation": {"angle": 45, "axis": "x", "origin": [8.30197, 19.64566, 8.66374]},
			"faces": {
				"north": {"uv": [0, 0, 1.0763, 1.975], "texture": "#1"},
				"east": {"uv": [0, 0, 0.3, 1.975], "texture": "#1"},
				"south": {"uv": [0, 0, 1.0763, 1.975], "texture": "#1"},
				"west": {"uv": [0, 0, 0.3, 1.975], "texture": "#1"},
				"up": {"uv": [0, 0, 0.3, 1.0763], "rotation": 90, "texture": "#1"},
				"down": {"uv": [0, 0, 0.3, 1.0763], "rotation": 270, "texture": "#1"}
			}
		},
		{
			"from": [7.76382, 22.59692, 7.52107],
			"to": [8.84012, 22.89692, 9.49607],
			"rotation": {"angle": 45, "axis": "x", "origin": [8.30197, 19.52192, 8.64607]},
			"faces": {
				"north": {"uv": [0, 0, 0.3, 1.0763], "rotation": 90, "texture": "#1"},
				"east": {"uv": [0, 0, 0.3, 1.975], "rotation": 270, "texture": "#1"},
				"south": {"uv": [0, 0, 0.3, 1.0763], "rotation": 90, "texture": "#1"},
				"west": {"uv": [0, 0, 0.3, 1.975], "rotation": 90, "texture": "#1"},
				"up": {"uv": [0, 0, 1.0763, 1.975], "rotation": 180, "texture": "#1"},
				"down": {"uv": [0, 0, 1.0763, 1.975], "texture": "#1"}
			}
		},
		{
			"from": [7.76382, 17.8, 6.94803],
			"to": [8.84012, 20.575, 7.24803],
			"rotation": {"angle": -22.5, "axis": "x", "origin": [8.30197, 16.5, 8.17303]},
			"faces": {
				"north": {"uv": [1.0763, 0, 0, 2.775], "texture": "#1"},
				"east": {"uv": [0.3, 0, 0, 2.775], "texture": "#1"},
				"south": {"uv": [1.0763, 0, 0, 2.775], "texture": "#1"},
				"west": {"uv": [0.3, 0, 0, 2.775], "texture": "#1"},
				"up": {"uv": [0.3, 0, 0, 1.0763], "rotation": 90, "texture": "#1"},
				"down": {"uv": [0.3, 0, 0, 1.0763], "rotation": 270, "texture": "#1"}
			}
		},
		{
			"from": [7.76382, 17.05, 6.27303],
			"to": [8.84012, 17.925, 6.57303],
			"rotation": {"angle": 0, "axis": "y", "origin": [8.30197, 16.5, 8.17303]},
			"faces": {
				"north": {"uv": [1.0763, 0, 0, 0.875], "texture": "#1"},
				"east": {"uv": [0.3, 0, 0, 0.875], "texture": "#1"},
				"south": {"uv": [1.0763, 0, 0, 0.875], "texture": "#1"},
				"west": {"uv": [0.3, 0, 0, 0.875], "texture": "#1"},
				"up": {"uv": [0.3, 0, 0, 1.0763], "rotation": 90, "texture": "#1"},
				"down": {"uv": [0.3, 0, 0, 1.0763], "rotation": 270, "texture": "#1"}
			}
		},
		{
			"from": [7.96185, 16, 6.3],
			"to": [8.63815, 19, 9.7],
			"rotation": {"angle": -45, "axis": "y", "origin": [8.3, 16.5, 8]},
			"faces": {
				"north": {"uv": [5.8125, 6.5625, 6.4888, 9.5625], "texture": "#1"},
				"east": {"uv": [0, 0, 3.4, 3], "texture": "#1"},
				"south": {"uv": [3.59375, 11.84375, 4.27005, 14.84375], "texture": "#1"},
				"west": {"uv": [0, 0, 3.4, 3], "texture": "#1"},
				"up": {"uv": [2.875, 2.28125, 3.5513, 5.68125], "texture": "#1"},
				"down": {"uv": [10.375, 5.15625, 11.0513, 8.55625], "texture": "#1"}
			}
		},
		{
			"from": [7.96185, 16, 6.3],
			"to": [8.63815, 19, 9.7],
			"rotation": {"angle": -22.5, "axis": "y", "origin": [8.3, 16.5, 8]},
			"faces": {
				"north": {"uv": [11.90625, 6.8125, 12.58255, 9.8125], "texture": "#1"},
				"east": {"uv": [0, 0, 3.4, 3], "texture": "#1"},
				"south": {"uv": [11.625, 11.21875, 12.3013, 14.21875], "texture": "#1"},
				"west": {"uv": [0, 0, 3.4, 3], "texture": "#1"},
				"up": {"uv": [0, 0, 0.6763, 3.4], "texture": "#1"},
				"down": {"uv": [5.90625, 8.34375, 6.58255, 11.74375], "texture": "#1"}
			}
		},
		{
			"from": [7.96185, 16, 6.3],
			"to": [8.63815, 19, 9.7],
			"rotation": {"angle": 0, "axis": "y", "origin": [8.3, 16.5, 8]},
			"faces": {
				"north": {"uv": [0, 0, 0.6763, 3], "texture": "#1"},
				"east": {"uv": [0, 0, 3.4, 3], "texture": "#1"},
				"south": {"uv": [7.6875, 0.875, 8.3638, 3.875], "texture": "#1"},
				"west": {"uv": [0, 0, 3.4, 3], "texture": "#1"},
				"up": {"uv": [2, 3.8125, 2.6763, 7.2125], "texture": "#1"},
				"down": {"uv": [4.15625, 5.09375, 4.83255, 8.49375], "texture": "#1"}
			}
		},
		{
			"from": [7.96185, 16, 6.3],
			"to": [8.63815, 19, 9.7],
			"rotation": {"angle": 22.5, "axis": "y", "origin": [8.3, 16.5, 8]},
			"faces": {
				"north": {"uv": [0.6763, 3, 0, 0], "texture": "#1"},
				"east": {"uv": [0, 0, 3.4, 3], "texture": "#1"},
				"south": {"uv": [12.84375, 0, 13.52005, 3], "texture": "#1"},
				"west": {"uv": [0, 0, 3.4, 3], "texture": "#1"},
				"up": {"uv": [6.34375, 5.53125, 7.02005, 8.93125], "texture": "#1"},
				"down": {"uv": [14.78125, 12.25, 15.45755, 15.65], "texture": "#1"}
			}
		},
		{
			"from": [7.96185, 16, 6.3],
			"to": [8.63815, 19, 9.7],
			"rotation": {"angle": 45, "axis": "y", "origin": [8.3, 16.5, 8]},
			"faces": {
				"north": {"uv": [8.875, 6, 9.5513, 9], "texture": "#1"},
				"east": {"uv": [0, 0, 3.4, 3], "texture": "#1"},
				"south": {"uv": [0, 0, 0.6763, 3], "texture": "#1"},
				"west": {"uv": [0, 0, 3.4, 3], "texture": "#1"},
				"up": {"uv": [0, 0, 0.6763, 3.4], "texture": "#1"},
				"down": {"uv": [6.46875, 6.09375, 7.14505, 9.49375], "texture": "#1"}
			}
		},
		{
			"from": [6.6, 16, 7.66185],
			"to": [10, 19, 8.33815],
			"rotation": {"angle": -22.5, "axis": "y", "origin": [8.3, 16.5, 8]},
			"faces": {
				"north": {"uv": [0, 0, 3.4, 3], "texture": "#1"},
				"east": {"uv": [11.625, 9.8125, 12.3013, 12.8125], "texture": "#1"},
				"south": {"uv": [0, 0, 3.4, 3], "texture": "#1"},
				"west": {"uv": [4.28125, 7.625, 4.95755, 10.625], "texture": "#1"},
				"up": {"uv": [0, 0, 3.4, 0.6763], "texture": "#1"},
				"down": {"uv": [11.90625, 2.21875, 15.30625, 2.89505], "texture": "#1"}
			}
		},
		{
			"from": [6.6, 16, 7.66185],
			"to": [10, 19, 8.33815],
			"rotation": {"angle": 0, "axis": "y", "origin": [8.3, 16.5, 8]},
			"faces": {
				"north": {"uv": [0, 0, 3.4, 3], "texture": "#1"},
				"east": {"uv": [0, 0, 0.6763, 3], "texture": "#1"},
				"south": {"uv": [0, 0, 3.4, 3], "texture": "#1"},
				"west": {"uv": [0, 0, 0.6763, 3], "texture": "#1"},
				"up": {"uv": [5.75, 4, 9.15, 4.6763], "texture": "#1"},
				"down": {"uv": [0, 0, 3.4, 0.6763], "texture": "#1"}
			}
		},
		{
			"from": [6.6, 16, 7.66185],
			"to": [10, 19, 8.33815],
			"rotation": {"angle": 22.5, "axis": "y", "origin": [8.3, 16.5, 8]},
			"faces": {
				"north": {"uv": [0, 0, 3.4, 3], "texture": "#1"},
				"east": {"uv": [14.25, 10.5, 14.9263, 13.5], "texture": "#1"},
				"south": {"uv": [0, 0, 3.4, 3], "texture": "#1"},
				"west": {"uv": [12.5, 10.90625, 13.1763, 13.90625], "texture": "#1"},
				"up": {"uv": [2.21875, 6, 5.61875, 6.6763], "texture": "#1"},
				"down": {"uv": [4.75, 7.625, 8.15, 8.3013], "texture": "#1"}
			}
		},
		{
			"from": [8.06131, 14.45, 6.8],
			"to": [8.53869, 15.45, 9.2],
			"rotation": {"angle": -45, "axis": "y", "origin": [8.3, 14.95, 8]},
			"faces": {
				"north": {"uv": [1.5625, 0, 2.03989, 1], "texture": "#1"},
				"east": {"uv": [0, 0, 2.4, 1], "texture": "#1"},
				"south": {"uv": [4.46875, 6.9375, 4.94614, 7.9375], "texture": "#1"},
				"west": {"uv": [0, 0, 2.4, 1], "texture": "#1"},
				"up": {"uv": [0, 0, 0.47739, 2.4], "texture": "#1"},
				"down": {"uv": [2.28125, 2.28125, 2.75864, 4.68125], "texture": "#1"}
			}
		},
		{
			"from": [8.06131, 14.45, 6.8],
			"to": [8.53869, 15.45, 9.2],
			"rotation": {"angle": -22.5, "axis": "y", "origin": [8.3, 14.95, 8]},
			"faces": {
				"north": {"uv": [0, 0, 0.47739, 1], "texture": "#1"},
				"east": {"uv": [0, 0, 2.4, 1], "texture": "#1"},
				"south": {"uv": [6.625, 9.4375, 7.10239, 10.4375], "texture": "#1"},
				"west": {"uv": [0, 0, 2.4, 1], "texture": "#1"},
				"up": {"uv": [0, 0, 0.47739, 2.4], "texture": "#1"},
				"down": {"uv": [3.40625, 3.28125, 3.88364, 5.68125], "texture": "#1"}
			}
		},
		{
			"from": [8.06131, 14.45, 6.8],
			"to": [8.53869, 15.45, 9.2],
			"rotation": {"angle": 0, "axis": "y", "origin": [8.3, 14.95, 8]},
			"faces": {
				"north": {"uv": [1.78125, 1.78125, 2.25864, 2.78125], "texture": "#1"},
				"east": {"uv": [0, 0, 2.4, 1], "texture": "#1"},
				"south": {"uv": [6, 5.21875, 6.47739, 6.21875], "texture": "#1"},
				"west": {"uv": [0, 0, 2.4, 1], "texture": "#1"},
				"up": {"uv": [0, 0, 0.47739, 2.4], "texture": "#1"},
				"down": {"uv": [0, 0, 0.47739, 2.4], "texture": "#1"}
			}
		},
		{
			"from": [8.06131, 14.45, 6.8],
			"to": [8.53869, 15.45, 9.2],
			"rotation": {"angle": 22.5, "axis": "y", "origin": [8.3, 14.95, 8]},
			"faces": {
				"north": {"uv": [7.8125, 6.40625, 8.28989, 7.40625], "texture": "#1"},
				"east": {"uv": [0, 0, 2.4, 1], "texture": "#1"},
				"south": {"uv": [0, 0, 0.47739, 1], "texture": "#1"},
				"west": {"uv": [0, 0, 2.4, 1], "texture": "#1"},
				"up": {"uv": [0, 0, 0.47739, 2.4], "texture": "#1"},
				"down": {"uv": [3.875, 3.625, 4.35239, 6.025], "texture": "#1"}
			}
		},
		{
			"from": [8.06131, 14.45, 6.8],
			"to": [8.53869, 15.45, 9.2],
			"rotation": {"angle": 45, "axis": "y", "origin": [8.3, 14.95, 8]},
			"faces": {
				"north": {"uv": [13.09375, 1.1875, 13.57114, 2.1875], "texture": "#1"},
				"east": {"uv": [0, 0, 2.4, 1], "texture": "#1"},
				"south": {"uv": [15.52261, 15, 16, 16], "texture": "#1"},
				"west": {"uv": [0, 0, 2.4, 1], "texture": "#1"},
				"up": {"uv": [0, 0, 0.47739, 2.4], "texture": "#1"},
				"down": {"uv": [0, 0, 0.47739, 2.4], "texture": "#1"}
			}
		},
		{
			"from": [7.1, 14.45, 7.76131],
			"to": [9.5, 15.45, 8.23869],
			"rotation": {"angle": -22.5, "axis": "y", "origin": [8.3, 14.95, 8]},
			"faces": {
				"north": {"uv": [0, 0, 2.4, 1], "texture": "#1"},
				"east": {"uv": [0, 0, 0.47739, 1], "texture": "#1"},
				"south": {"uv": [0, 0, 2.4, 1], "texture": "#1"},
				"west": {"uv": [14.03125, 3, 14.50864, 4], "texture": "#1"},
				"up": {"uv": [0, 0, 2.4, 0.47739], "texture": "#1"},
				"down": {"uv": [0, 0, 2.4, 0.47739], "texture": "#1"}
			}
		},
		{
			"from": [7.1, 14.45, 7.76131],
			"to": [9.5, 15.45, 8.23869],
			"rotation": {"angle": 0, "axis": "y", "origin": [8.3, 14.95, 8]},
			"faces": {
				"north": {"uv": [0, 0, 2.4, 1], "texture": "#1"},
				"east": {"uv": [0.46875, 0, 0.94614, 1], "texture": "#1"},
				"south": {"uv": [0, 0, 2.4, 1], "texture": "#1"},
				"west": {"uv": [1.40625, 3.34375, 1.88364, 4.34375], "texture": "#1"},
				"up": {"uv": [0, 0, 2.4, 0.47739], "texture": "#1"},
				"down": {"uv": [0.59375, 2.625, 2.99375, 3.10239], "texture": "#1"}
			}
		},
		{
			"from": [7.1, 14.45, 7.76131],
			"to": [9.5, 15.45, 8.23869],
			"rotation": {"angle": 22.5, "axis": "y", "origin": [8.3, 14.95, 8]},
			"faces": {
				"north": {"uv": [0, 0, 2.4, 1], "texture": "#1"},
				"east": {"uv": [1, 0, 1.47739, 1], "texture": "#1"},
				"south": {"uv": [0, 0, 2.4, 1], "texture": "#1"},
				"west": {"uv": [0, 0, 0.47739, 1], "texture": "#1"},
				"up": {"uv": [0, 0, 2.4, 0.47739], "texture": "#1"},
				"down": {"uv": [4.8125, 6.15625, 7.2125, 6.63364], "texture": "#1"}
			}
		},
		{
			"from": [3.475, 17.525, 8.05],
			"to": [14.475, 28.525, 8.05],
			"faces": {
				"north": {"uv": [0, 0, 16, 16], "texture": "#3"},
				"east": {"uv": [0, 0, 0, 0], "texture": "#3"},
				"south": {"uv": [0.8125, 0, 0, 0.65625], "texture": "#3"},
				"west": {"uv": [0, 0, 0, 0], "texture": "#3"},
				"up": {"uv": [0, 0, 0, 0], "texture": "#3"},
				"down": {"uv": [0, 0, 0, 0], "texture": "#3"}
			}
		},
		{
			"from": [2.375, 16.45, 8.05],
			"to": [13.375, 27.45, 8.05],
			"faces": {
				"south": {"uv": [0, 0, 16, 16], "texture": "#3"}
			}
		},
		{
			"from": [8.625, 18.925, 0.1],
			"to": [8.625, 32, 13.3],
			"faces": {
				"east": {"uv": [16, 0, 0, 16], "texture": "#3"},
				"west": {"uv": [0, 0, 16, 16], "texture": "#3"}
			}
		}
	],
	"display": {
		"firstperson_righthand": {
			"rotation": [-36, 0, 0],
			"translation": [1.5, 0, 0],
			"scale": [0.9, 0.9, 0.9]
		},
		"firstperson_lefthand": {
			"rotation": [-36, 0, 0],
			"translation": [1.5, 0, 0],
			"scale": [0.9, 0.9, 0.9]
		},
		"ground": {
			"scale": [0.625, 0.625, 0.625]
		},
		"gui": {
			"rotation": [30, 0, 45],
			"translation": [3.5, -3.5, 0]
		},
		"fixed": {
			"rotation": [-18, 0, 0],
			"translation": [0, 0, -2.75],
			"scale": [2, 2, 2]
		}
	},
	"groups": [
		{
			"name": "group",
			"origin": [8, 8, 8],
			"color": 0,
			"children": [0, 1, 2, 3, 4, 5, 6, 7]
		},
		{
			"name": "group",
			"origin": [8, 8, 8],
			"color": 0,
			"children": [8, 9, 10, 11, 12, 13, 14, 15]
		},
		{
			"name": "group",
			"origin": [8, 8, 8],
			"color": 0,
			"children": [16, 17, 18, 19, 20, 21, 22, 23]
		},
		{
			"name": "group",
			"origin": [8, 8, 8],
			"color": 0,
			"children": [24, 25, 26, 27, 28, 29, 30, 31]
		},
		{
			"name": "group",
			"origin": [8.30197, 16.5, 8.17303],
			"color": 0,
			"children": [32, 33, 34, 35, 36, 37, 38, 39, 40, 41, 42, 43, 44, 45, 46, 47]
		},
		{
			"name": "group",
			"origin": [8, 8, 8],
			"color": 0,
			"children": [48, 49, 50, 51, 52, 53, 54, 55]
		},
		{
			"name": "group",
			"origin": [8, 8, 8],
			"color": 0,
			"children": [56, 57, 58, 59, 60, 61, 62, 63]
		},
		64,
		65,
		66
	]
}