{
	"credit": "Made with Blockbench",
	"textures": {
		"0": "prism:block/big_oak_log",
		"1": "prism:block/big_oak_log_top",
		"particle": "prism:block/big_oak_log_top"
	},
	"elements": [
		{
			"name": "hexadecagon",
			"from": [6.70707, 0, 1.5],
			"to": [9.29293, 16, 14.5],
			"rotation": {"angle": -45, "axis": "y", "origin": [8, 8, 8]},
			"faces": {
				"north": {"uv": [10.475, 0, 13.06086, 16], "texture": "#0"},
				"east": {"uv": [0, 0, 13, 16], "texture": "#missing"},
				"south": {"uv": [5.3, 0, 7.88586, 16], "texture": "#0"},
				"west": {"uv": [0, 0, 13, 16], "texture": "#missing"},
				"up": {"uv": [0, 0, 16, 16], "rotation": 90, "texture": "#0"},
				"down": {"uv": [0, 0, 16, 16], "rotation": 90, "texture": "#0"}
			}
		},
		{
			"name": "hexadecagon",
			"from": [6.70707, 0, 1.5],
			"to": [9.29293, 16, 14.5],
			"rotation": {"angle": -22.5, "axis": "y", "origin": [8, 8, 8]},
			"faces": {
				"north": {"uv": [13.075, 0, 15.66086, 16], "texture": "#0"},
				"east": {"uv": [0, 0, 13, 16], "texture": "#missing"},
				"south": {"uv": [7.875, 0, 10.46086, 16], "texture": "#0"},
				"west": {"uv": [0, 0, 13, 16], "texture": "#missing"},
				"up": {"uv": [0, 0, 16, 16], "rotation": 90, "texture": "#0"},
				"down": {"uv": [0, 0, 16, 16], "rotation": 90, "texture": "#0"}
			}
		},
		{
			"name": "hexadecagon",
			"from": [6.70707, 0, 1.5],
			"to": [9.29293, 16, 14.5],
			"rotation": {"angle": 0, "axis": "y", "origin": [8, 8, 8]},
			"faces": {
				"north": {"uv": [0, 0, 2.58586, 16], "texture": "#0"},
				"east": {"uv": [0, 0, 13, 16], "texture": "#missing"},
				"south": {"uv": [10.475, 0, 13.06086, 16], "texture": "#0"},
				"west": {"uv": [0, 0, 13, 16], "texture": "#missing"},
				"up": {"uv": [0, 0, 16, 16], "rotation": 90, "texture": "#0"},
				"down": {"uv": [0, 0, 16, 16], "rotation": 90, "texture": "#0"}
			}
		},
		{
			"name": "hexadecagon",
			"from": [6.70707, 0, 1.5],
			"to": [9.29293, 16, 14.5],
			"rotation": {"angle": 22.5, "axis": "y", "origin": [8, 8, 8]},
			"faces": {
				"north": {"uv": [2.6, 0, 5.18586, 16], "texture": "#0"},
				"east": {"uv": [0, 0, 13, 16], "texture": "#missing"},
				"south": {"uv": [13.075, 0, 15.66086, 16], "texture": "#0"},
				"west": {"uv": [0, 0, 13, 16], "texture": "#missing"},
				"up": {"uv": [0, 0, 16, 16], "rotation": 90, "texture": "#0"},
				"down": {"uv": [0, 0, 16, 16], "rotation": 90, "texture": "#0"}
			}
		},
		{
			"name": "hexadecagon",
			"from": [6.70707, 0, 1.5],
			"to": [9.29293, 16, 14.5],
			"rotation": {"angle": 45, "axis": "y", "origin": [8, 8, 8]},
			"faces": {
				"north": {"uv": [5.3, 0, 7.88586, 16], "texture": "#0"},
				"east": {"uv": [0, 0, 13, 16], "texture": "#missing"},
				"south": {"uv": [0, 0, 2.58586, 16], "texture": "#0"},
				"west": {"uv": [0, 0, 13, 16], "texture": "#missing"},
				"up": {"uv": [0, 0, 16, 16], "rotation": 90, "texture": "#0"},
				"down": {"uv": [0, 0, 16, 16], "rotation": 90, "texture": "#0"}
			}
		},
		{
			"name": "hexadecagon",
			"from": [1.5, 0, 6.70707],
			"to": [14.5, 16, 9.29293],
			"rotation": {"angle": -22.5, "axis": "y", "origin": [8, 8, 8]},
			"faces": {
				"north": {"uv": [0, 0, 13, 16], "texture": "#missing"},
				"east": {"uv": [2.6, 0, 5.18586, 16], "texture": "#0"},
				"south": {"uv": [0, 0, 13, 16], "texture": "#missing"},
				"west": {"uv": [7.875, 0, 10.46086, 16], "texture": "#0"},
				"up": {"uv": [0, 0, 16, 16], "texture": "#0"},
				"down": {"uv": [0, 0, 16, 16], "texture": "#0"}
			}
		},
		{
			"name": "hexadecagon",
			"from": [1.5, 0, 6.70707],
			"to": [14.5, 16, 9.29293],
			"rotation": {"angle": 0, "axis": "y", "origin": [8, 8, 8]},
			"faces": {
				"north": {"uv": [0, 0, 13, 16], "texture": "#missing"},
				"east": {"uv": [5.3, 0, 7.88586, 16], "texture": "#0"},
				"south": {"uv": [0, 0, 13, 16], "texture": "#missing"},
				"west": {"uv": [0, 0, 2.58586, 16], "texture": "#0"},
				"up": {"uv": [0, 0, 16, 16], "texture": "#0"},
				"down": {"uv": [0, 0, 16, 16], "texture": "#0"}
			}
		},
		{
			"name": "hexadecagon",
			"from": [1.5, 0, 6.70707],
			"to": [14.5, 16, 9.29293],
			"rotation": {"angle": 22.5, "axis": "y", "origin": [8, 8, 8]},
			"faces": {
				"north": {"uv": [0, 0, 13, 16], "texture": "#missing"},
				"east": {"uv": [7.875, 0, 10.46086, 16], "texture": "#0"},
				"south": {"uv": [0, 0, 13, 16], "texture": "#missing"},
				"west": {"uv": [2.6, 0, 5.18586, 16], "texture": "#0"},
				"up": {"uv": [0, 0, 16, 16], "texture": "#0"},
				"down": {"uv": [0, 0, 16, 16], "texture": "#0"}
			}
		},
		{
			"from": [1.625, 16.025, 1.65],
			"to": [14.275, 16.025, 14.3],
			"faces": {
				"up": {"uv": [0, 0, 16, 16], "texture": "#1"}
			}
		},
		{
			"from": [1.625, -0.05, 1.65],
			"to": [14.275, -0.05, 14.3],
			"rotation": {"angle": 0, "axis": "y", "origin": [0, 16, 0]},
			"faces": {
				"down": {"uv": [0, 16, 16, 0], "texture": "#1"}
			}
		}
	],
	"display": {
		"thirdperson_righthand": {
			"rotation": [75, 45, 0],
			"translation": [0, 2.5, 0],
			"scale": [0.375, 0.375, 0.375]
		},
		"thirdperson_lefthand": {
			"rotation": [75, 45, 0],
			"translation": [0, 2.5, 0],
			"scale": [0.375, 0.375, 0.375]
		},
		"firstperson_righthand": {
			"rotation": [0, 45, 0],
			"scale": [0.4, 0.4, 0.4]
		},
		"firstperson_lefthand": {
			"rotation": [0, 225, 0],
			"scale": [0.4, 0.4, 0.4]
		},
		"ground": {
			"translation": [0, 3, 0],
			"scale": [0.25, 0.25, 0.25]
		},
		"gui": {
			"rotation": [30, 225, 0],
			"scale": [0.625, 0.625, 0.625]
		},
		"fixed": {
			"scale": [0.5, 0.5, 0.5]
		}
	},
	"groups": [
		{
			"name": "hexadecagon",
			"origin": [8, 8, 8],
			"color": 0,
			"children": [0, 1, 2, 3, 4, 5, 6, 7]
		},
		8,
		9
	]
}