{
	"credit": "Made with Blockbench",
	"textures": {
		"1": "prism:custom/plate_1",
		"2": "prism:custom/bacon",
		"3": "prism:custom/egg",
		"particle": "prism:custom/plate_1"
	},
	"elements": [
		{
			"from": [1.5, 0.25, 1.5],
			"to": [14.5, 0.25, 14.5],
			"faces": {
				"north": {"uv": [0, 0, 13, 0], "texture": "#missing"},
				"east": {"uv": [0, 0, 13, 0], "texture": "#missing"},
				"south": {"uv": [0, 0, 13, 0], "texture": "#missing"},
				"west": {"uv": [0, 0, 13, 0], "texture": "#missing"},
				"up": {"uv": [0, 0, 16, 16], "texture": "#1"},
				"down": {"uv": [0, 0, 16, 16], "texture": "#1"}
			}
		},
		{
			"from": [3.5, 0.45, 1.5],
			"to": [10.5, 0.45, 8.5],
			"rotation": {"angle": 22.5, "axis": "y", "origin": [7, 0.325, 5]},
			"faces": {
				"north": {"uv": [0, 0, 13, 0], "texture": "#2"},
				"east": {"uv": [0, 0, 13, 0], "texture": "#2"},
				"south": {"uv": [0, 0, 13, 0], "texture": "#2"},
				"west": {"uv": [0, 0, 13, 0], "texture": "#2"},
				"up": {"uv": [0, 0, 16, 16], "texture": "#2"},
				"down": {"uv": [0, 0, 16, 16], "texture": "#2"}
			}
		},
		{
			"from": [3, 0.325, 2],
			"to": [10, 0.325, 9],
			"rotation": {"angle": 0, "axis": "y", "origin": [7, 0.325, 5]},
			"faces": {
				"north": {"uv": [0, 0, 13, 0], "texture": "#2"},
				"east": {"uv": [0, 0, 13, 0], "texture": "#2"},
				"south": {"uv": [0, 0, 13, 0], "texture": "#2"},
				"west": {"uv": [0, 0, 13, 0], "texture": "#2"},
				"up": {"uv": [0, 0, 16, 16], "texture": "#2"},
				"down": {"uv": [0, 0, 16, 16], "texture": "#2"}
			}
		},
		{
			"from": [3, 0.55, 2],
			"to": [10, 0.55, 9],
			"rotation": {"angle": 45, "axis": "y", "origin": [7, 0.325, 5]},
			"faces": {
				"north": {"uv": [0, 0, 13, 0], "texture": "#2"},
				"east": {"uv": [0, 0, 13, 0], "texture": "#2"},
				"south": {"uv": [0, 0, 13, 0], "texture": "#2"},
				"west": {"uv": [0, 0, 13, 0], "texture": "#2"},
				"up": {"uv": [0, 0, 16, 16], "texture": "#2"},
				"down": {"uv": [0, 0, 16, 16], "texture": "#2"}
			}
		},
		{
			"from": [3, 0.325, 6],
			"to": [8, 0.325, 11],
			"rotation": {"angle": 45, "axis": "y", "origin": [7, 0.325, 5]},
			"faces": {
				"north": {"uv": [0, 0, 13, 0], "texture": "#3"},
				"east": {"uv": [0, 0, 13, 0], "texture": "#3"},
				"south": {"uv": [0, 0, 13, 0], "texture": "#3"},
				"west": {"uv": [0, 0, 13, 0], "texture": "#3"},
				"up": {"uv": [0, 0, 16, 16], "texture": "#3"},
				"down": {"uv": [0, 0, 16, 16], "texture": "#3"}
			}
		},
		{
			"from": [1.5, 0.2, 1.5],
			"to": [14.5, 0.2, 14.5],
			"faces": {
				"north": {"uv": [0, 0, 13, 0], "texture": "#missing"},
				"east": {"uv": [0, 0, 13, 0], "texture": "#missing"},
				"south": {"uv": [0, 0, 13, 0], "texture": "#missing"},
				"west": {"uv": [0, 0, 13, 0], "texture": "#missing"},
				"up": {"uv": [0, 0, 16, 16], "texture": "#1"},
				"down": {"uv": [0, 0, 16, 16], "texture": "#1"}
			}
		},
		{
			"from": [1.5, 0.15, 1.5],
			"to": [14.5, 0.15, 14.5],
			"faces": {
				"north": {"uv": [0, 0, 13, 0], "texture": "#missing"},
				"east": {"uv": [0, 0, 13, 0], "texture": "#missing"},
				"south": {"uv": [0, 0, 13, 0], "texture": "#missing"},
				"west": {"uv": [0, 0, 13, 0], "texture": "#missing"},
				"up": {"uv": [0, 0, 16, 16], "texture": "#1"},
				"down": {"uv": [0, 0, 16, 16], "texture": "#1"}
			}
		},
		{
			"from": [1.5, 0.075, 1.5],
			"to": [14.5, 0.075, 14.5],
			"faces": {
				"north": {"uv": [0, 0, 13, 0], "texture": "#missing"},
				"east": {"uv": [0, 0, 13, 0], "texture": "#missing"},
				"south": {"uv": [0, 0, 13, 0], "texture": "#missing"},
				"west": {"uv": [0, 0, 13, 0], "texture": "#missing"},
				"up": {"uv": [0, 0, 16, 16], "texture": "#1"},
				"down": {"uv": [0, 0, 16, 16], "texture": "#1"}
			}
		},
		{
			"from": [1.5, 0.125, 1.5],
			"to": [14.5, 0.125, 14.5],
			"faces": {
				"north": {"uv": [0, 0, 13, 0], "texture": "#missing"},
				"east": {"uv": [0, 0, 13, 0], "texture": "#missing"},
				"south": {"uv": [0, 0, 13, 0], "texture": "#missing"},
				"west": {"uv": [0, 0, 13, 0], "texture": "#missing"},
				"up": {"uv": [0, 0, 16, 16], "texture": "#1"},
				"down": {"uv": [0, 0, 16, 16], "texture": "#1"}
			}
		}
	],
	"display": {
		"thirdperson_righthand": {
			"rotation": [75, 45, 0],
			"translation": [0, 2.5, 0],
			"scale": [0.375, 0.375, 0.375]
		},
		"thirdperson_lefthand": {
			"rotation": [75, 45, 0],
			"translation": [0, 2.5, 0],
			"scale": [0.375, 0.375, 0.375]
		},
		"firstperson_righthand": {
			"rotation": [52, 45, 48],
			"translation": [0, 4.5, 3],
			"scale": [0.4, 0.4, 0.4]
		},
		"firstperson_lefthand": {
			"rotation": [52, 45, 48],
			"translation": [0, 4.5, 3],
			"scale": [0.4, 0.4, 0.4]
		},
		"ground": {
			"translation": [0, 7.75, 0],
			"scale": [1.25, 1.25, 1.25]
		},
		"gui": {
			"rotation": [90, 40, 0],
			"scale": [1.25, 1.25, 1.25]
		},
		"fixed": {
			"rotation": [-90, 40, 0],
			"translation": [0, 0, -10.25],
			"scale": [1.25, 1.25, 1.25]
		}
	}
}