{
	"credit": "Made with Blockbench",
	"textures": {
		"1": "prism:custom/plate_1",
		"3": "prism:custom/pancake_top",
		"5": "prism:custom/pancake_light",
		"6": "prism:custom/strawberry",
		"7": "prism:custom/butter",
		"particle": "prism:custom/plate_1"
	},
	"elements": [
		{
			"from": [1.5, 0.25, 1.5],
			"to": [14.5, 0.25, 14.5],
			"faces": {
				"north": {"uv": [0, 0, 13, 0], "texture": "#missing"},
				"east": {"uv": [0, 0, 13, 0], "texture": "#missing"},
				"south": {"uv": [0, 0, 13, 0], "texture": "#missing"},
				"west": {"uv": [0, 0, 13, 0], "texture": "#missing"},
				"up": {"uv": [0, 0, 16, 16], "texture": "#1"},
				"down": {"uv": [0, 0, 16, 16], "texture": "#1"}
			}
		},
		{
			"from": [1.5, 0.2, 1.5],
			"to": [14.5, 0.2, 14.5],
			"faces": {
				"north": {"uv": [0, 0, 13, 0], "texture": "#missing"},
				"east": {"uv": [0, 0, 13, 0], "texture": "#missing"},
				"south": {"uv": [0, 0, 13, 0], "texture": "#missing"},
				"west": {"uv": [0, 0, 13, 0], "texture": "#missing"},
				"up": {"uv": [0, 0, 16, 16], "texture": "#1"},
				"down": {"uv": [0, 0, 16, 16], "texture": "#1"}
			}
		},
		{
			"from": [1.5, 0.15, 1.5],
			"to": [14.5, 0.15, 14.5],
			"faces": {
				"north": {"uv": [0, 0, 13, 0], "texture": "#missing"},
				"east": {"uv": [0, 0, 13, 0], "texture": "#missing"},
				"south": {"uv": [0, 0, 13, 0], "texture": "#missing"},
				"west": {"uv": [0, 0, 13, 0], "texture": "#missing"},
				"up": {"uv": [0, 0, 16, 16], "texture": "#1"},
				"down": {"uv": [0, 0, 16, 16], "texture": "#1"}
			}
		},
		{
			"from": [1.5, 0.075, 1.5],
			"to": [14.5, 0.075, 14.5],
			"faces": {
				"north": {"uv": [0, 0, 13, 0], "texture": "#missing"},
				"east": {"uv": [0, 0, 13, 0], "texture": "#missing"},
				"south": {"uv": [0, 0, 13, 0], "texture": "#missing"},
				"west": {"uv": [0, 0, 13, 0], "texture": "#missing"},
				"up": {"uv": [0, 0, 16, 16], "texture": "#1"},
				"down": {"uv": [0, 0, 16, 16], "texture": "#1"}
			}
		},
		{
			"from": [1.5, 0.125, 1.5],
			"to": [14.5, 0.125, 14.5],
			"faces": {
				"north": {"uv": [0, 0, 13, 0], "texture": "#missing"},
				"east": {"uv": [0, 0, 13, 0], "texture": "#missing"},
				"south": {"uv": [0, 0, 13, 0], "texture": "#missing"},
				"west": {"uv": [0, 0, 13, 0], "texture": "#missing"},
				"up": {"uv": [0, 0, 16, 16], "texture": "#1"},
				"down": {"uv": [0, 0, 16, 16], "texture": "#1"}
			}
		},
		{
			"from": [1.5, 1.45, 3.725],
			"to": [8, 1.45, 10.225],
			"rotation": {"angle": 45, "axis": "y", "origin": [6.75, -0.55, 4.725]},
			"faces": {
				"north": {"uv": [0, 0, 13, 0], "texture": "#3"},
				"east": {"uv": [0, 0, 13, 0], "texture": "#3"},
				"south": {"uv": [0, 0, 13, 0], "texture": "#3"},
				"west": {"uv": [0, 0, 13, 0], "texture": "#3"},
				"up": {"uv": [0, 0, 16, 16], "texture": "#3"},
				"down": {"uv": [0, 0, 16, 16], "texture": "#3"}
			}
		},
		{
			"name": "hexadecagon",
			"from": [6.27853, 0.875, 4.5],
			"to": [7.57147, 1.375, 11],
			"rotation": {"angle": -45, "axis": "y", "origin": [6.925, 1.125, 7.75]},
			"faces": {
				"north": {"uv": [0, 0, 1, 1], "texture": "#5"},
				"east": {"uv": [0, 0, 1, 1], "texture": "#5"},
				"south": {"uv": [0, 0, 1, 1], "texture": "#5"},
				"west": {"uv": [0, 0, 1, 1], "texture": "#5"},
				"up": {"uv": [0, 0, 1, 1], "texture": "#5"},
				"down": {"uv": [0, 0, 1, 1], "texture": "#5"}
			}
		},
		{
			"name": "hexadecagon",
			"from": [6.27853, 0.875, 4.5],
			"to": [7.57147, 1.375, 11],
			"rotation": {"angle": -22.5, "axis": "y", "origin": [6.925, 1.125, 7.75]},
			"faces": {
				"north": {"uv": [0, 0, 1, 1], "texture": "#5"},
				"east": {"uv": [0, 0, 1, 1], "texture": "#5"},
				"south": {"uv": [0, 0, 1, 1], "texture": "#5"},
				"west": {"uv": [0, 0, 1, 1], "texture": "#5"},
				"up": {"uv": [0, 0, 1, 1], "texture": "#5"},
				"down": {"uv": [0, 0, 1, 1], "texture": "#5"}
			}
		},
		{
			"name": "hexadecagon",
			"from": [6.27853, 0.875, 4.5],
			"to": [7.57147, 1.375, 11],
			"rotation": {"angle": 0, "axis": "y", "origin": [6.925, 1.125, 7.75]},
			"faces": {
				"north": {"uv": [0, 0, 1, 1], "texture": "#5"},
				"east": {"uv": [0, 0, 1, 1], "texture": "#5"},
				"south": {"uv": [0, 0, 1, 1], "texture": "#5"},
				"west": {"uv": [0, 0, 1, 1], "texture": "#5"},
				"up": {"uv": [0, 0, 1, 1], "texture": "#5"},
				"down": {"uv": [0, 0, 1, 1], "texture": "#5"}
			}
		},
		{
			"name": "hexadecagon",
			"from": [6.27853, 0.875, 4.5],
			"to": [7.57147, 1.375, 11],
			"rotation": {"angle": 22.5, "axis": "y", "origin": [6.925, 1.125, 7.75]},
			"faces": {
				"north": {"uv": [0, 0, 1, 1], "texture": "#5"},
				"east": {"uv": [0, 0, 1, 1], "texture": "#5"},
				"south": {"uv": [0, 0, 1, 1], "texture": "#5"},
				"west": {"uv": [0, 0, 1, 1], "texture": "#5"},
				"up": {"uv": [0, 0, 1, 1], "texture": "#5"},
				"down": {"uv": [0, 0, 1, 1], "texture": "#5"}
			}
		},
		{
			"name": "hexadecagon",
			"from": [6.27853, 0.875, 4.5],
			"to": [7.57147, 1.375, 11],
			"rotation": {"angle": 45, "axis": "y", "origin": [6.925, 1.125, 7.75]},
			"faces": {
				"north": {"uv": [0, 0, 1, 1], "texture": "#5"},
				"east": {"uv": [0, 0, 1, 1], "texture": "#5"},
				"south": {"uv": [0, 0, 1, 1], "texture": "#5"},
				"west": {"uv": [0, 0, 1, 1], "texture": "#5"},
				"up": {"uv": [0, 0, 1, 1], "texture": "#5"},
				"down": {"uv": [0, 0, 1, 1], "texture": "#5"}
			}
		},
		{
			"name": "hexadecagon",
			"from": [3.675, 0.875, 7.10353],
			"to": [10.175, 1.375, 8.39647],
			"rotation": {"angle": -22.5, "axis": "y", "origin": [6.925, 1.125, 7.75]},
			"faces": {
				"north": {"uv": [0, 0, 1, 1], "texture": "#5"},
				"east": {"uv": [0, 0, 1, 1], "texture": "#5"},
				"south": {"uv": [0, 0, 1, 1], "texture": "#5"},
				"west": {"uv": [0, 0, 1, 1], "texture": "#5"},
				"up": {"uv": [0, 0, 1, 1], "texture": "#5"},
				"down": {"uv": [0, 0, 1, 1], "texture": "#5"}
			}
		},
		{
			"name": "hexadecagon",
			"from": [3.675, 0.875, 7.10353],
			"to": [10.175, 1.375, 8.39647],
			"rotation": {"angle": 0, "axis": "y", "origin": [6.925, 1.125, 7.75]},
			"faces": {
				"north": {"uv": [0, 0, 1, 1], "texture": "#5"},
				"east": {"uv": [0, 0, 1, 1], "texture": "#5"},
				"south": {"uv": [0, 0, 1, 1], "texture": "#5"},
				"west": {"uv": [0, 0, 1, 1], "texture": "#5"},
				"up": {"uv": [0, 0, 1, 1], "texture": "#5"},
				"down": {"uv": [0, 0, 1, 1], "texture": "#5"}
			}
		},
		{
			"name": "hexadecagon",
			"from": [3.675, 0.875, 7.10353],
			"to": [10.175, 1.375, 8.39647],
			"rotation": {"angle": 22.5, "axis": "y", "origin": [6.925, 1.125, 7.75]},
			"faces": {
				"north": {"uv": [0, 0, 1, 1], "texture": "#5"},
				"east": {"uv": [0, 0, 1, 1], "texture": "#5"},
				"south": {"uv": [0, 0, 1, 1], "texture": "#5"},
				"west": {"uv": [0, 0, 1, 1], "texture": "#5"},
				"up": {"uv": [0, 0, 1, 1], "texture": "#5"},
				"down": {"uv": [0, 0, 1, 1], "texture": "#5"}
			}
		},
		{
			"from": [1.75, 0.825, 4],
			"to": [8.25, 0.825, 10.5],
			"rotation": {"angle": 45, "axis": "y", "origin": [7, -1.175, 5]},
			"faces": {
				"north": {"uv": [0, 0, 13, 0], "texture": "#3"},
				"east": {"uv": [0, 0, 13, 0], "texture": "#3"},
				"south": {"uv": [0, 0, 13, 0], "texture": "#3"},
				"west": {"uv": [0, 0, 13, 0], "texture": "#3"},
				"up": {"uv": [0, 0, 16, 16], "texture": "#3"},
				"down": {"uv": [0, 0, 16, 16], "texture": "#3"}
			}
		},
		{
			"name": "hexadecagon",
			"from": [6.52853, 0.25, 4.775],
			"to": [7.82147, 0.75, 11.275],
			"rotation": {"angle": -45, "axis": "y", "origin": [7.175, 0.5, 8.025]},
			"faces": {
				"north": {"uv": [0, 0, 1, 1], "texture": "#5"},
				"east": {"uv": [0, 0, 1, 1], "texture": "#5"},
				"south": {"uv": [0, 0, 1, 1], "texture": "#5"},
				"west": {"uv": [0, 0, 1, 1], "texture": "#5"},
				"up": {"uv": [0, 0, 1, 1], "texture": "#5"},
				"down": {"uv": [0, 0, 1, 1], "texture": "#5"}
			}
		},
		{
			"name": "hexadecagon",
			"from": [6.52853, 0.25, 4.775],
			"to": [7.82147, 0.75, 11.275],
			"rotation": {"angle": -22.5, "axis": "y", "origin": [7.175, 0.5, 8.025]},
			"faces": {
				"north": {"uv": [0, 0, 1, 1], "texture": "#5"},
				"east": {"uv": [0, 0, 1, 1], "texture": "#5"},
				"south": {"uv": [0, 0, 1, 1], "texture": "#5"},
				"west": {"uv": [0, 0, 1, 1], "texture": "#5"},
				"up": {"uv": [0, 0, 1, 1], "texture": "#5"},
				"down": {"uv": [0, 0, 1, 1], "texture": "#5"}
			}
		},
		{
			"name": "hexadecagon",
			"from": [6.52853, 0.25, 4.775],
			"to": [7.82147, 0.75, 11.275],
			"rotation": {"angle": 0, "axis": "y", "origin": [7.175, 0.5, 8.025]},
			"faces": {
				"north": {"uv": [0, 0, 1, 1], "texture": "#5"},
				"east": {"uv": [0, 0, 1, 1], "texture": "#5"},
				"south": {"uv": [0, 0, 1, 1], "texture": "#5"},
				"west": {"uv": [0, 0, 1, 1], "texture": "#5"},
				"up": {"uv": [0, 0, 1, 1], "texture": "#5"},
				"down": {"uv": [0, 0, 1, 1], "texture": "#5"}
			}
		},
		{
			"name": "hexadecagon",
			"from": [6.52853, 0.25, 4.775],
			"to": [7.82147, 0.75, 11.275],
			"rotation": {"angle": 22.5, "axis": "y", "origin": [7.175, 0.5, 8.025]},
			"faces": {
				"north": {"uv": [0, 0, 1, 1], "texture": "#5"},
				"east": {"uv": [0, 0, 1, 1], "texture": "#5"},
				"south": {"uv": [0, 0, 1, 1], "texture": "#5"},
				"west": {"uv": [0, 0, 1, 1], "texture": "#5"},
				"up": {"uv": [0, 0, 1, 1], "texture": "#5"},
				"down": {"uv": [0, 0, 1, 1], "texture": "#5"}
			}
		},
		{
			"name": "hexadecagon",
			"from": [6.52853, 0.25, 4.775],
			"to": [7.82147, 0.75, 11.275],
			"rotation": {"angle": 45, "axis": "y", "origin": [7.175, 0.5, 8.025]},
			"faces": {
				"north": {"uv": [0, 0, 1, 1], "texture": "#5"},
				"east": {"uv": [0, 0, 1, 1], "texture": "#5"},
				"south": {"uv": [0, 0, 1, 1], "texture": "#5"},
				"west": {"uv": [0, 0, 1, 1], "texture": "#5"},
				"up": {"uv": [0, 0, 1, 1], "texture": "#5"},
				"down": {"uv": [0, 0, 1, 1], "texture": "#5"}
			}
		},
		{
			"name": "hexadecagon",
			"from": [3.925, 0.25, 7.37853],
			"to": [10.425, 0.75, 8.67147],
			"rotation": {"angle": -22.5, "axis": "y", "origin": [7.175, 0.5, 8.025]},
			"faces": {
				"north": {"uv": [0, 0, 1, 1], "texture": "#5"},
				"east": {"uv": [0, 0, 1, 1], "texture": "#5"},
				"south": {"uv": [0, 0, 1, 1], "texture": "#5"},
				"west": {"uv": [0, 0, 1, 1], "texture": "#5"},
				"up": {"uv": [0, 0, 1, 1], "texture": "#5"},
				"down": {"uv": [0, 0, 1, 1], "texture": "#5"}
			}
		},
		{
			"name": "hexadecagon",
			"from": [3.925, 0.25, 7.37853],
			"to": [10.425, 0.75, 8.67147],
			"rotation": {"angle": 0, "axis": "y", "origin": [7.175, 0.5, 8.025]},
			"faces": {
				"north": {"uv": [0, 0, 1, 1], "texture": "#5"},
				"east": {"uv": [0, 0, 1, 1], "texture": "#5"},
				"south": {"uv": [0, 0, 1, 1], "texture": "#5"},
				"west": {"uv": [0, 0, 1, 1], "texture": "#5"},
				"up": {"uv": [0, 0, 1, 1], "texture": "#5"},
				"down": {"uv": [0, 0, 1, 1], "texture": "#5"}
			}
		},
		{
			"name": "hexadecagon",
			"from": [3.925, 0.25, 7.37853],
			"to": [10.425, 0.75, 8.67147],
			"rotation": {"angle": 22.5, "axis": "y", "origin": [7.175, 0.5, 8.025]},
			"faces": {
				"north": {"uv": [0, 0, 1, 1], "texture": "#5"},
				"east": {"uv": [0, 0, 1, 1], "texture": "#5"},
				"south": {"uv": [0, 0, 1, 1], "texture": "#5"},
				"west": {"uv": [0, 0, 1, 1], "texture": "#5"},
				"up": {"uv": [0, 0, 1, 1], "texture": "#5"},
				"down": {"uv": [0, 0, 1, 1], "texture": "#5"}
			}
		},
		{
			"from": [1.825, 2.075, 4],
			"to": [8.325, 2.075, 10.5],
			"rotation": {"angle": 45, "axis": "y", "origin": [7.075, 0.075, 5]},
			"faces": {
				"north": {"uv": [0, 0, 13, 0], "texture": "#3"},
				"east": {"uv": [0, 0, 13, 0], "texture": "#3"},
				"south": {"uv": [0, 0, 13, 0], "texture": "#3"},
				"west": {"uv": [0, 0, 13, 0], "texture": "#3"},
				"up": {"uv": [0, 0, 16, 16], "texture": "#3"},
				"down": {"uv": [0, 0, 16, 16], "texture": "#3"}
			}
		},
		{
			"name": "hexadecagon",
			"from": [6.60353, 1.5, 4.775],
			"to": [7.89647, 2, 11.275],
			"rotation": {"angle": -45, "axis": "y", "origin": [7.25, 1.75, 8.025]},
			"faces": {
				"north": {"uv": [0, 0, 1, 1], "texture": "#5"},
				"east": {"uv": [0, 0, 1, 1], "texture": "#5"},
				"south": {"uv": [0, 0, 1, 1], "texture": "#5"},
				"west": {"uv": [0, 0, 1, 1], "texture": "#5"},
				"up": {"uv": [0, 0, 1, 1], "texture": "#5"},
				"down": {"uv": [0, 0, 1, 1], "texture": "#5"}
			}
		},
		{
			"name": "hexadecagon",
			"from": [6.60353, 1.5, 4.775],
			"to": [7.89647, 2, 11.275],
			"rotation": {"angle": -22.5, "axis": "y", "origin": [7.25, 1.75, 8.025]},
			"faces": {
				"north": {"uv": [0, 0, 1, 1], "texture": "#5"},
				"east": {"uv": [0, 0, 1, 1], "texture": "#5"},
				"south": {"uv": [0, 0, 1, 1], "texture": "#5"},
				"west": {"uv": [0, 0, 1, 1], "texture": "#5"},
				"up": {"uv": [0, 0, 1, 1], "texture": "#5"},
				"down": {"uv": [0, 0, 1, 1], "texture": "#5"}
			}
		},
		{
			"name": "hexadecagon",
			"from": [6.60353, 1.5, 4.775],
			"to": [7.89647, 2, 11.275],
			"rotation": {"angle": 0, "axis": "y", "origin": [7.25, 1.75, 8.025]},
			"faces": {
				"north": {"uv": [0, 0, 1, 1], "texture": "#5"},
				"east": {"uv": [0, 0, 1, 1], "texture": "#5"},
				"south": {"uv": [0, 0, 1, 1], "texture": "#5"},
				"west": {"uv": [0, 0, 1, 1], "texture": "#5"},
				"up": {"uv": [0, 0, 1, 1], "texture": "#5"},
				"down": {"uv": [0, 0, 1, 1], "texture": "#5"}
			}
		},
		{
			"name": "hexadecagon",
			"from": [6.60353, 1.5, 4.775],
			"to": [7.89647, 2, 11.275],
			"rotation": {"angle": 22.5, "axis": "y", "origin": [7.25, 1.75, 8.025]},
			"faces": {
				"north": {"uv": [0, 0, 1, 1], "texture": "#5"},
				"east": {"uv": [0, 0, 1, 1], "texture": "#5"},
				"south": {"uv": [0, 0, 1, 1], "texture": "#5"},
				"west": {"uv": [0, 0, 1, 1], "texture": "#5"},
				"up": {"uv": [0, 0, 1, 1], "texture": "#5"},
				"down": {"uv": [0, 0, 1, 1], "texture": "#5"}
			}
		},
		{
			"name": "hexadecagon",
			"from": [6.60353, 1.5, 4.775],
			"to": [7.89647, 2, 11.275],
			"rotation": {"angle": 45, "axis": "y", "origin": [7.25, 1.75, 8.025]},
			"faces": {
				"north": {"uv": [0, 0, 1, 1], "texture": "#5"},
				"east": {"uv": [0, 0, 1, 1], "texture": "#5"},
				"south": {"uv": [0, 0, 1, 1], "texture": "#5"},
				"west": {"uv": [0, 0, 1, 1], "texture": "#5"},
				"up": {"uv": [0, 0, 1, 1], "texture": "#5"},
				"down": {"uv": [0, 0, 1, 1], "texture": "#5"}
			}
		},
		{
			"name": "hexadecagon",
			"from": [4, 1.5, 7.37853],
			"to": [10.5, 2, 8.67147],
			"rotation": {"angle": -22.5, "axis": "y", "origin": [7.25, 1.75, 8.025]},
			"faces": {
				"north": {"uv": [0, 0, 1, 1], "texture": "#5"},
				"east": {"uv": [0, 0, 1, 1], "texture": "#5"},
				"south": {"uv": [0, 0, 1, 1], "texture": "#5"},
				"west": {"uv": [0, 0, 1, 1], "texture": "#5"},
				"up": {"uv": [0, 0, 1, 1], "texture": "#5"},
				"down": {"uv": [0, 0, 1, 1], "texture": "#5"}
			}
		},
		{
			"name": "hexadecagon",
			"from": [4, 1.5, 7.37853],
			"to": [10.5, 2, 8.67147],
			"rotation": {"angle": 0, "axis": "y", "origin": [7.25, 1.75, 8.025]},
			"faces": {
				"north": {"uv": [0, 0, 1, 1], "texture": "#5"},
				"east": {"uv": [0, 0, 1, 1], "texture": "#5"},
				"south": {"uv": [0, 0, 1, 1], "texture": "#5"},
				"west": {"uv": [0, 0, 1, 1], "texture": "#5"},
				"up": {"uv": [0, 0, 1, 1], "texture": "#5"},
				"down": {"uv": [0, 0, 1, 1], "texture": "#5"}
			}
		},
		{
			"name": "hexadecagon",
			"from": [4, 1.5, 7.37853],
			"to": [10.5, 2, 8.67147],
			"rotation": {"angle": 22.5, "axis": "y", "origin": [7.25, 1.75, 8.025]},
			"faces": {
				"north": {"uv": [0, 0, 1, 1], "texture": "#5"},
				"east": {"uv": [0, 0, 1, 1], "texture": "#5"},
				"south": {"uv": [0, 0, 1, 1], "texture": "#5"},
				"west": {"uv": [0, 0, 1, 1], "texture": "#5"},
				"up": {"uv": [0, 0, 1, 1], "texture": "#5"},
				"down": {"uv": [0, 0, 1, 1], "texture": "#5"}
			}
		},
		{
			"from": [10.75, 0.325, 4.75],
			"to": [12.25, 0.325, 6.25],
			"rotation": {"angle": -22.5, "axis": "y", "origin": [11.5, 0.325, 5.5]},
			"faces": {
				"up": {"uv": [0, 0, 16, 16], "rotation": 90, "texture": "#6"},
				"down": {"uv": [0, 0, 1.5, 1.25], "rotation": 270, "texture": "#6"}
			}
		},
		{
			"from": [11.5, 0.325, 6.25],
			"to": [13, 0.325, 7.75],
			"rotation": {"angle": 22.5, "axis": "y", "origin": [12.25, 0.325, 7]},
			"faces": {
				"up": {"uv": [0, 0, 16, 16], "rotation": 90, "texture": "#6"},
				"down": {"uv": [0, 0, 1.5, 1.25], "rotation": 270, "texture": "#6"}
			}
		},
		{
			"from": [11.475, 0.325, 7.75],
			"to": [12.975, 0.325, 9.25],
			"rotation": {"angle": 22.5, "axis": "y", "origin": [12.225, 0.325, 8.5]},
			"faces": {
				"up": {"uv": [0, 0, 16, 16], "texture": "#6"},
				"down": {"uv": [0, 0, 1.5, 1.25], "texture": "#6"}
			}
		},
		{
			"from": [11, 0.325, 9.25],
			"to": [12.5, 0.325, 10.75],
			"rotation": {"angle": 0, "axis": "y", "origin": [11.75, 0.325, 10]},
			"faces": {
				"up": {"uv": [0, 0, 16, 16], "rotation": 270, "texture": "#6"},
				"down": {"uv": [0, 0, 1.5, 1.25], "rotation": 90, "texture": "#6"}
			}
		},
		{
			"from": [8.575, 2.15, 8],
			"to": [10.075, 2.15, 9.5],
			"rotation": {"angle": 0, "axis": "y", "origin": [7.2375, 2.15, 8]},
			"faces": {
				"up": {"uv": [0, 0, 16, 16], "rotation": 270, "texture": "#6"},
				"down": {"uv": [0, 0, 1.5, 1.25], "rotation": 90, "texture": "#6"}
			}
		},
		{
			"from": [4.4, 2.15, 6.5],
			"to": [5.9, 2.15, 8],
			"rotation": {"angle": 0, "axis": "y", "origin": [7.2375, 2.15, 8]},
			"faces": {
				"up": {"uv": [0, 0, 16, 16], "rotation": 90, "texture": "#6"},
				"down": {"uv": [0, 0, 1.5, 1.25], "rotation": 270, "texture": "#6"}
			}
		},
		{
			"from": [5.7375, 2.15, 9.3375],
			"to": [7.2375, 2.15, 10.8375],
			"rotation": {"angle": 45, "axis": "y", "origin": [7.2375, 2.15, 8]},
			"faces": {
				"up": {"uv": [0, 0, 16, 16], "texture": "#6"},
				"down": {"uv": [0, 0, 1.5, 1.25], "texture": "#6"}
			}
		},
		{
			"from": [7.2375, 2.15, 5.1625],
			"to": [8.7375, 2.15, 6.6625],
			"rotation": {"angle": 45, "axis": "y", "origin": [7.2375, 2.15, 8]},
			"faces": {
				"up": {"uv": [0, 0, 16, 16], "rotation": 180, "texture": "#6"},
				"down": {"uv": [0, 0, 1.5, 1.25], "rotation": 180, "texture": "#6"}
			}
		},
		{
			"from": [5.7375, 2.15, 9.3375],
			"to": [7.2375, 2.15, 10.8375],
			"rotation": {"angle": 0, "axis": "y", "origin": [7.2375, 2.15, 8]},
			"faces": {
				"up": {"uv": [0, 0, 16, 16], "texture": "#6"},
				"down": {"uv": [0, 0, 1.5, 1.25], "texture": "#6"}
			}
		},
		{
			"from": [7.2375, 2.15, 5.1625],
			"to": [8.7375, 2.15, 6.6625],
			"rotation": {"angle": 0, "axis": "y", "origin": [7.2375, 2.15, 8]},
			"faces": {
				"up": {"uv": [0, 0, 16, 16], "rotation": 180, "texture": "#6"},
				"down": {"uv": [0, 0, 1.5, 1.25], "rotation": 180, "texture": "#6"}
			}
		},
		{
			"from": [4.4, 2.15, 6.5],
			"to": [5.9, 2.15, 8],
			"rotation": {"angle": 45, "axis": "y", "origin": [7.2375, 2.15, 8]},
			"faces": {
				"up": {"uv": [0, 0, 16, 16], "rotation": 90, "texture": "#6"},
				"down": {"uv": [0, 0, 1.5, 1.25], "rotation": 270, "texture": "#6"}
			}
		},
		{
			"from": [8.575, 2.15, 8],
			"to": [10.075, 2.15, 9.5],
			"rotation": {"angle": 45, "axis": "y", "origin": [7.2375, 2.15, 8]},
			"faces": {
				"up": {"uv": [0, 0, 16, 16], "rotation": 270, "texture": "#6"},
				"down": {"uv": [0, 0, 1.5, 1.25], "rotation": 90, "texture": "#6"}
			}
		},
		{
			"from": [9.5, 0.325, 3.75],
			"to": [11, 0.325, 5.25],
			"rotation": {"angle": 0, "axis": "y", "origin": [10.25, 0.325, 4.5]},
			"faces": {
				"up": {"uv": [0, 0, 16, 16], "rotation": 90, "texture": "#6"},
				"down": {"uv": [0, 0, 1.5, 1.25], "rotation": 270, "texture": "#6"}
			}
		},
		{
			"from": [6.8, 2.15, 7.35],
			"to": [8, 2.475, 8.75],
			"rotation": {"angle": 45, "axis": "y", "origin": [7.2375, 2.15, 8]},
			"faces": {
				"north": {"uv": [0, 0, 0, 0], "texture": "#7"},
				"east": {"uv": [0, 0, 0, 0], "texture": "#7"},
				"south": {"uv": [0, 0, 0, 0], "texture": "#7"},
				"west": {"uv": [0, 0, 0, 0], "texture": "#7"},
				"up": {"uv": [0, 0, 16, 16], "rotation": 270, "texture": "#7"},
				"down": {"uv": [0, 0, 1.5, 1.25], "rotation": 90, "texture": "#7"}
			}
		}
	],
	"display": {
		"thirdperson_righthand": {
			"rotation": [75, 45, 0],
			"translation": [0, 2.5, 0],
			"scale": [0.375, 0.375, 0.375]
		},
		"thirdperson_lefthand": {
			"rotation": [75, 45, 0],
			"translation": [0, 2.5, 0],
			"scale": [0.375, 0.375, 0.375]
		},
		"firstperson_righthand": {
			"rotation": [52, 45, 48],
			"translation": [0, 4.5, 3],
			"scale": [0.4, 0.4, 0.4]
		},
		"firstperson_lefthand": {
			"rotation": [52, 45, 48],
			"translation": [0, 4.5, 3],
			"scale": [0.4, 0.4, 0.4]
		},
		"ground": {
			"translation": [0, 7.75, 0],
			"scale": [1.25, 1.25, 1.25]
		},
		"gui": {
			"rotation": [90, 40, 0],
			"scale": [1.25, 1.25, 1.25]
		},
		"fixed": {
			"rotation": [-90, 40, 0],
			"translation": [0, 0, -10.25],
			"scale": [1.25, 1.25, 1.25]
		}
	},
	"groups": [
		0,
		1,
		2,
		3,
		4,
		{
			"name": "pancake1",
			"origin": [8, 8, 8],
			"color": 0,
			"children": [5, 6, 7, 8, 9, 10, 11, 12, 13]
		},
		{
			"name": "pancake2",
			"origin": [8, 8, 8],
			"color": 0,
			"children": [14, 15, 16, 17, 18, 19, 20, 21, 22]
		},
		{
			"name": "pancake1",
			"origin": [8, 8, 8],
			"color": 0,
			"children": [23, 24, 25, 26, 27, 28, 29, 30, 31]
		},
		{
			"name": "Strawberry",
			"origin": [0, 0, 0],
			"color": 0,
			"children": [32, 33, 34, 35, 36, 37, 38, 39, 40, 41, 42, 43, 44]
		},
		{
			"name": "butter",
			"origin": [6.9125, 2.325, 7.75],
			"color": 0,
			"children": [45]
		}
	]
}