{
	"credit": "Made with Blockbench",
	"parent": "castle_brick_arch_bottom",
	"textures": {
		"0": "prism:block/castle_bricks_2",
		"particle": "prism:block/castle_bricks_2"
	},
	"elements": [
		{
			"from": [29, 16, 0],
			"to": [32, 32, 16],
			"rotation": {"angle": 0, "axis": "y", "origin": [13.00419, -2.99373, 15]},
			"faces": {
				"north": {"uv": [5.75, 0, 8.75, 16], "texture": "#0"},
				"east": {"uv": [0, 0, 16, 16], "texture": "#0"},
				"south": {"uv": [9, 0, 12, 16], "texture": "#0"},
				"west": {"uv": [0, 0, 16, 16], "texture": "#0"},
				"up": {"uv": [0, 0, 3, 16], "texture": "#0"},
				"down": {"uv": [12, 0, 15, 16], "texture": "#0"}
			}
		},
		{
			"from": [-16, 16, 0],
			"to": [-13, 32, 16],
			"rotation": {"angle": 0, "axis": "y", "origin": [13.00419, -2.99373, 15]},
			"faces": {
				"north": {"uv": [5.75, 0, 8.75, 16], "texture": "#0"},
				"east": {"uv": [0, 0, 16, 16], "texture": "#0"},
				"south": {"uv": [9, 0, 12, 16], "texture": "#0"},
				"west": {"uv": [0, 0, 16, 16], "texture": "#0"},
				"up": {"uv": [0, 0, 3, 16], "texture": "#0"},
				"down": {"uv": [12, 0, 15, 16], "texture": "#0"}
			}
		},
		{
			"from": [-16, 0, 0],
			"to": [-13, 16, 16],
			"rotation": {"angle": 0, "axis": "y", "origin": [13.00419, -2.99373, 15]},
			"faces": {
				"north": {"uv": [5.75, 0, 8.75, 16], "texture": "#0"},
				"east": {"uv": [0, 0, 16, 16], "texture": "#0"},
				"south": {"uv": [9, 0, 12, 16], "texture": "#0"},
				"west": {"uv": [0, 0, 16, 16], "texture": "#0"},
				"up": {"uv": [0, 0, 3, 16], "texture": "#0"},
				"down": {"uv": [12, 0, 15, 16], "texture": "#0"}
			}
		},
		{
			"from": [29, 0, 0],
			"to": [32, 16, 16],
			"rotation": {"angle": 0, "axis": "y", "origin": [13.00419, -2.99373, 15]},
			"faces": {
				"north": {"uv": [5.75, 0, 8.75, 16], "texture": "#0"},
				"east": {"uv": [0, 0, 16, 16], "texture": "#0"},
				"south": {"uv": [9, 0, 12, 16], "texture": "#0"},
				"west": {"uv": [0, 0, 16, 16], "texture": "#0"},
				"up": {"uv": [0, 0, 3, 16], "texture": "#0"},
				"down": {"uv": [12, 0, 15, 16], "texture": "#0"}
			}
		},
		{
			"from": [-16, -16, 0],
			"to": [-13, 0, 16],
			"rotation": {"angle": 0, "axis": "y", "origin": [13.00419, -2.99373, 15]},
			"faces": {
				"north": {"uv": [5.75, 0, 8.75, 16], "texture": "#0"},
				"east": {"uv": [0, 0, 16, 16], "texture": "#0"},
				"south": {"uv": [9, 0, 12, 16], "texture": "#0"},
				"west": {"uv": [0, 0, 16, 16], "texture": "#0"},
				"up": {"uv": [0, 0, 3, 16], "texture": "#0"},
				"down": {"uv": [12, 0, 15, 16], "texture": "#0"}
			}
		},
		{
			"from": [29, -16, 0],
			"to": [32, 0, 16],
			"rotation": {"angle": 0, "axis": "y", "origin": [13.00419, -2.99373, 15]},
			"faces": {
				"north": {"uv": [5.75, 0, 8.75, 16], "texture": "#0"},
				"east": {"uv": [0, 0, 16, 16], "texture": "#0"},
				"south": {"uv": [9, 0, 12, 16], "texture": "#0"},
				"west": {"uv": [0, 0, 16, 16], "texture": "#0"},
				"up": {"uv": [0, 0, 3, 16], "texture": "#0"},
				"down": {"uv": [12, 0, 15, 16], "texture": "#0"}
			}
		},
		{
			"from": [-16, -16, 0],
			"to": [-13, 0, 16],
			"rotation": {"angle": 0, "axis": "y", "origin": [13.00419, -2.99373, 15]},
			"faces": {
				"north": {"uv": [5.75, 0, 8.75, 16], "texture": "#0"},
				"east": {"uv": [0, 0, 16, 16], "texture": "#0"},
				"south": {"uv": [9, 0, 12, 16], "texture": "#0"},
				"west": {"uv": [0, 0, 16, 16], "texture": "#0"},
				"up": {"uv": [0, 0, 3, 16], "texture": "#0"},
				"down": {"uv": [12, 0, 15, 16], "texture": "#0"}
			}
		},
		{
			"from": [29, -16, 0],
			"to": [32, 0, 16],
			"rotation": {"angle": 0, "axis": "y", "origin": [13.00419, -2.99373, 15]},
			"faces": {
				"north": {"uv": [5.75, 0, 8.75, 16], "texture": "#0"},
				"east": {"uv": [0, 0, 16, 16], "texture": "#0"},
				"south": {"uv": [9, 0, 12, 16], "texture": "#0"},
				"west": {"uv": [0, 0, 16, 16], "texture": "#0"},
				"up": {"uv": [0, 0, 3, 16], "texture": "#0"},
				"down": {"uv": [12, 0, 15, 16], "texture": "#0"}
			}
		},
		{
			"from": [-16, -16, 0],
			"to": [-13, 0, 16],
			"rotation": {"angle": 0, "axis": "y", "origin": [13.00419, -2.99373, 15]},
			"faces": {
				"north": {"uv": [5.75, 0, 8.75, 16], "texture": "#0"},
				"east": {"uv": [0, 0, 16, 16], "texture": "#0"},
				"south": {"uv": [9, 0, 12, 16], "texture": "#0"},
				"west": {"uv": [0, 0, 16, 16], "texture": "#0"},
				"up": {"uv": [0, 0, 3, 16], "texture": "#0"},
				"down": {"uv": [12, 0, 15, 16], "texture": "#0"}
			}
		},
		{
			"from": [29, -16, 0],
			"to": [32, 0, 16],
			"rotation": {"angle": 0, "axis": "y", "origin": [13.00419, -2.99373, 15]},
			"faces": {
				"north": {"uv": [5.75, 0, 8.75, 16], "texture": "#0"},
				"east": {"uv": [0, 0, 16, 16], "texture": "#0"},
				"south": {"uv": [9, 0, 12, 16], "texture": "#0"},
				"west": {"uv": [0, 0, 16, 16], "texture": "#0"},
				"up": {"uv": [0, 0, 3, 16], "texture": "#0"},
				"down": {"uv": [12, 0, 15, 16], "texture": "#0"}
			}
		}
	],
	"display": {
		"thirdperson_righthand": {
			"rotation": [75, 45, 0],
			"translation": [0, 2.5, 0],
			"scale": [0.375, 0.375, 0.375]
		},
		"thirdperson_lefthand": {
			"rotation": [75, 45, 0],
			"translation": [0, 2.5, 0],
			"scale": [0.375, 0.375, 0.375]
		},
		"firstperson_righthand": {
			"rotation": [0, 45, 0],
			"scale": [0.4, 0.4, 0.4]
		},
		"firstperson_lefthand": {
			"rotation": [0, 225, 0],
			"scale": [0.4, 0.4, 0.4]
		},
		"ground": {
			"translation": [0, 3, 0],
			"scale": [0.25, 0.25, 0.25]
		},
		"gui": {
			"rotation": [30, 225, 0],
			"scale": [0.625, 0.625, 0.625]
		},
		"fixed": {
			"scale": [0.5, 0.5, 0.5]
		}
	}
}