{
	"credit": "Made with Blockbench",
	"parent": "desert_brick_arch",
	"textures": {
		"0": "prism:block/castle_bricks_2",
		"particle": "prism:block/castle_bricks_2"
	},
	"elements": [
		{
			"from": [0, 0, 12],
			"to": [4, 11, 16],
			"rotation": {"angle": 0, "axis": "y", "origin": [0, 0, 14]},
			"faces": {
				"north": {"uv": [1.25, 3, 5.25, 14], "texture": "#0"},
				"east": {"uv": [5.5, 2.75, 7.5, 13.75], "texture": "#0"},
				"south": {"uv": [9, 1.75, 13, 12.75], "texture": "#0"},
				"west": {"uv": [13, 2, 15, 13], "texture": "#0"},
				"up": {"uv": [2, 0.5, 6, 2.5], "texture": "#0"},
				"down": {"uv": [1.75, 14, 5.75, 16], "texture": "#0"}
			}
		},
		{
			"from": [12, 0, 12],
			"to": [16, 11, 16],
			"rotation": {"angle": 0, "axis": "y", "origin": [0, 0, 14]},
			"faces": {
				"north": {"uv": [1, 2, 5, 13], "texture": "#0"},
				"east": {"uv": [5.25, 0.5, 7.25, 11.5], "texture": "#0"},
				"south": {"uv": [11, 3.75, 15, 14.75], "texture": "#0"},
				"west": {"uv": [7.75, 2.75, 9.75, 13.75], "texture": "#0"},
				"up": {"uv": [6.25, 1.5, 10.25, 3.5], "texture": "#0"},
				"down": {"uv": [6.25, 1.5, 10.25, 3.5], "texture": "#0"}
			}
		},
		{
			"from": [12, -16, 12],
			"to": [16, 0, 16],
			"rotation": {"angle": 0, "axis": "y", "origin": [0, 0, 14]},
			"faces": {
				"north": {"uv": [0.75, 0, 4.75, 16], "texture": "#0"},
				"east": {"uv": [5.25, 0, 7.25, 16], "texture": "#0"},
				"south": {"uv": [10.75, 0, 14.75, 16], "texture": "#0"},
				"west": {"uv": [11.75, 0, 13.75, 16], "texture": "#0"},
				"up": {"uv": [6.75, 0, 10.75, 2], "texture": "#0"},
				"down": {"uv": [6.75, 2.25, 10.75, 4.25], "texture": "#0"}
			}
		},
		{
			"from": [0, -16, 12],
			"to": [4, 0, 16],
			"rotation": {"angle": 0, "axis": "y", "origin": [0, 0, 14]},
			"faces": {
				"north": {"uv": [1.25, 0, 5.25, 16], "texture": "#0"},
				"east": {"uv": [6, 0, 8, 16], "texture": "#0"},
				"south": {"uv": [9.75, 0, 13.75, 16], "texture": "#0"},
				"west": {"uv": [13.25, 0, 15.25, 16], "texture": "#0"},
				"up": {"uv": [2, -1.5, 6, 0.5], "texture": "#0"},
				"down": {"uv": [1.75, 12, 5.75, 14], "texture": "#0"}
			}
		},
		{
			"from": [11.00419, 10.00627, 12],
			"to": [15.00419, 13.00627, 16],
			"rotation": {"angle": 22.5, "axis": "z", "origin": [13.00419, 13.00627, 15]},
			"faces": {
				"north": {"uv": [4.25, 5, 8.25, 8], "texture": "#0"},
				"east": {"uv": [10.25, 1, 12.25, 4], "texture": "#0"},
				"south": {"uv": [8.25, 6, 12.25, 9], "texture": "#0"},
				"west": {"uv": [3.5, 1.25, 5.5, 4.25], "texture": "#0"},
				"up": {"uv": [1.25, 12.5, 5.25, 14.5], "texture": "#0"},
				"down": {"uv": [9.75, 5.75, 13.75, 7.75], "texture": "#0"}
			}
		},
		{
			"from": [10.73063, 12.06453, 12],
			"to": [14.73063, 15.06453, 16],
			"rotation": {"angle": 45, "axis": "z", "origin": [12.73063, 13.06453, 15]},
			"faces": {
				"north": {"uv": [1.5, 12.5, 5.5, 15.5], "texture": "#0"},
				"east": {"uv": [7.5, 4, 9.5, 7], "texture": "#0"},
				"south": {"uv": [10.25, 5, 14.25, 8], "texture": "#0"},
				"west": {"uv": [3.25, 5.5, 5.25, 8.5], "texture": "#0"},
				"up": {"uv": [6.25, 1.5, 10.25, 3.5], "texture": "#0"},
				"down": {"uv": [1.5, 2.25, 5.5, 4.25], "texture": "#0"}
			}
		},
		{
			"from": [10.04138, 12.42788, 12],
			"to": [12.04138, 16.42788, 16],
			"rotation": {"angle": -22.5, "axis": "z", "origin": [11.04138, 14.42788, 15]},
			"faces": {
				"north": {"uv": [4.5, 6.75, 8.5, 8.75], "rotation": 90, "texture": "#0"},
				"east": {"uv": [9.75, 1.5, 13.75, 3.5], "rotation": 270, "texture": "#0"},
				"south": {"uv": [6.5, 3.25, 10.5, 5.25], "rotation": 270, "texture": "#0"},
				"west": {"uv": [7.5, 6.5, 11.5, 8.5], "rotation": 270, "texture": "#0"},
				"up": {"uv": [4.25, 4.5, 6.25, 6.5], "rotation": 270, "texture": "#0"},
				"down": {"uv": [9.5, 6.75, 11.5, 8.75], "rotation": 270, "texture": "#0"}
			}
		},
		{
			"from": [8.19362, 13.19325, 12],
			"to": [10.19362, 17.19325, 16],
			"rotation": {"angle": -22.5, "axis": "z", "origin": [9.19362, 15.19325, 15]},
			"faces": {
				"north": {"uv": [7.5, 6.5, 11.5, 8.5], "rotation": 90, "texture": "#0"},
				"east": {"uv": [3, 11.25, 7, 13.25], "rotation": 270, "texture": "#0"},
				"south": {"uv": [0.75, 2, 4.75, 4], "rotation": 270, "texture": "#0"},
				"west": {"uv": [11, 1, 15, 3], "rotation": 270, "texture": "#0"},
				"up": {"uv": [9, 4.5, 11, 6.5], "rotation": 270, "texture": "#0"},
				"down": {"uv": [3, 5, 5, 7], "rotation": 270, "texture": "#0"}
			}
		},
		{
			"from": [3.65414, 13.95862, 12],
			"to": [5.65414, 17.95862, 16],
			"rotation": {"angle": 22.5, "axis": "z", "origin": [8.65414, 15.95862, 15]},
			"faces": {
				"north": {"uv": [6.75, 6.5, 10.75, 8.5], "rotation": 90, "texture": "#0"},
				"east": {"uv": [9, 0, 13, 2], "rotation": 270, "texture": "#0"},
				"south": {"uv": [1.5, 2.25, 5.5, 4.25], "rotation": 270, "texture": "#0"},
				"west": {"uv": [6.5, 3.5, 10.5, 5.5], "rotation": 270, "texture": "#0"},
				"up": {"uv": [10.75, 3.75, 12.75, 5.75], "rotation": 270, "texture": "#0"},
				"down": {"uv": [4.25, 4.75, 6.25, 6.75], "rotation": 270, "texture": "#0"}
			}
		},
		{
			"from": [5.80638, 13.19325, 12],
			"to": [7.80638, 17.19325, 16],
			"rotation": {"angle": 22.5, "axis": "z", "origin": [6.80638, 15.19325, 15]},
			"faces": {
				"north": {"uv": [9.75, 7, 13.75, 9], "rotation": 90, "texture": "#0"},
				"east": {"uv": [1.75, 1.5, 5.75, 3.5], "rotation": 270, "texture": "#0"},
				"south": {"uv": [8, 3.75, 12, 5.75], "rotation": 270, "texture": "#0"},
				"west": {"uv": [2.75, 4.25, 6.75, 6.25], "rotation": 270, "texture": "#0"},
				"up": {"uv": [6, 7.5, 8, 9.5], "rotation": 270, "texture": "#0"},
				"down": {"uv": [9.75, 0.75, 11.75, 2.75], "rotation": 270, "texture": "#0"}
			}
		},
		{
			"from": [6.93138, 13.19325, 12],
			"to": [9.05638, 17.41825, 16],
			"rotation": {"angle": 0, "axis": "z", "origin": [6.80638, 15.19325, 15]},
			"faces": {
				"north": {"uv": [2.25, 5.75, 6.5, 7.875], "rotation": 90, "texture": "#0"},
				"east": {"uv": [9.5, 4.25, 13.75, 6.25], "rotation": 270, "texture": "#0"},
				"south": {"uv": [9.75, 7.25, 14, 9.375], "rotation": 270, "texture": "#0"},
				"west": {"uv": [7.25, 6, 11.5, 8], "rotation": 270, "texture": "#0"},
				"up": {"uv": [8.75, 1.25, 10.75, 3.375], "rotation": 270, "texture": "#0"},
				"down": {"uv": [4.25, 3.75, 6.25, 5.875], "rotation": 270, "texture": "#0"}
			}
		},
		{
			"from": [4, -16, 12],
			"to": [12.025, -11.775, 16],
			"rotation": {"angle": 0, "axis": "z", "origin": [6.80638, 15.19325, 15]},
			"faces": {
				"north": {"uv": [2.25, 5.75, 6.475, 13.875], "rotation": 90, "texture": "#0"},
				"east": {"uv": [9.5, 4.25, 13.725, 6.25], "rotation": 270, "texture": "#0"},
				"south": {"uv": [9.75, 7.25, 13.975, 15.375], "rotation": 270, "texture": "#0"},
				"west": {"uv": [7.25, 6, 11.475, 8], "rotation": 270, "texture": "#0"},
				"up": {"uv": [8.75, 1.25, 10.75, 9.375], "rotation": 270, "texture": "#0"},
				"down": {"uv": [4.25, 3.75, 6.25, 11.875], "rotation": 270, "texture": "#0"}
			}
		},
		{
			"from": [0.99581, 10.00627, 12],
			"to": [4.99581, 13.00627, 16],
			"rotation": {"angle": -22.5, "axis": "z", "origin": [2.99581, 13.00627, 15]},
			"faces": {
				"north": {"uv": [10, 3.5, 14, 6.5], "texture": "#0"},
				"east": {"uv": [2.75, 0.25, 4.75, 3.25], "texture": "#0"},
				"south": {"uv": [2, 3.25, 6, 6.25], "texture": "#0"},
				"west": {"uv": [5.5, 5.5, 7.5, 8.5], "texture": "#0"},
				"up": {"uv": [10.5, 6.5, 14.5, 8.5], "texture": "#0"},
				"down": {"uv": [7, 4.25, 11, 6.25], "texture": "#0"}
			}
		},
		{
			"from": [1.26937, 12.06453, 12],
			"to": [5.26937, 15.06453, 16],
			"rotation": {"angle": -45, "axis": "z", "origin": [3.26937, 13.06453, 15]},
			"faces": {
				"north": {"uv": [5.5, 7.25, 9.5, 10.25], "texture": "#0"},
				"east": {"uv": [10.5, 1, 12.5, 4], "texture": "#0"},
				"south": {"uv": [1.75, 5.75, 5.75, 8.75], "texture": "#0"},
				"west": {"uv": [3.25, 0, 5.25, 3], "texture": "#0"},
				"up": {"uv": [7, 4.25, 11, 6.25], "texture": "#0"},
				"down": {"uv": [9.75, 6.25, 13.75, 8.25], "texture": "#0"}
			}
		}
	],
	"display": {
		"thirdperson_righthand": {
			"rotation": [75, 45, 0],
			"translation": [0, 2.5, 0],
			"scale": [0.375, 0.375, 0.375]
		},
		"thirdperson_lefthand": {
			"rotation": [75, 45, 0],
			"translation": [0, 2.5, 0],
			"scale": [0.375, 0.375, 0.375]
		},
		"firstperson_righthand": {
			"rotation": [0, 45, 0],
			"scale": [0.4, 0.4, 0.4]
		},
		"firstperson_lefthand": {
			"rotation": [0, 225, 0],
			"scale": [0.4, 0.4, 0.4]
		},
		"ground": {
			"translation": [0, 3, 0],
			"scale": [0.25, 0.25, 0.25]
		},
		"gui": {
			"rotation": [30, 225, 0],
			"scale": [0.625, 0.625, 0.625]
		},
		"fixed": {
			"scale": [0.5, 0.5, 0.5]
		}
	}
}