{
	"credit": "Made with Blockbench",
	"textures": {
		"0": "prism:block/rope",
		"1": "prism:block/clothes_1",
		"particle": "prism:block/rope"
	},
	"elements": [
		{
			"from": [7, 0, 0],
			"to": [8.5, 1.5, 16],
			"faces": {
				"north": {"uv": [0, 0, 1.5, 1.5], "texture": "#0"},
				"east": {"uv": [0, 0, 1.5, 16], "rotation": 90, "texture": "#0"},
				"south": {"uv": [0, 0, 1.5, 1.5], "texture": "#0"},
				"west": {"uv": [3, 0, 4.5, 16], "rotation": 270, "texture": "#0"},
				"up": {"uv": [1.5, 0, 3, 16], "texture": "#0"},
				"down": {"uv": [4.5, 0, 6, 16], "texture": "#0"}
			}
		},
		{
			"from": [6.825, -14.5, -10],
			"to": [6.825, 1.5, 25],
			"faces": {
				"north": {"uv": [0, 0, 0, 16], "texture": "#1"},
				"east": {"uv": [16, 6, 0, 0], "texture": "#1"},
				"south": {"uv": [0, 0, 0, 16], "texture": "#1"},
				"west": {"uv": [0, 6, 16, 0], "texture": "#1"},
				"up": {"uv": [0, 0, 0, 16], "texture": "#1"},
				"down": {"uv": [0, 0, 0, 16], "texture": "#1"}
			}
		},
		{
			"from": [8.575, -14.5, -10],
			"to": [8.575, 1.5, 25],
			"faces": {
				"north": {"uv": [0, 0, 0, 16], "texture": "#missing"},
				"east": {"uv": [16, 8, 0, 16], "texture": "#1"},
				"south": {"uv": [0, 0, 0, 16], "texture": "#missing"},
				"west": {"uv": [0, 8, 16, 16], "texture": "#1"},
				"up": {"uv": [0, 0, 0, 16], "texture": "#missing"},
				"down": {"uv": [0, 0, 0, 16], "texture": "#missing"}
			}
		},
		{
			"from": [6.825, 1.5, -10],
			"to": [8.575, 1.5, 25],
			"faces": {
				"north": {"uv": [0, 0, 1.75, 0], "texture": "#missing"},
				"east": {"uv": [0, 0, 16, 0], "texture": "#missing"},
				"south": {"uv": [0, 0, 1.75, 0], "texture": "#missing"},
				"west": {"uv": [0, 0, 16, 0], "texture": "#missing"},
				"up": {"uv": [16, 6, 0, 8], "rotation": 90, "texture": "#1"},
				"down": {"uv": [0, 6, 16, 8], "rotation": 90, "texture": "#1"}
			}
		}
	]
}