{
	"credit": "Made with Blockbench",
	"textures": {
		"0": "prism:block/wood2",
		"1": "prism:block/wood",
		"4": "prism:block/woven_wool",
		"5": "prism:block/woven_wool_side",
		"particle": "prism:block/wood2"
	},
	"elements": [
		{
			"from": [12.5, 13, 6.5],
			"to": [14.5, 19, 10.5],
			"rotation": {"angle": 0, "axis": "y", "origin": [8, 15.25, 8.5]},
			"faces": {
				"north": {"uv": [2.5, 10.75, 3, 12.25], "texture": "#0"},
				"east": {"uv": [1.5, 6.5, 2.5, 8], "texture": "#0"},
				"south": {"uv": [3, 10.75, 3.5, 12.25], "texture": "#0"},
				"west": {"uv": [4.5, 6.25, 5.5, 7.75], "texture": "#0"},
				"up": {"uv": [12.5, 3.5, 11.5, 3], "rotation": 270, "texture": "#0"},
				"down": {"uv": [12.5, 3.5, 11.5, 4], "rotation": 90, "texture": "#0"}
			}
		},
		{
			"from": [12.5, 26, 6.5],
			"to": [14.5, 30, 10.5],
			"rotation": {"angle": 0, "axis": "y", "origin": [8, 15.25, 8.5]},
			"faces": {
				"north": {"uv": [5.5, 6.25, 6, 7.25], "texture": "#0"},
				"east": {"uv": [8.5, 1.75, 9.5, 2.75], "texture": "#0"},
				"south": {"uv": [9.5, 4.5, 10, 5.5], "texture": "#0"},
				"west": {"uv": [8.5, 0.75, 9.5, 1.75], "texture": "#0"},
				"up": {"uv": [10.5, 12, 9.5, 11.5], "rotation": 270, "texture": "#0"},
				"down": {"uv": [12.75, 4, 11.75, 4.5], "rotation": 90, "texture": "#0"}
			}
		},
		{
			"from": [12.5, 30, 4.5],
			"to": [14.5, 31, 12.5],
			"rotation": {"angle": 0, "axis": "y", "origin": [8, 15.25, 8.5]},
			"faces": {
				"north": {"uv": [9.5, 2.5, 10, 2.75], "texture": "#0"},
				"east": {"uv": [11.75, 4.75, 13.75, 5], "texture": "#0"},
				"south": {"uv": [9.75, 6.75, 10.25, 7], "texture": "#0"},
				"west": {"uv": [11.75, 4.5, 13.75, 4.75], "texture": "#0"},
				"up": {"uv": [8, 3.25, 6, 2.75], "rotation": 270, "texture": "#0"},
				"down": {"uv": [9.75, 4, 7.75, 4.5], "rotation": 90, "texture": "#0"}
			}
		},
		{
			"from": [12.5, 19, 7.5],
			"to": [14.5, 26, 9.5],
			"rotation": {"angle": 0, "axis": "y", "origin": [8, 15.25, 8.5]},
			"faces": {
				"north": {"uv": [1.34375, 12.21875, 1.84375, 13.96875], "texture": "#1"},
				"east": {"uv": [1.84375, 12.21875, 2.34375, 13.96875], "texture": "#1"},
				"south": {"uv": [6.34375, 12.21875, 6.84375, 13.96875], "texture": "#1"},
				"west": {"uv": [0.84375, 12.21875, 1.34375, 13.96875], "texture": "#1"},
				"up": {"uv": [11.34375, 14.96875, 10.84375, 14.46875], "rotation": 270, "texture": "#1"},
				"down": {"uv": [13.59375, 10.46875, 13.09375, 10.96875], "rotation": 90, "texture": "#1"}
			}
		},
		{
			"from": [12.5, 13, 11.5],
			"to": [14.5, 16, 13.5],
			"rotation": {"angle": 0, "axis": "y", "origin": [8, 15.25, 8.5]},
			"faces": {
				"north": {"uv": [5.5, 11.5, 6, 12.25], "texture": "#0"},
				"east": {"uv": [3.5, 11.75, 4, 12.5], "texture": "#0"},
				"south": {"uv": [11.75, 5, 12.25, 5.75], "texture": "#0"},
				"west": {"uv": [9, 0, 9.5, 0.75], "texture": "#0"},
				"up": {"uv": [12.75, 9, 12.25, 8.5], "rotation": 270, "texture": "#0"},
				"down": {"uv": [12.75, 9, 12.25, 9.5], "rotation": 90, "texture": "#0"}
			}
		},
		{
			"from": [12.5, 13, 3.5],
			"to": [14.5, 16, 5.5],
			"rotation": {"angle": 0, "axis": "y", "origin": [8, 15.25, 8.5]},
			"faces": {
				"north": {"uv": [11.75, 6.5, 12.25, 7.25], "texture": "#0"},
				"east": {"uv": [7, 11.75, 7.5, 12.5], "texture": "#0"},
				"south": {"uv": [11.75, 7.25, 12.25, 8], "texture": "#0"},
				"west": {"uv": [11.75, 5.75, 12.25, 6.5], "texture": "#0"},
				"up": {"uv": [12.75, 10, 12.25, 9.5], "rotation": 270, "texture": "#0"},
				"down": {"uv": [12.75, 10, 12.25, 10.5], "rotation": 90, "texture": "#0"}
			}
		},
		{
			"from": [12.5, 27, 11.5],
			"to": [14.5, 30, 13.5],
			"rotation": {"angle": 0, "axis": "y", "origin": [8, 15.25, 8.5]},
			"faces": {
				"north": {"uv": [11.75, 8.75, 12.25, 9.5], "texture": "#0"},
				"east": {"uv": [11.75, 9.5, 12.25, 10.25], "texture": "#0"},
				"south": {"uv": [11.75, 10.25, 12.25, 11], "texture": "#0"},
				"west": {"uv": [11.75, 8, 12.25, 8.75], "texture": "#0"},
				"up": {"uv": [11, 12.75, 10.5, 12.25], "rotation": 270, "texture": "#0"},
				"down": {"uv": [12.75, 10.5, 12.25, 11], "rotation": 90, "texture": "#0"}
			}
		},
		{
			"from": [12.5, 27, 3.5],
			"to": [14.5, 30, 5.5],
			"rotation": {"angle": 0, "axis": "y", "origin": [8, 15.25, 8.5]},
			"faces": {
				"north": {"uv": [11.75, 11, 12.25, 11.75], "texture": "#0"},
				"east": {"uv": [11.5, 11.75, 12, 12.5], "texture": "#0"},
				"south": {"uv": [12, 0, 12.5, 0.75], "texture": "#0"},
				"west": {"uv": [11, 11.75, 11.5, 12.5], "texture": "#0"},
				"up": {"uv": [12.75, 11.5, 12.25, 11], "rotation": 270, "texture": "#0"},
				"down": {"uv": [13, 0, 12.5, 0.5], "rotation": 90, "texture": "#0"}
			}
		},
		{
			"from": [12.5, 16, 4.5],
			"to": [14.5, 27, 5.5],
			"rotation": {"angle": 0, "axis": "y", "origin": [8, 15.25, 8.5]},
			"faces": {
				"north": {"uv": [5.34375, 10.21875, 5.84375, 12.96875], "texture": "#1"},
				"east": {"uv": [8.59375, 13.21875, 8.84375, 15.96875], "texture": "#1"},
				"south": {"uv": [5.84375, 10.21875, 6.34375, 12.96875], "texture": "#1"},
				"west": {"uv": [6.84375, 12.21875, 7.09375, 14.96875], "texture": "#1"},
				"up": {"uv": [10.84375, 6.96875, 10.59375, 6.46875], "rotation": 270, "texture": "#1"},
				"down": {"uv": [4.84375, 14.96875, 4.59375, 15.46875], "rotation": 90, "texture": "#1"}
			}
		},
		{
			"from": [12.7, 16, 11.5],
			"to": [14.7, 27, 12.5],
			"rotation": {"angle": 0, "axis": "y", "origin": [8, 15.25, 8.5]},
			"faces": {
				"north": {"uv": [8.84375, 3.21875, 9.34375, 5.96875], "texture": "#1"},
				"east": {"uv": [9.09375, 13.21875, 9.34375, 15.96875], "texture": "#1"},
				"south": {"uv": [2.34375, 10.46875, 2.84375, 13.21875], "texture": "#1"},
				"west": {"uv": [8.84375, 13.21875, 9.09375, 15.96875], "texture": "#1"},
				"up": {"uv": [8.09375, 15.46875, 7.84375, 14.96875], "rotation": 270, "texture": "#1"},
				"down": {"uv": [8.34375, 14.96875, 8.09375, 15.46875], "rotation": 90, "texture": "#1"}
			}
		},
		{
			"from": [13, 24, 5.5],
			"to": [14, 30, 11.5],
			"rotation": {"angle": 0, "axis": "y", "origin": [8, 15.25, 8.5]},
			"faces": {
				"north": {"uv": [4, 11.75, 4.25, 13.25], "texture": "#0"},
				"east": {"uv": [0, 5.75, 1.5, 7.25], "texture": "#0"},
				"south": {"uv": [7.5, 11.75, 7.75, 13.25], "texture": "#0"},
				"west": {"uv": [4.5, 4.75, 6, 6.25], "texture": "#0"},
				"up": {"uv": [9, 7.25, 7.5, 7], "rotation": 270, "texture": "#0"},
				"down": {"uv": [9.25, 4.5, 7.75, 4.75], "rotation": 90, "texture": "#0"}
			}
		},
		{
			"from": [11.5, 25, 5.5],
			"to": [13.5, 30, 11.5],
			"rotation": {"angle": 0, "axis": "y", "origin": [8, 15.25, 8.5]},
			"faces": {
				"north": {"uv": [11, 1.75, 11.5, 3], "texture": "#0"},
				"east": {"uv": [6, 6, 7.5, 7.25], "texture": "#0"},
				"south": {"uv": [11, 3, 11.5, 4.25], "texture": "#0"},
				"west": {"uv": [6, 4.75, 7.5, 6], "texture": "#0"},
				"up": {"uv": [10.5, 7.5, 9, 7], "rotation": 270, "texture": "#0"},
				"down": {"uv": [10.5, 7.5, 9, 8], "rotation": 90, "texture": "#0"}
			}
		},
		{
			"from": [11.5, 12, 4.5],
			"to": [13.5, 15, 12.5],
			"rotation": {"angle": 0, "axis": "y", "origin": [8, 15.25, 8.5]},
			"faces": {
				"north": {"uv": [12, 0.75, 12.5, 1.5], "texture": "#0"},
				"east": {"uv": [2.5, 7.25, 4.5, 8], "texture": "#0"},
				"south": {"uv": [9.5, 12, 10, 12.75], "texture": "#0"},
				"west": {"uv": [2.5, 6.5, 4.5, 7.25], "texture": "#0"},
				"up": {"uv": [10.5, 3.25, 8.5, 2.75], "rotation": 270, "texture": "#0"},
				"down": {"uv": [10.5, 8, 8.5, 8.5], "rotation": 90, "texture": "#0"}
			}
		},
		{
			"from": [13, 13, 5.5],
			"to": [14, 17, 11.5],
			"rotation": {"angle": 0, "axis": "y", "origin": [8, 15.25, 8.5]},
			"faces": {
				"north": {"uv": [10.25, 1.75, 10.5, 2.75], "texture": "#0"},
				"east": {"uv": [5.5, 7.25, 7, 8.25], "texture": "#0"},
				"south": {"uv": [10.25, 8.5, 10.5, 9.5], "texture": "#0"},
				"west": {"uv": [0, 7.25, 1.5, 8.25], "texture": "#0"},
				"up": {"uv": [10, 3.5, 8.5, 3.25], "rotation": 270, "texture": "#0"},
				"down": {"uv": [13.5, 11.75, 12, 12], "rotation": 90, "texture": "#0"}
			}
		},
		{
			"from": [13, 13, 13.5],
			"to": [14, 29, 14.5],
			"rotation": {"angle": 0, "axis": "y", "origin": [8, 15.25, 8.5]},
			"faces": {
				"north": {"uv": [7.09375, 10.71875, 7.34375, 14.71875], "texture": "#1"},
				"east": {"uv": [7.34375, 10.71875, 7.59375, 14.71875], "texture": "#1"},
				"south": {"uv": [7.59375, 10.71875, 7.84375, 14.71875], "texture": "#1"},
				"west": {"uv": [5.09375, 10.46875, 5.34375, 14.46875], "texture": "#1"},
				"up": {"uv": [8.84375, 5.96875, 8.59375, 5.71875], "rotation": 270, "texture": "#1"},
				"down": {"uv": [10.34375, 6.96875, 10.09375, 7.21875], "rotation": 90, "texture": "#1"}
			}
		},
		{
			"from": [13, 13, 2.5],
			"to": [14, 29, 3.5],
			"rotation": {"angle": 0, "axis": "y", "origin": [8, 15.25, 8.5]},
			"faces": {
				"north": {"uv": [9.59375, 10.96875, 9.84375, 14.96875], "texture": "#1"},
				"east": {"uv": [9.84375, 10.96875, 10.09375, 14.96875], "texture": "#1"},
				"south": {"uv": [10.09375, 10.96875, 10.34375, 14.96875], "texture": "#1"},
				"west": {"uv": [9.34375, 10.96875, 9.59375, 14.96875], "texture": "#1"},
				"up": {"uv": [10.84375, 9.21875, 10.59375, 8.96875], "rotation": 270, "texture": "#1"},
				"down": {"uv": [11.09375, 4.96875, 10.84375, 5.21875], "rotation": 90, "texture": "#1"}
			}
		},
		{
			"from": [2.5, 9.925, 4],
			"to": [12.5, 11.925, 13],
			"rotation": {"angle": 0, "axis": "y", "origin": [8, 15.25, 8.5]},
			"faces": {
				"north": {"uv": [7.5, 5.5, 17.5, 7.5], "texture": "#4"},
				"east": {"uv": [7.75, 3.5, 16.75, 5.5], "texture": "#4"},
				"south": {"uv": [7.5, 6, 17.5, 8], "texture": "#4"},
				"west": {"uv": [7.5, 6.5, 16.5, 8.5], "texture": "#4"},
				"up": {"uv": [0, 0, 9, 10], "rotation": 270, "texture": "#4"},
				"down": {"uv": [11.25, 3.25, 2.25, 13.25], "rotation": 90, "texture": "#4"}
			}
		},
		{
			"from": [1.5, 8, 2.5],
			"to": [14.5, 11, 14.5],
			"rotation": {"angle": 0, "axis": "y", "origin": [8, 15.25, 8.5]},
			"faces": {
				"north": {"uv": [4.5, 3.25, 7.75, 4], "texture": "#0"},
				"east": {"uv": [6, 0, 9, 0.75], "texture": "#0"},
				"south": {"uv": [4.5, 4, 7.75, 4.75], "texture": "#0"},
				"west": {"uv": [1.5, 5.75, 4.5, 6.5], "texture": "#0"},
				"up": {"uv": [3, 3.25, 0, 0], "rotation": 270, "texture": "#0"},
				"down": {"uv": [6, 0, 3, 3.25], "rotation": 90, "texture": "#0"}
			}
		},
		{
			"from": [12.5, 7, 12.5],
			"to": [15.5, 13, 15.5],
			"rotation": {"angle": 0, "axis": "y", "origin": [8, 15.25, 8.5]},
			"faces": {
				"north": {"uv": [2.75, 8, 3.5, 9.5], "texture": "#0"},
				"east": {"uv": [3.5, 8, 4.25, 9.5], "texture": "#0"},
				"south": {"uv": [7, 8, 7.75, 9.5], "texture": "#0"},
				"west": {"uv": [2, 8, 2.75, 9.5], "texture": "#0"},
				"up": {"uv": [11.75, 5, 11, 4.25], "rotation": 270, "texture": "#0"},
				"down": {"uv": [11.75, 5, 11, 5.75], "rotation": 90, "texture": "#0"}
			}
		},
		{
			"from": [0.5, 7, 12.5],
			"to": [3.5, 12, 15.5],
			"rotation": {"angle": 0, "axis": "y", "origin": [8, 15.25, 8.5]},
			"faces": {
				"north": {"uv": [9.5, 1.25, 10.25, 2.5], "texture": "#0"},
				"east": {"uv": [2, 9.5, 2.75, 10.75], "texture": "#0"},
				"south": {"uv": [2.75, 9.5, 3.5, 10.75], "texture": "#0"},
				"west": {"uv": [9.5, 0, 10.25, 1.25], "texture": "#0"},
				"up": {"uv": [11.75, 6.5, 11, 5.75], "rotation": 270, "texture": "#0"},
				"down": {"uv": [11.75, 6.5, 11, 7.25], "rotation": 90, "texture": "#0"}
			}
		},
		{
			"from": [0.5, 7, 1.5],
			"to": [3.5, 12, 4.5],
			"rotation": {"angle": 0, "axis": "y", "origin": [8, 15.25, 8.5]},
			"faces": {
				"north": {"uv": [7, 9.5, 7.75, 10.75], "texture": "#0"},
				"east": {"uv": [7.75, 9.5, 8.5, 10.75], "texture": "#0"},
				"south": {"uv": [9.5, 8.5, 10.25, 9.75], "texture": "#0"},
				"west": {"uv": [3.5, 9.5, 4.25, 10.75], "texture": "#0"},
				"up": {"uv": [11.75, 8, 11, 7.25], "rotation": 270, "texture": "#0"},
				"down": {"uv": [11.75, 8, 11, 8.75], "rotation": 90, "texture": "#0"}
			}
		},
		{
			"from": [12.5, 7, 1.5],
			"to": [15.5, 13, 4.5],
			"rotation": {"angle": 0, "axis": "y", "origin": [8, 15.25, 8.5]},
			"faces": {
				"north": {"uv": [0, 8.25, 0.75, 9.75], "texture": "#0"},
				"east": {"uv": [0.75, 8.25, 1.5, 9.75], "texture": "#0"},
				"south": {"uv": [5.5, 8.25, 6.25, 9.75], "texture": "#0"},
				"west": {"uv": [7.75, 8, 8.5, 9.5], "texture": "#0"},
				"up": {"uv": [11.75, 9.5, 11, 8.75], "rotation": 270, "texture": "#0"},
				"down": {"uv": [11.75, 9.5, 11, 10.25], "rotation": 90, "texture": "#0"}
			}
		},
		{
			"from": [12.5, 9, 4.5],
			"to": [15.5, 13, 12.5],
			"rotation": {"angle": 0, "axis": "y", "origin": [8, 15.25, 8.5]},
			"faces": {
				"north": {"uv": [3.5, 10.75, 4.25, 11.75], "texture": "#0"},
				"east": {"uv": [6, 1.75, 8, 2.75], "texture": "#0"},
				"south": {"uv": [7, 10.75, 7.75, 11.75], "texture": "#0"},
				"west": {"uv": [6, 0.75, 8, 1.75], "texture": "#0"},
				"up": {"uv": [9, 8, 7, 7.25], "rotation": 270, "texture": "#0"},
				"down": {"uv": [9.5, 4.75, 7.5, 5.5], "rotation": 90, "texture": "#0"}
			}
		},
		{
			"from": [1, 2, 2],
			"to": [3, 7, 4],
			"rotation": {"angle": 0, "axis": "y", "origin": [8, 16.25, 8.5]},
			"faces": {
				"north": {"uv": [6.375, 6.53125, 6.875, 8.28125], "texture": "#1"},
				"east": {"uv": [6.375, 8.28125, 6.875, 10.03125], "texture": "#1"},
				"south": {"uv": [6.375, 13.03125, 6.875, 14.78125], "texture": "#1"},
				"west": {"uv": [5.875, 13.03125, 6.375, 14.78125], "texture": "#1"},
				"up": {"uv": [9.375, 4.28125, 8.875, 3.78125], "rotation": 270, "texture": "#1"},
				"down": {"uv": [9.375, 4.28125, 8.875, 4.78125], "rotation": 90, "texture": "#1"}
			}
		},
		{
			"from": [1, 2, 13],
			"to": [3, 7, 15],
			"rotation": {"angle": 0, "axis": "y", "origin": [8, 16.25, 8.5]},
			"faces": {
				"north": {"uv": [6.875, 13.03125, 6.375, 14.78125], "texture": "#1"},
				"east": {"uv": [6.875, 8.28125, 6.375, 10.03125], "texture": "#1"},
				"south": {"uv": [6.875, 6.53125, 6.375, 8.28125], "texture": "#1"},
				"west": {"uv": [6.375, 13.03125, 5.875, 14.78125], "texture": "#1"},
				"up": {"uv": [8.875, 4.28125, 9.375, 3.78125], "rotation": 270, "texture": "#1"},
				"down": {"uv": [8.875, 4.28125, 9.375, 4.78125], "rotation": 90, "texture": "#1"}
			}
		},
		{
			"from": [12, 2, 13],
			"to": [14, 7, 15],
			"rotation": {"angle": 0, "axis": "y", "origin": [8, 16.25, 8.5]},
			"faces": {
				"north": {"uv": [6.375, 13.03125, 6.875, 14.78125], "texture": "#1"},
				"east": {"uv": [5.875, 13.03125, 6.375, 14.78125], "texture": "#1"},
				"south": {"uv": [6.375, 6.53125, 6.875, 8.28125], "texture": "#1"},
				"west": {"uv": [6.375, 8.28125, 6.875, 10.03125], "texture": "#1"},
				"up": {"uv": [8.875, 3.78125, 9.375, 4.28125], "rotation": 270, "texture": "#1"},
				"down": {"uv": [8.875, 4.78125, 9.375, 4.28125], "rotation": 90, "texture": "#1"}
			}
		},
		{
			"from": [12, 2, 2],
			"to": [14, 7, 4],
			"rotation": {"angle": 0, "axis": "y", "origin": [8, 16.25, 8.5]},
			"faces": {
				"north": {"uv": [6.875, 6.53125, 6.375, 8.28125], "texture": "#1"},
				"east": {"uv": [6.375, 13.03125, 5.875, 14.78125], "texture": "#1"},
				"south": {"uv": [6.875, 13.03125, 6.375, 14.78125], "texture": "#1"},
				"west": {"uv": [6.875, 8.28125, 6.375, 10.03125], "texture": "#1"},
				"up": {"uv": [9.375, 3.78125, 8.875, 4.28125], "rotation": 270, "texture": "#1"},
				"down": {"uv": [9.375, 4.78125, 8.875, 4.28125], "rotation": 90, "texture": "#1"}
			}
		},
		{
			"from": [0.5, 0, 1.5],
			"to": [3.5, 2, 4.5],
			"rotation": {"angle": 0, "axis": "y", "origin": [8, 16.25, 8.5]},
			"faces": {
				"north": {"uv": [12.25, 6.5, 13, 7], "texture": "#0"},
				"east": {"uv": [12.25, 7, 13, 7.5], "texture": "#0"},
				"south": {"uv": [12.25, 7.5, 13, 8], "texture": "#0"},
				"west": {"uv": [6.25, 12.25, 7, 12.75], "texture": "#0"},
				"up": {"uv": [12.25, 2.25, 11.5, 1.5], "rotation": 270, "texture": "#0"},
				"down": {"uv": [12.25, 2.25, 11.5, 3], "rotation": 90, "texture": "#0"}
			}
		},
		{
			"from": [0.5, 0, 12.5],
			"to": [3.5, 2, 15.5],
			"rotation": {"angle": 0, "axis": "y", "origin": [8, 16.25, 8.5]},
			"faces": {
				"north": {"uv": [13, 7.5, 12.25, 8], "texture": "#0"},
				"east": {"uv": [13, 7, 12.25, 7.5], "texture": "#0"},
				"south": {"uv": [13, 6.5, 12.25, 7], "texture": "#0"},
				"west": {"uv": [7, 12.25, 6.25, 12.75], "texture": "#0"},
				"up": {"uv": [11.5, 2.25, 12.25, 1.5], "rotation": 270, "texture": "#0"},
				"down": {"uv": [11.5, 2.25, 12.25, 3], "rotation": 90, "texture": "#0"}
			}
		},
		{
			"from": [11.5, 0, 12.5],
			"to": [14.5, 2, 15.5],
			"rotation": {"angle": 0, "axis": "y", "origin": [8, 16.25, 8.5]},
			"faces": {
				"north": {"uv": [12.25, 7.5, 13, 8], "texture": "#0"},
				"east": {"uv": [6.25, 12.25, 7, 12.75], "texture": "#0"},
				"south": {"uv": [12.25, 6.5, 13, 7], "texture": "#0"},
				"west": {"uv": [12.25, 7, 13, 7.5], "texture": "#0"},
				"up": {"uv": [11.5, 1.5, 12.25, 2.25], "rotation": 270, "texture": "#0"},
				"down": {"uv": [11.5, 3, 12.25, 2.25], "rotation": 90, "texture": "#0"}
			}
		},
		{
			"from": [11.5, 0, 1.5],
			"to": [14.5, 2, 4.5],
			"rotation": {"angle": 0, "axis": "y", "origin": [8, 16.25, 8.5]},
			"faces": {
				"north": {"uv": [13, 6.5, 12.25, 7], "texture": "#0"},
				"east": {"uv": [7, 12.25, 6.25, 12.75], "texture": "#0"},
				"south": {"uv": [13, 7.5, 12.25, 8], "texture": "#0"},
				"west": {"uv": [13, 7, 12.25, 7.5], "texture": "#0"},
				"up": {"uv": [12.25, 1.5, 11.5, 2.25], "rotation": 270, "texture": "#0"},
				"down": {"uv": [12.25, 3, 11.5, 2.25], "rotation": 90, "texture": "#0"}
			}
		},
		{
			"from": [-1.175, 11.6, 3],
			"to": [2.825, 11.6, 13.5],
			"rotation": {"angle": 22.5, "axis": "z", "origin": [2, 11.05, 8.25]},
			"faces": {
				"north": {"uv": [0, 0, 8, 0], "texture": "#5"},
				"east": {"uv": [0, 0, 7, 0], "texture": "#5"},
				"south": {"uv": [0, 0, 8, 0], "texture": "#5"},
				"west": {"uv": [0, 0, 7, 0], "texture": "#5"},
				"up": {"uv": [0, 0, 16, 16], "rotation": 270, "texture": "#5"},
				"down": {"uv": [0, 0, 16, 16], "rotation": 270, "texture": "#5"}
			}
		},
		{
			"from": [2, 11.5, 0.1],
			"to": [12.5, 11.5, 4.1],
			"rotation": {"angle": -22.5, "axis": "x", "origin": [7.25, 11.45, 3]},
			"faces": {
				"north": {"uv": [0, 0, 7, 0], "texture": "#5"},
				"east": {"uv": [0, 0, 8, 0], "texture": "#5"},
				"south": {"uv": [0, 0, 7, 0], "texture": "#5"},
				"west": {"uv": [0, 0, 8, 0], "texture": "#5"},
				"up": {"uv": [0, 0, 16, 16], "texture": "#5"},
				"down": {"uv": [0, 0, 16, 16], "rotation": 180, "texture": "#5"}
			}
		},
		{
			"from": [2, 11.05, 12.75],
			"to": [12.5, 11.05, 16.75],
			"rotation": {"angle": 22.5, "axis": "x", "origin": [7, 11.05, 14.75]},
			"faces": {
				"north": {"uv": [0, 0, 7, 0], "texture": "#5"},
				"east": {"uv": [0, 0, 8, 0], "texture": "#5"},
				"south": {"uv": [0, 0, 7, 0], "texture": "#5"},
				"west": {"uv": [0, 0, 8, 0], "texture": "#5"},
				"up": {"uv": [0, 0, 16, 16], "rotation": 180, "texture": "#5"},
				"down": {"uv": [0, 0, 16, 16], "texture": "#5"}
			}
		}
	],
	"display": {
		"thirdperson_righthand": {
			"rotation": [75, 45, 0],
			"translation": [0, 2.5, 0],
			"scale": [0.375, 0.375, 0.375]
		},
		"thirdperson_lefthand": {
			"rotation": [75, 45, 0],
			"translation": [0, 2.5, 0],
			"scale": [0.375, 0.375, 0.375]
		},
		"firstperson_righthand": {
			"rotation": [0, 100, 0],
			"scale": [0.4, 0.4, 0.4]
		},
		"firstperson_lefthand": {
			"rotation": [0, 100, 0],
			"scale": [0.4, 0.4, 0.4]
		},
		"ground": {
			"translation": [0, 3, 0],
			"scale": [0.25, 0.25, 0.25]
		},
		"gui": {
			"rotation": [30, -157.75, 0],
			"translation": [0, -2.5, 0],
			"scale": [0.39258, 0.39258, 0.39258]
		},
		"fixed": {
			"rotation": [-90, 0, 0],
			"translation": [0, 0, -14],
			"scale": [1.8, 1.8, 1.8]
		}
	}
}