{
	"credit": "Made with Blockbench",
	"parent": "prism:block/fence_side",
	"textures": {
		"0": "prism:block/wood",
		"1": "prism:block/wood2",
		"particle": "prism:block/wood"
	},
	"elements": [
		{
			"from": [6.75, 0, 1.75],
			"to": [9.25, 1, 4.25],
			"faces": {
				"north": {"uv": [4, 4, 6.5, 5], "texture": "#1"},
				"east": {"uv": [0, 4, 2.5, 5], "texture": "#1"},
				"south": {"uv": [12, 4, 14.5, 5], "texture": "#1"},
				"west": {"uv": [8, 4, 10.5, 5], "texture": "#1"},
				"up": {"uv": [0, 0, 2.5, 2.5], "texture": "#1"},
				"down": {"uv": [8, 7, 10.5, 9.5], "texture": "#1"}
			}
		},
		{
			"from": [6.75, 8, 1.75],
			"to": [9.25, 11, 4.25],
			"faces": {
				"north": {"uv": [4, 4, 6.5, 7], "texture": "#1"},
				"east": {"uv": [0, 4, 2.5, 7], "texture": "#1"},
				"south": {"uv": [12, 4, 14.5, 7], "texture": "#1"},
				"west": {"uv": [8, 4, 10.5, 7], "texture": "#1"},
				"up": {"uv": [0, 0, 2.5, 2.5], "texture": "#1"},
				"down": {"uv": [8, 7, 10.5, 9.5], "texture": "#1"}
			}
		},
		{
			"from": [6.75, 12.5, 1.75],
			"to": [9.25, 14, 4.25],
			"faces": {
				"north": {"uv": [4, 4, 6.5, 5.5], "texture": "#1"},
				"east": {"uv": [0, 4, 2.5, 5.5], "texture": "#1"},
				"south": {"uv": [12, 4, 14.5, 5.5], "texture": "#1"},
				"west": {"uv": [8, 4, 10.5, 5.5], "texture": "#1"},
				"up": {"uv": [0, 0, 2.5, 2.5], "texture": "#1"},
				"down": {"uv": [8, 7, 10.5, 9.5], "texture": "#1"}
			}
		},
		{
			"from": [6.75, 11.5, 1.75],
			"to": [9.25, 12, 4.25],
			"faces": {
				"north": {"uv": [4, 4, 6.5, 4.5], "texture": "#1"},
				"east": {"uv": [0, 4, 2.5, 4.5], "texture": "#1"},
				"south": {"uv": [12, 4, 14.5, 4.5], "texture": "#1"},
				"west": {"uv": [8, 4, 10.5, 4.5], "texture": "#1"},
				"up": {"uv": [0, 0, 2.5, 2.5], "texture": "#1"},
				"down": {"uv": [8, 7, 10.5, 9.5], "texture": "#1"}
			}
		},
		{
			"from": [7.25, 1, 2.25],
			"to": [8.75, 8, 3.75],
			"faces": {
				"north": {"uv": [4, 4, 5.5, 11], "texture": "#0"},
				"east": {"uv": [0, 4, 1.5, 11], "texture": "#0"},
				"south": {"uv": [12, 4, 13.5, 11], "texture": "#0"},
				"west": {"uv": [8, 4, 9.5, 11], "texture": "#0"},
				"up": {"uv": [0, 0, 1.5, 1.5], "texture": "#0"},
				"down": {"uv": [8, 7, 9.5, 8.5], "texture": "#0"}
			}
		},
		{
			"from": [6, 14, 0],
			"to": [10, 16, 6],
			"faces": {
				"north": {"uv": [0, 0, 4, 2], "texture": "#1"},
				"east": {"uv": [0, 0, 6, 2], "texture": "#1"},
				"south": {"uv": [0, 0, 4, 2], "texture": "#1"},
				"west": {"uv": [0, 0, 6, 2], "texture": "#1"},
				"up": {"uv": [0, 0, 4, 6], "texture": "#1"},
				"down": {"uv": [0, 0, 4, 6], "texture": "#1"}
			}
		},
		{
			"from": [7, 11, 2],
			"to": [9, 11.5, 4],
			"faces": {
				"north": {"uv": [0, 0, 2, 0.5], "texture": "#0"},
				"east": {"uv": [0, 0, 2, 0.5], "texture": "#0"},
				"south": {"uv": [0, 0, 2, 0.5], "texture": "#0"},
				"west": {"uv": [0, 0, 2, 0.5], "texture": "#0"},
				"up": {"uv": [0, 0, 2, 2], "texture": "#0"},
				"down": {"uv": [0, 0, 2, 2], "texture": "#0"}
			}
		},
		{
			"from": [7, 12, 2],
			"to": [9, 12.5, 4],
			"faces": {
				"north": {"uv": [0, 0, 2, 0.5], "texture": "#0"},
				"east": {"uv": [0, 0, 2, 0.5], "texture": "#0"},
				"south": {"uv": [0, 0, 2, 0.5], "texture": "#0"},
				"west": {"uv": [0, 0, 2, 0.5], "texture": "#0"},
				"up": {"uv": [0, 0, 2, 2], "texture": "#0"},
				"down": {"uv": [0, 0, 2, 2], "texture": "#0"}
			}
		}
	]
}