{
	"credit": "Made with Blockbench",
	"textures": {
		"0": "prism:block/wood",
		"1": "prism:block/wood2",
		"particle": "prism:block/wood"
	},
	"elements": [
		{
			"name": "hexadecagon",
			"from": [29.70163, -6.7, 5.225],
			"to": [30.29837, 23.55, 8.225],
			"rotation": {"angle": -45, "axis": "y", "origin": [30, 7.05, 6.725]},
			"faces": {
				"north": {"uv": [7, 16, 7.59674, 0], "texture": "#0"},
				"east": {"uv": [0, 1, 1, 0], "texture": "#missing"},
				"south": {"uv": [15, 16, 15.59674, 0], "texture": "#0"},
				"west": {"uv": [0, 1, 1, 0], "texture": "#missing"},
				"up": {"uv": [0, 1, 1, 0], "texture": "#0"}
			}
		},
		{
			"name": "hexadecagon",
			"from": [29.70163, -6.7, 5.225],
			"to": [30.29837, 23.55, 8.225],
			"rotation": {"angle": -22.5, "axis": "y", "origin": [30, 7.05, 6.725]},
			"faces": {
				"north": {"uv": [7.59375, 16, 8.19049, 0], "texture": "#0"},
				"east": {"uv": [0, 16, 0.59674, 0], "texture": "#0"},
				"south": {"uv": [0, 16, 0.59674, 0], "texture": "#0"},
				"west": {"uv": [0, 16, 0.59674, 0], "texture": "#0"},
				"up": {"uv": [0, 0.59674, 3, 0], "rotation": 90, "texture": "#0"}
			}
		},
		{
			"name": "hexadecagon",
			"from": [29.70163, -6.7, 5.225],
			"to": [30.29837, 23.55, 8.225],
			"rotation": {"angle": 0, "axis": "y", "origin": [30, 7.05, 6.725]},
			"faces": {
				"north": {"uv": [9, 16, 9.59674, 0], "texture": "#0"},
				"east": {"uv": [0, 1, 1, 0], "texture": "#missing"},
				"south": {"uv": [1, 16, 1.59674, 0], "texture": "#0"},
				"west": {"uv": [0, 1, 1, 0], "texture": "#missing"},
				"up": {"uv": [0, 0.59674, 3, 0], "rotation": 90, "texture": "#0"}
			}
		},
		{
			"name": "hexadecagon",
			"from": [29.70163, -6.7, 5.225],
			"to": [30.29837, 23.55, 8.225],
			"rotation": {"angle": 22.5, "axis": "y", "origin": [30, 7.05, 6.725]},
			"faces": {
				"north": {"uv": [10, 16, 10.59674, 0], "texture": "#0"},
				"east": {"uv": [0, 1, 1, 0], "texture": "#missing"},
				"south": {"uv": [2, 16, 2.59674, 0], "texture": "#0"},
				"west": {"uv": [0, 1, 1, 0], "texture": "#missing"},
				"up": {"uv": [0, 0.59674, 3, 0], "rotation": 90, "texture": "#0"}
			}
		},
		{
			"name": "hexadecagon",
			"from": [28.5, -6.7, 6.42663],
			"to": [31.5, 23.55, 7.02337],
			"rotation": {"angle": -45, "axis": "y", "origin": [30, 7.05, 6.725]},
			"faces": {
				"north": {"uv": [0, 1, 1, 0], "texture": "#missing"},
				"east": {"uv": [3, 16, 3.59674, 0], "texture": "#0"},
				"south": {"uv": [0, 1, 1, 0], "texture": "#missing"},
				"west": {"uv": [11, 16, 11.59674, 0], "texture": "#0"},
				"up": {"uv": [0, 0.59674, 3, 0], "texture": "#0"}
			}
		},
		{
			"name": "hexadecagon",
			"from": [28.5, -6.7, 6.42663],
			"to": [31.5, 23.55, 7.02337],
			"rotation": {"angle": -22.5, "axis": "y", "origin": [30, 7.05, 6.725]},
			"faces": {
				"north": {"uv": [0, 1, 1, 0], "texture": "#missing"},
				"east": {"uv": [4, 16, 4.59674, 0], "texture": "#0"},
				"south": {"uv": [0, 1, 1, 0], "texture": "#missing"},
				"west": {"uv": [12, 16, 12.59674, 0], "texture": "#0"},
				"up": {"uv": [0, 0.59674, 3, 0], "rotation": 90, "texture": "#0"}
			}
		},
		{
			"name": "hexadecagon",
			"from": [28.5, -6.7, 6.42663],
			"to": [31.5, 23.55, 7.02337],
			"rotation": {"angle": 0, "axis": "y", "origin": [30, 7.05, 6.725]},
			"faces": {
				"north": {"uv": [0, 1, 1, 0], "texture": "#missing"},
				"east": {"uv": [8, 16, 8.59674, 0], "texture": "#0"},
				"south": {"uv": [0, 1, 1, 0], "texture": "#missing"},
				"west": {"uv": [13, 16, 13.59674, 0], "texture": "#0"},
				"up": {"uv": [0, 0.59674, 3, 0], "rotation": 90, "texture": "#0"}
			}
		},
		{
			"name": "hexadecagon",
			"from": [28.5, -6.7, 6.42663],
			"to": [31.5, 23.55, 7.02337],
			"rotation": {"angle": 22.5, "axis": "y", "origin": [30, 7.05, 6.725]},
			"faces": {
				"north": {"uv": [0, 1, 1, 0], "texture": "#missing"},
				"east": {"uv": [6, 16, 6.59674, 0], "texture": "#0"},
				"south": {"uv": [0, 1, 1, 0], "texture": "#missing"},
				"west": {"uv": [14, 16, 14.59674, 0], "texture": "#0"},
				"up": {"uv": [0, 0.59674, 3, 0], "rotation": 90, "texture": "#0"}
			}
		},
		{
			"name": "hexadecagon",
			"from": [-11.29837, 0, 6.5],
			"to": [-10.70163, 24.5, 9.5],
			"rotation": {"angle": -45, "axis": "y", "origin": [-11, 8, 8]},
			"faces": {
				"north": {"uv": [7, 0, 7.59674, 16], "texture": "#0"},
				"east": {"uv": [0, 0, 1, 1], "texture": "#missing"},
				"south": {"uv": [15, 0, 15.59674, 16], "texture": "#0"},
				"west": {"uv": [0, 0, 1, 1], "texture": "#missing"},
				"up": {"uv": [0, 0, 3, 0.59674], "texture": "#0"}
			}
		},
		{
			"name": "hexadecagon",
			"from": [-11.29837, 0, 6.5],
			"to": [-10.70163, 24.5, 9.5],
			"rotation": {"angle": -22.5, "axis": "y", "origin": [-11, 8, 8]},
			"faces": {
				"north": {"uv": [7.59375, 0, 8.19049, 16], "texture": "#0"},
				"east": {"uv": [0, 0, 0.59674, 16], "texture": "#0"},
				"south": {"uv": [0, 0, 0.59674, 16], "texture": "#0"},
				"west": {"uv": [0, 0, 0.59674, 16], "texture": "#0"},
				"up": {"uv": [0, 0, 3, 0.59674], "texture": "#0"}
			}
		},
		{
			"name": "hexadecagon",
			"from": [-11.29837, 0, 6.5],
			"to": [-10.70163, 24.5, 9.5],
			"rotation": {"angle": 0, "axis": "y", "origin": [-11, 8, 8]},
			"faces": {
				"north": {"uv": [9, 0, 9.59674, 16], "texture": "#0"},
				"east": {"uv": [0, 0, 1, 1], "texture": "#missing"},
				"south": {"uv": [1, 0, 1.59674, 16], "texture": "#0"},
				"west": {"uv": [0, 0, 1, 1], "texture": "#missing"},
				"up": {"uv": [0, 0, 3, 0.59674], "texture": "#0"}
			}
		},
		{
			"name": "hexadecagon",
			"from": [-11.29837, 0, 6.5],
			"to": [-10.70163, 24.5, 9.5],
			"rotation": {"angle": 22.5, "axis": "y", "origin": [-11, 8, 8]},
			"faces": {
				"north": {"uv": [10, 0, 10.59674, 16], "texture": "#0"},
				"east": {"uv": [0, 0, 1, 1], "texture": "#missing"},
				"south": {"uv": [2, 0, 2.59674, 16], "texture": "#0"},
				"west": {"uv": [0, 0, 1, 1], "texture": "#missing"},
				"up": {"uv": [0, 0, 3, 0.59674], "texture": "#0"}
			}
		},
		{
			"name": "hexadecagon",
			"from": [-11.29837, 0, 6.5],
			"to": [-10.70163, 24.5, 9.5],
			"rotation": {"angle": 45, "axis": "y", "origin": [-11, 8, 8]},
			"faces": {
				"north": {"uv": [11, 0, 11.59674, 16], "texture": "#0"},
				"east": {"uv": [0, 0, 1, 1], "texture": "#missing"},
				"south": {"uv": [3, 0, 3.59674, 16], "texture": "#0"},
				"west": {"uv": [0, 0, 1, 1], "texture": "#missing"},
				"up": {"uv": [0, 0, 3, 0.59674], "texture": "#0"}
			}
		},
		{
			"name": "hexadecagon",
			"from": [-12.5, 0, 7.70163],
			"to": [-9.5, 24.5, 8.29837],
			"rotation": {"angle": -22.5, "axis": "y", "origin": [-11, 8, 8]},
			"faces": {
				"north": {"uv": [0, 0, 1, 1], "texture": "#missing"},
				"east": {"uv": [4, 0, 4.59674, 16], "texture": "#0"},
				"south": {"uv": [0, 0, 1, 1], "texture": "#missing"},
				"west": {"uv": [12, 0, 12.59674, 16], "texture": "#0"},
				"up": {"uv": [0, 0, 3, 0.59674], "texture": "#0"}
			}
		},
		{
			"name": "hexadecagon",
			"from": [-12.5, 0, 7.70163],
			"to": [-9.5, 24.5, 8.29837],
			"rotation": {"angle": 0, "axis": "y", "origin": [-11, 8, 8]},
			"faces": {
				"north": {"uv": [0, 0, 1, 1], "texture": "#missing"},
				"east": {"uv": [8, 0, 8.59674, 16], "texture": "#0"},
				"south": {"uv": [0, 0, 1, 1], "texture": "#missing"},
				"west": {"uv": [13, 0, 13.59674, 16], "texture": "#0"},
				"up": {"uv": [0, 0, 3, 0.59674], "texture": "#0"}
			}
		},
		{
			"name": "hexadecagon",
			"from": [-12.5, 0, 7.70163],
			"to": [-9.5, 24.5, 8.29837],
			"rotation": {"angle": 22.5, "axis": "y", "origin": [-11, 8, 8]},
			"faces": {
				"north": {"uv": [0, 0, 1, 1], "texture": "#missing"},
				"east": {"uv": [6, 0, 6.59674, 16], "texture": "#0"},
				"south": {"uv": [0, 0, 1, 1], "texture": "#missing"},
				"west": {"uv": [14, 0, 14.59674, 16], "texture": "#0"},
				"up": {"uv": [0, 0, 3, 0.59674], "texture": "#0"}
			}
		},
		{
			"name": "hexadecagon",
			"from": [-5.5, -0.65, 7.59571],
			"to": [-4.2, 19.35, 7.85429],
			"rotation": {"angle": 0, "axis": "y", "origin": [-4.85, 7.85, 7.725]},
			"faces": {
				"north": {"uv": [4.4375, 16, 5.7375, 0], "texture": "#0"},
				"east": {"uv": [1, 16, 1.25859, 0], "texture": "#0"},
				"south": {"uv": [7.8125, 16, 9.1125, 0], "texture": "#0"},
				"west": {"uv": [5.5, 16, 5.75859, 0], "texture": "#0"},
				"up": {"uv": [14.4375, 1.375, 15.4375, 0.375], "rotation": 270, "texture": "#0"},
				"down": {"uv": [13.75, 2, 14.75, 1], "rotation": 90, "texture": "#0"}
			}
		},
		{
			"name": "hexadecagon",
			"from": [-5.5, -0.65, 7.59571],
			"to": [-4.2, 19.35, 7.85429],
			"rotation": {"angle": 22.5, "axis": "y", "origin": [-4.85, 7.85, 7.725]},
			"faces": {
				"north": {"uv": [4.4375, 16, 5.7375, 0], "texture": "#0"},
				"east": {"uv": [1.5, 16, 1.75859, 0], "texture": "#0"},
				"south": {"uv": [7.8125, 16, 9.1125, 0], "texture": "#0"},
				"west": {"uv": [6, 16, 6.25859, 0], "texture": "#0"},
				"up": {"uv": [14.4375, 1.375, 15.4375, 0.375], "rotation": 270, "texture": "#0"},
				"down": {"uv": [13.75, 2, 14.75, 1], "rotation": 90, "texture": "#0"}
			}
		},
		{
			"name": "hexadecagon",
			"from": [-5.5, -0.65, 7.59571],
			"to": [-4.2, 19.35, 7.85429],
			"rotation": {"angle": 45, "axis": "y", "origin": [-4.85, 7.85, 7.725]},
			"faces": {
				"north": {"uv": [4.4375, 16, 5.7375, 0], "texture": "#0"},
				"east": {"uv": [2, 16, 2.25859, 0], "texture": "#0"},
				"south": {"uv": [7.8125, 16, 9.1125, 0], "texture": "#0"},
				"west": {"uv": [6.5, 16, 6.75859, 0], "texture": "#0"},
				"up": {"uv": [14.4375, 1.375, 15.4375, 0.375], "rotation": 270, "texture": "#0"},
				"down": {"uv": [13.75, 2, 14.75, 1], "rotation": 90, "texture": "#0"}
			}
		},
		{
			"name": "hexadecagon",
			"from": [-4.97929, -0.65, 7.075],
			"to": [-4.72071, 19.35, 8.375],
			"rotation": {"angle": -22.5, "axis": "y", "origin": [-4.85, 7.85, 7.725]},
			"faces": {
				"north": {"uv": [2.5, 16, 2.75859, 0], "texture": "#0"},
				"east": {"uv": [7.8125, 16, 9.1125, 0], "texture": "#0"},
				"south": {"uv": [7, 16, 7.25859, 0], "texture": "#0"},
				"west": {"uv": [4.4375, 16, 5.7375, 0], "texture": "#0"},
				"up": {"uv": [14.4375, 1.375, 15.4375, 0.375], "rotation": 180, "texture": "#0"},
				"down": {"uv": [13.75, 2, 14.75, 1], "rotation": 180, "texture": "#0"}
			}
		},
		{
			"name": "hexadecagon",
			"from": [-4.97929, -0.65, 7.075],
			"to": [-4.72071, 19.35, 8.375],
			"rotation": {"angle": 0, "axis": "y", "origin": [-4.85, 7.85, 7.725]},
			"faces": {
				"north": {"uv": [3, 16, 3.25859, 0], "texture": "#0"},
				"east": {"uv": [7.8125, 16, 9.1125, 0], "texture": "#0"},
				"south": {"uv": [7.5, 16, 7.75859, 0], "texture": "#0"},
				"west": {"uv": [4.4375, 16, 5.7375, 0], "texture": "#0"},
				"up": {"uv": [14.4375, 1.375, 15.4375, 0.375], "rotation": 180, "texture": "#0"},
				"down": {"uv": [13.75, 2, 14.75, 1], "rotation": 180, "texture": "#0"}
			}
		},
		{
			"name": "hexadecagon",
			"from": [-4.97929, -0.65, 7.075],
			"to": [-4.72071, 19.35, 8.375],
			"rotation": {"angle": 22.5, "axis": "y", "origin": [-4.85, 7.85, 7.725]},
			"faces": {
				"north": {"uv": [3.5, 16, 3.75859, 0], "texture": "#0"},
				"east": {"uv": [6.78125, 16, 8.08125, 0], "texture": "#0"},
				"south": {"uv": [8, 16, 8.25859, 0], "texture": "#0"},
				"west": {"uv": [1.125, 16, 2.425, 0], "texture": "#0"},
				"up": {"uv": [14.4375, 1.375, 15.4375, 0.375], "rotation": 270, "texture": "#0"},
				"down": {"uv": [13.75, 2, 14.75, 1], "rotation": 90, "texture": "#0"}
			}
		},
		{
			"name": "hexadecagon",
			"from": [-4.97929, -0.65, 7.075],
			"to": [-4.72071, 19.35, 8.375],
			"rotation": {"angle": 45, "axis": "y", "origin": [-4.85, 7.85, 7.725]},
			"faces": {
				"north": {"uv": [4.5, 16, 4.75859, 0], "texture": "#0"},
				"east": {"uv": [6.78125, 16, 8.08125, 0], "texture": "#0"},
				"south": {"uv": [8.5, 16, 8.75859, 0], "texture": "#0"},
				"west": {"uv": [1.125, 16, 2.425, 0], "texture": "#0"},
				"up": {"uv": [14.4375, 1.375, 15.4375, 0.375], "rotation": 270, "texture": "#0"},
				"down": {"uv": [13.75, 2, 14.75, 1], "rotation": 90, "texture": "#0"}
			}
		},
		{
			"name": "hexadecagon",
			"from": [-5.5, -0.65, 7.59571],
			"to": [-4.2, 19.35, 7.85429],
			"rotation": {"angle": -22.5, "axis": "y", "origin": [-4.85, 7.85, 7.725]},
			"faces": {
				"north": {"uv": [6.78125, 16, 8.08125, 0], "texture": "#0"},
				"east": {"uv": [9, 16, 9.25859, 0], "texture": "#0"},
				"south": {"uv": [1.125, 16, 2.425, 0], "texture": "#0"},
				"west": {"uv": [5, 16, 5.25859, 0], "texture": "#0"},
				"up": {"uv": [14.4375, 1.375, 15.4375, 0.375], "rotation": 180, "texture": "#0"},
				"down": {"uv": [13.75, 2, 14.75, 1], "rotation": 180, "texture": "#0"}
			}
		},
		{
			"name": "hexadecagon",
			"from": [2.07071, -0.65, 8.5],
			"to": [2.32929, 19.85, 9.8],
			"rotation": {"angle": -45, "axis": "y", "origin": [2.2, 7.85, 9.15]},
			"faces": {
				"north": {"uv": [5.5, 0, 5.75859, 16], "texture": "#0"},
				"east": {"uv": [4.4375, 0, 5.7375, 16], "texture": "#0"},
				"south": {"uv": [1, 0, 1.25859, 16], "texture": "#0"},
				"west": {"uv": [7.8125, 0, 9.1125, 16], "texture": "#0"},
				"up": {"uv": [14.4375, 0.375, 15.4375, 1.375], "texture": "#0"},
				"down": {"uv": [13.75, 1, 14.75, 2], "texture": "#0"}
			}
		},
		{
			"name": "hexadecagon",
			"from": [2.07071, -0.65, 8.5],
			"to": [2.32929, 19.85, 9.8],
			"rotation": {"angle": -22.5, "axis": "y", "origin": [2.2, 7.85, 9.15]},
			"faces": {
				"north": {"uv": [6, 0, 6.25859, 16], "texture": "#0"},
				"east": {"uv": [4.4375, 0, 5.7375, 16], "texture": "#0"},
				"south": {"uv": [1.5, 0, 1.75859, 16], "texture": "#0"},
				"west": {"uv": [7.8125, 0, 9.1125, 16], "texture": "#0"},
				"up": {"uv": [14.4375, 0.375, 15.4375, 1.375], "texture": "#0"},
				"down": {"uv": [13.75, 1, 14.75, 2], "texture": "#0"}
			}
		},
		{
			"name": "hexadecagon",
			"from": [2.07071, -0.65, 8.5],
			"to": [2.32929, 19.85, 9.8],
			"rotation": {"angle": 0, "axis": "y", "origin": [2.2, 7.85, 9.15]},
			"faces": {
				"north": {"uv": [6.5, 0, 6.75859, 16], "texture": "#0"},
				"east": {"uv": [4.4375, 0, 5.7375, 16], "texture": "#0"},
				"south": {"uv": [2, 0, 2.25859, 16], "texture": "#0"},
				"west": {"uv": [7.8125, 0, 9.1125, 16], "texture": "#0"},
				"up": {"uv": [14.4375, 0.375, 15.4375, 1.375], "texture": "#0"},
				"down": {"uv": [13.75, 1, 14.75, 2], "texture": "#0"}
			}
		},
		{
			"name": "hexadecagon",
			"from": [2.07071, -0.65, 8.5],
			"to": [2.32929, 19.85, 9.8],
			"rotation": {"angle": 22.5, "axis": "y", "origin": [2.2, 7.85, 9.15]},
			"faces": {
				"north": {"uv": [7, 0, 7.25859, 16], "texture": "#0"},
				"east": {"uv": [4.4375, 0, 5.7375, 16], "texture": "#0"},
				"south": {"uv": [2.5, 0, 2.75859, 16], "texture": "#0"},
				"west": {"uv": [7.8125, 0, 9.1125, 16], "texture": "#0"},
				"up": {"uv": [14.4375, 0.375, 15.4375, 1.375], "texture": "#0"},
				"down": {"uv": [13.75, 1, 14.75, 2], "texture": "#0"}
			}
		},
		{
			"name": "hexadecagon",
			"from": [2.07071, -0.65, 8.5],
			"to": [2.32929, 19.85, 9.8],
			"rotation": {"angle": 45, "axis": "y", "origin": [2.2, 7.85, 9.15]},
			"faces": {
				"north": {"uv": [7.5, 0, 7.75859, 16], "texture": "#0"},
				"east": {"uv": [4.4375, 0, 5.7375, 16], "texture": "#0"},
				"south": {"uv": [3, 0, 3.25859, 16], "texture": "#0"},
				"west": {"uv": [7.8125, 0, 9.1125, 16], "texture": "#0"},
				"up": {"uv": [14.4375, 0.375, 15.4375, 1.375], "texture": "#0"},
				"down": {"uv": [13.75, 1, 14.75, 2], "texture": "#0"}
			}
		},
		{
			"name": "hexadecagon",
			"from": [1.55, -0.65, 9.02071],
			"to": [2.85, 19.85, 9.27929],
			"rotation": {"angle": -22.5, "axis": "y", "origin": [2.2, 7.85, 9.15]},
			"faces": {
				"north": {"uv": [1.125, 0, 2.425, 16], "texture": "#0"},
				"east": {"uv": [3.5, 0, 3.75859, 16], "texture": "#0"},
				"south": {"uv": [6.78125, 0, 8.08125, 16], "texture": "#0"},
				"west": {"uv": [8, 0, 8.25859, 16], "texture": "#0"},
				"up": {"uv": [14.4375, 0.375, 15.4375, 1.375], "texture": "#0"},
				"down": {"uv": [13.75, 1, 14.75, 2], "texture": "#0"}
			}
		},
		{
			"name": "hexadecagon",
			"from": [1.55, -0.65, 9.02071],
			"to": [2.85, 19.85, 9.27929],
			"rotation": {"angle": 0, "axis": "y", "origin": [2.2, 7.85, 9.15]},
			"faces": {
				"north": {"uv": [1.125, 0, 2.425, 16], "texture": "#0"},
				"east": {"uv": [4.5, 0, 4.75859, 16], "texture": "#0"},
				"south": {"uv": [6.78125, 0, 8.08125, 16], "texture": "#0"},
				"west": {"uv": [8.5, 0, 8.75859, 16], "texture": "#0"},
				"up": {"uv": [14.4375, 0.375, 15.4375, 1.375], "texture": "#0"},
				"down": {"uv": [13.75, 1, 14.75, 2], "texture": "#0"}
			}
		},
		{
			"name": "hexadecagon",
			"from": [1.55, -0.65, 9.02071],
			"to": [2.85, 19.85, 9.27929],
			"rotation": {"angle": 22.5, "axis": "y", "origin": [2.2, 7.85, 9.15]},
			"faces": {
				"north": {"uv": [1.125, 0, 2.425, 16], "texture": "#0"},
				"east": {"uv": [5, 0, 5.25859, 16], "texture": "#0"},
				"south": {"uv": [6.78125, 0, 8.08125, 16], "texture": "#0"},
				"west": {"uv": [9, 0, 9.25859, 16], "texture": "#0"},
				"up": {"uv": [14.4375, 0.375, 15.4375, 1.375], "texture": "#0"},
				"down": {"uv": [13.75, 1, 14.75, 2], "texture": "#0"}
			}
		},
		{
			"name": "hexadecagon",
			"from": [16.87071, -3.225, 6.375],
			"to": [17.12929, 16.775, 7.675],
			"rotation": {"angle": -45, "axis": "y", "origin": [17, 5.275, 7.025]},
			"faces": {
				"north": {"uv": [8, 16, 8.25859, 0], "texture": "#0"},
				"east": {"uv": [4.4375, 16, 5.7375, 0], "texture": "#0"},
				"south": {"uv": [12.5, 16, 12.75859, 0], "texture": "#0"},
				"west": {"uv": [7.8125, 16, 9.1125, 0], "texture": "#0"},
				"up": {"uv": [14.4375, 1.375, 15.4375, 0.375], "texture": "#0"},
				"down": {"uv": [13.75, 2, 14.75, 1], "texture": "#0"}
			}
		},
		{
			"name": "hexadecagon",
			"from": [16.87071, -3.225, 6.375],
			"to": [17.12929, 16.775, 7.675],
			"rotation": {"angle": -22.5, "axis": "y", "origin": [17, 5.275, 7.025]},
			"faces": {
				"north": {"uv": [9, 16, 9.25859, 0], "texture": "#0"},
				"east": {"uv": [4.4375, 16, 5.7375, 0], "texture": "#0"},
				"south": {"uv": [13, 16, 13.25859, 0], "texture": "#0"},
				"west": {"uv": [7.8125, 16, 9.1125, 0], "texture": "#0"},
				"up": {"uv": [14.4375, 1.375, 15.4375, 0.375], "texture": "#0"},
				"down": {"uv": [13.75, 2, 14.75, 1], "texture": "#0"}
			}
		},
		{
			"name": "hexadecagon",
			"from": [16.87071, -3.225, 6.375],
			"to": [17.12929, 16.775, 7.675],
			"rotation": {"angle": 0, "axis": "y", "origin": [17, 5.275, 7.025]},
			"faces": {
				"north": {"uv": [9.5, 16, 9.75859, 0], "texture": "#0"},
				"east": {"uv": [4.4375, 16, 5.7375, 0], "texture": "#0"},
				"south": {"uv": [13.5, 16, 13.75859, 0], "texture": "#0"},
				"west": {"uv": [7.8125, 16, 9.1125, 0], "texture": "#0"},
				"up": {"uv": [14.4375, 1.375, 15.4375, 0.375], "texture": "#0"},
				"down": {"uv": [13.75, 2, 14.75, 1], "texture": "#0"}
			}
		},
		{
			"name": "hexadecagon",
			"from": [16.87071, -3.225, 6.375],
			"to": [17.12929, 16.775, 7.675],
			"rotation": {"angle": 22.5, "axis": "y", "origin": [17, 5.275, 7.025]},
			"faces": {
				"north": {"uv": [10, 16, 10.25859, 0], "texture": "#0"},
				"east": {"uv": [4.4375, 16, 5.7375, 0], "texture": "#0"},
				"south": {"uv": [14, 16, 14.25859, 0], "texture": "#0"},
				"west": {"uv": [7.8125, 16, 9.1125, 0], "texture": "#0"},
				"up": {"uv": [14.4375, 1.375, 15.4375, 0.375], "texture": "#0"},
				"down": {"uv": [13.75, 2, 14.75, 1], "texture": "#0"}
			}
		},
		{
			"name": "hexadecagon",
			"from": [16.87071, -3.225, 6.375],
			"to": [17.12929, 16.775, 7.675],
			"rotation": {"angle": 45, "axis": "y", "origin": [17, 5.275, 7.025]},
			"faces": {
				"north": {"uv": [10.5, 16, 10.75859, 0], "texture": "#0"},
				"east": {"uv": [4.4375, 16, 5.7375, 0], "texture": "#0"},
				"south": {"uv": [14.5, 16, 14.75859, 0], "texture": "#0"},
				"west": {"uv": [7.8125, 16, 9.1125, 0], "texture": "#0"},
				"up": {"uv": [14.4375, 1.375, 15.4375, 0.375], "texture": "#0"},
				"down": {"uv": [13.75, 2, 14.75, 1], "texture": "#0"}
			}
		},
		{
			"name": "hexadecagon",
			"from": [16.35, -3.225, 6.89571],
			"to": [17.65, 16.775, 7.15429],
			"rotation": {"angle": -22.5, "axis": "y", "origin": [17, 5.275, 7.025]},
			"faces": {
				"north": {"uv": [1.125, 16, 2.425, 0], "texture": "#0"},
				"east": {"uv": [15, 16, 15.25859, 0], "texture": "#0"},
				"south": {"uv": [6.78125, 16, 8.08125, 0], "texture": "#0"},
				"west": {"uv": [11, 16, 11.25859, 0], "texture": "#0"},
				"up": {"uv": [14.4375, 1.375, 15.4375, 0.375], "texture": "#0"},
				"down": {"uv": [13.75, 2, 14.75, 1], "texture": "#0"}
			}
		},
		{
			"name": "hexadecagon",
			"from": [16.35, -3.225, 6.89571],
			"to": [17.65, 16.775, 7.15429],
			"rotation": {"angle": 0, "axis": "y", "origin": [17, 5.275, 7.025]},
			"faces": {
				"north": {"uv": [1.125, 16, 2.425, 0], "texture": "#0"},
				"east": {"uv": [15.5, 16, 15.75859, 0], "texture": "#0"},
				"south": {"uv": [6.78125, 16, 8.08125, 0], "texture": "#0"},
				"west": {"uv": [11.5, 16, 11.75859, 0], "texture": "#0"},
				"up": {"uv": [14.4375, 1.375, 15.4375, 0.375], "texture": "#0"},
				"down": {"uv": [13.75, 2, 14.75, 1], "texture": "#0"}
			}
		},
		{
			"name": "hexadecagon",
			"from": [16.35, -3.225, 6.89571],
			"to": [17.65, 16.775, 7.15429],
			"rotation": {"angle": 22.5, "axis": "y", "origin": [17, 5.275, 7.025]},
			"faces": {
				"north": {"uv": [1.125, 16, 2.425, 0], "texture": "#0"},
				"east": {"uv": [7.5, 16, 7.75859, 0], "texture": "#0"},
				"south": {"uv": [6.78125, 16, 8.08125, 0], "texture": "#0"},
				"west": {"uv": [12, 16, 12.25859, 0], "texture": "#0"},
				"up": {"uv": [14.4375, 1.375, 15.4375, 0.375], "texture": "#0"},
				"down": {"uv": [13.75, 2, 14.75, 1], "texture": "#0"}
			}
		},
		{
			"name": "hexadecagon",
			"from": [25.04571, -2.8, 6],
			"to": [25.30429, 20.65, 7.3],
			"rotation": {"angle": -45, "axis": "y", "origin": [25.175, 9.15, 6.65]},
			"faces": {
				"north": {"uv": [2.5, 0, 2.75859, 16], "texture": "#0"},
				"east": {"uv": [4.4375, 0, 5.7375, 16], "texture": "#0"},
				"south": {"uv": [6.5, 0, 6.75859, 16], "texture": "#0"},
				"west": {"uv": [7.8125, 0, 9.1125, 16], "texture": "#0"},
				"up": {"uv": [14.4375, 0.375, 15.4375, 1.375], "texture": "#0"},
				"down": {"uv": [13.75, 1, 14.75, 2], "texture": "#0"}
			}
		},
		{
			"name": "hexadecagon",
			"from": [25.04571, -2.8, 6],
			"to": [25.30429, 20.65, 7.3],
			"rotation": {"angle": -22.5, "axis": "y", "origin": [25.175, 9.15, 6.65]},
			"faces": {
				"north": {"uv": [3, 0, 3.25859, 16], "texture": "#0"},
				"east": {"uv": [4.4375, 0, 5.7375, 16], "texture": "#0"},
				"south": {"uv": [7, 0, 7.25859, 16], "texture": "#0"},
				"west": {"uv": [7.8125, 0, 9.1125, 16], "texture": "#0"},
				"up": {"uv": [14.4375, 0.375, 15.4375, 1.375], "texture": "#0"},
				"down": {"uv": [13.75, 1, 14.75, 2], "texture": "#0"}
			}
		},
		{
			"name": "hexadecagon",
			"from": [25.04571, -2.8, 6],
			"to": [25.30429, 20.65, 7.3],
			"rotation": {"angle": 0, "axis": "y", "origin": [25.175, 9.15, 6.65]},
			"faces": {
				"north": {"uv": [3.5, 0, 3.75859, 16], "texture": "#0"},
				"east": {"uv": [4.4375, 0, 5.7375, 16], "texture": "#0"},
				"south": {"uv": [7.5, 0, 7.75859, 16], "texture": "#0"},
				"west": {"uv": [7.8125, 0, 9.1125, 16], "texture": "#0"},
				"up": {"uv": [14.4375, 0.375, 15.4375, 1.375], "texture": "#0"},
				"down": {"uv": [13.75, 1, 14.75, 2], "texture": "#0"}
			}
		},
		{
			"name": "hexadecagon",
			"from": [25.04571, -2.8, 6],
			"to": [25.30429, 20.65, 7.3],
			"rotation": {"angle": 22.5, "axis": "y", "origin": [25.175, 9.15, 6.65]},
			"faces": {
				"north": {"uv": [4, 0, 4.25859, 16], "texture": "#0"},
				"east": {"uv": [4.4375, 0, 5.7375, 16], "texture": "#0"},
				"south": {"uv": [8, 0, 8.25859, 16], "texture": "#0"},
				"west": {"uv": [7.8125, 0, 9.1125, 16], "texture": "#0"},
				"up": {"uv": [14.4375, 0.375, 15.4375, 1.375], "texture": "#0"},
				"down": {"uv": [13.75, 1, 14.75, 2], "texture": "#0"}
			}
		},
		{
			"name": "hexadecagon",
			"from": [25.04571, -2.8, 6],
			"to": [25.30429, 20.65, 7.3],
			"rotation": {"angle": 45, "axis": "y", "origin": [25.175, 9.15, 6.65]},
			"faces": {
				"north": {"uv": [4.5, 0, 4.75859, 16], "texture": "#0"},
				"east": {"uv": [4.4375, 0, 5.7375, 16], "texture": "#0"},
				"south": {"uv": [8.5, 0, 8.75859, 16], "texture": "#0"},
				"west": {"uv": [7.8125, 0, 9.1125, 16], "texture": "#0"},
				"up": {"uv": [14.4375, 0.375, 15.4375, 1.375], "texture": "#0"},
				"down": {"uv": [13.75, 1, 14.75, 2], "texture": "#0"}
			}
		},
		{
			"name": "hexadecagon",
			"from": [24.525, -2.8, 6.52071],
			"to": [25.825, 20.65, 6.77929],
			"rotation": {"angle": -22.5, "axis": "y", "origin": [25.175, 9.15, 6.65]},
			"faces": {
				"north": {"uv": [1.125, 0, 2.425, 16], "texture": "#0"},
				"east": {"uv": [9, 0, 9.25859, 16], "texture": "#0"},
				"south": {"uv": [6.78125, 0, 8.08125, 16], "texture": "#0"},
				"west": {"uv": [5, 0, 5.25859, 16], "texture": "#0"},
				"up": {"uv": [14.4375, 0.375, 15.4375, 1.375], "texture": "#0"},
				"down": {"uv": [13.75, 1, 14.75, 2], "texture": "#0"}
			}
		},
		{
			"name": "hexadecagon",
			"from": [24.525, -2.8, 6.52071],
			"to": [25.825, 20.65, 6.77929],
			"rotation": {"angle": 0, "axis": "y", "origin": [25.175, 9.15, 6.65]},
			"faces": {
				"north": {"uv": [1.125, 0, 2.425, 16], "texture": "#0"},
				"east": {"uv": [1.5, 0, 1.75859, 16], "texture": "#0"},
				"south": {"uv": [6.78125, 0, 8.08125, 16], "texture": "#0"},
				"west": {"uv": [5.5, 0, 5.75859, 16], "texture": "#0"},
				"up": {"uv": [14.4375, 0.375, 15.4375, 1.375], "texture": "#0"},
				"down": {"uv": [13.75, 1, 14.75, 2], "texture": "#0"}
			}
		},
		{
			"name": "hexadecagon",
			"from": [24.525, -2.8, 6.52071],
			"to": [25.825, 20.65, 6.77929],
			"rotation": {"angle": 22.5, "axis": "y", "origin": [25.175, 9.15, 6.65]},
			"faces": {
				"north": {"uv": [1.125, 0, 2.425, 16], "texture": "#0"},
				"east": {"uv": [2, 0, 2.25859, 16], "texture": "#0"},
				"south": {"uv": [6.78125, 0, 8.08125, 16], "texture": "#0"},
				"west": {"uv": [6, 0, 6.25859, 16], "texture": "#0"},
				"up": {"uv": [14.4375, 0.375, 15.4375, 1.375], "texture": "#0"},
				"down": {"uv": [13.75, 1, 14.75, 2], "texture": "#0"}
			}
		},
		{
			"from": [2.81736, 15.3, 8.73457],
			"to": [3.09236, 15.95, 8.73457],
			"rotation": {"angle": 22.5, "axis": "y", "origin": [1.86736, 0.3, 11.08457]},
			"color": 2,
			"faces": {
				"north": {"uv": [0, 0, 0.275, 0.65], "texture": "#missing"},
				"east": {"uv": [0, 0, 0.275, 0.65], "texture": "#missing"},
				"south": {"uv": [0, 0, 0.275, 0.65], "texture": "#missing"},
				"west": {"uv": [0, 0, 0.275, 0.65], "texture": "#missing"},
				"up": {"uv": [0, 0, 0.275, 0.65], "texture": "#missing"},
				"down": {"uv": [0, 0, 0.275, 0.65], "texture": "#missing"}
			}
		},
		{
			"from": [-9.65, 15.3, 8.525],
			"to": [-4.65, 15.95, 8.525],
			"rotation": {"angle": 0, "axis": "y", "origin": [0, 0.3, 0]},
			"faces": {
				"north": {"uv": [15.7375, 5.46875, 12.5625, 6.11875], "texture": "#1"},
				"east": {"uv": [15.7375, 5.46875, 12.5625, 6.11875], "texture": "#1"},
				"south": {"uv": [15.7375, 5.46875, 12.5625, 6.11875], "texture": "#1"},
				"west": {"uv": [15.7375, 5.46875, 12.5625, 6.11875], "texture": "#1"},
				"up": {"uv": [15.7375, 5.46875, 12.5625, 6.11875], "texture": "#1"},
				"down": {"uv": [15.7375, 5.46875, 12.5625, 6.11875], "texture": "#1"}
			}
		},
		{
			"from": [-7.47844, 15.3, 5.8702],
			"to": [-6.75344, 15.95, 5.8702],
			"rotation": {"angle": 22.5, "axis": "y", "origin": [0.42156, 0.3, -0.8048]},
			"faces": {
				"north": {"uv": [4.7375, 4.78125, 1.5625, 5.43125], "texture": "#1"},
				"east": {"uv": [4.7375, 4.78125, 1.5625, 5.43125], "texture": "#1"},
				"south": {"uv": [4.7375, 4.78125, 1.5625, 5.43125], "texture": "#1"},
				"west": {"uv": [4.7375, 4.78125, 1.5625, 5.43125], "texture": "#1"},
				"up": {"uv": [4.7375, 4.78125, 1.5625, 5.43125], "texture": "#1"},
				"down": {"uv": [4.7375, 4.78125, 1.5625, 5.43125], "texture": "#1"}
			}
		},
		{
			"from": [-3.65287, 15.3, 8.10785],
			"to": [-0.52787, 15.95, 8.10785],
			"rotation": {"angle": 0, "axis": "y", "origin": [1.62213, 0.3, 1.43285]},
			"faces": {
				"north": {"uv": [6.2375, 4.84375, 3.0625, 5.49375], "texture": "#1"},
				"east": {"uv": [6.2375, 4.84375, 3.0625, 5.49375], "texture": "#1"},
				"south": {"uv": [6.2375, 4.84375, 3.0625, 5.49375], "texture": "#1"},
				"west": {"uv": [6.2375, 4.84375, 3.0625, 5.49375], "texture": "#1"},
				"up": {"uv": [6.2375, 4.84375, 3.0625, 5.49375], "texture": "#1"},
				"down": {"uv": [6.2375, 4.84375, 3.0625, 5.49375], "texture": "#1"}
			}
		},
		{
			"from": [1.62501, 15.3, 10.63461],
			"to": [2.75001, 15.95, 10.63461],
			"rotation": {"angle": -22.5, "axis": "y", "origin": [6.90001, 0.3, 3.95961]},
			"faces": {
				"north": {"uv": [3.175, 4.9375, 0, 5.5875], "texture": "#1"},
				"east": {"uv": [3.175, 4.9375, 0, 5.5875], "texture": "#1"},
				"south": {"uv": [3.175, 4.9375, 0, 5.5875], "texture": "#1"},
				"west": {"uv": [3.175, 4.9375, 0, 5.5875], "texture": "#1"},
				"up": {"uv": [3.175, 4.9375, 0, 5.5875], "texture": "#1"},
				"down": {"uv": [3.175, 4.9375, 0, 5.5875], "texture": "#1"}
			}
		},
		{
			"from": [0.49236, 15.3, 8.53457],
			"to": [1.99236, 15.95, 8.53457],
			"rotation": {"angle": 0, "axis": "y", "origin": [6.86736, 0.3, 4.08457]},
			"faces": {
				"north": {"uv": [4.89375, 11.375, 1.71875, 12.025], "texture": "#1"},
				"east": {"uv": [4.89375, 11.375, 1.71875, 12.025], "texture": "#1"},
				"south": {"uv": [4.89375, 11.375, 1.71875, 12.025], "texture": "#1"},
				"west": {"uv": [4.89375, 11.375, 1.71875, 12.025], "texture": "#1"},
				"up": {"uv": [4.89375, 11.375, 1.71875, 12.025], "texture": "#1"},
				"down": {"uv": [4.89375, 11.375, 1.71875, 12.025], "texture": "#1"}
			}
		},
		{
			"from": [-9.65, 8.375, 8.525],
			"to": [-4.65, 9.325, 8.525],
			"rotation": {"angle": 0, "axis": "y", "origin": [0, -6.625, 0]},
			"faces": {
				"north": {"uv": [15.7375, 5.46875, 12.5625, 6.11875], "texture": "#1"},
				"east": {"uv": [15.7375, 5.46875, 12.5625, 6.11875], "texture": "#1"},
				"south": {"uv": [13.76875, 5.5625, 10.59375, 6.2125], "texture": "#1"},
				"west": {"uv": [15.7375, 5.46875, 12.5625, 6.11875], "texture": "#1"},
				"up": {"uv": [15.7375, 5.46875, 12.5625, 6.11875], "texture": "#1"},
				"down": {"uv": [15.7375, 5.46875, 12.5625, 6.11875], "texture": "#1"}
			}
		},
		{
			"from": [-7.47844, 8.6, 5.8702],
			"to": [-6.75344, 9.325, 5.8702],
			"rotation": {"angle": 22.5, "axis": "y", "origin": [0.42156, -6.625, -0.8048]},
			"faces": {
				"north": {"uv": [4.7375, 4.78125, 1.5625, 5.43125], "texture": "#1"},
				"east": {"uv": [4.7375, 4.78125, 1.5625, 5.43125], "texture": "#1"},
				"south": {"uv": [4.7375, 4.78125, 1.5625, 5.43125], "texture": "#1"},
				"west": {"uv": [4.7375, 4.78125, 1.5625, 5.43125], "texture": "#1"},
				"up": {"uv": [4.7375, 4.78125, 1.5625, 5.43125], "texture": "#1"},
				"down": {"uv": [4.7375, 4.78125, 1.5625, 5.43125], "texture": "#1"}
			}
		},
		{
			"from": [-3.65287, 8.65, 8.10785],
			"to": [-0.52787, 9.325, 8.10785],
			"rotation": {"angle": 0, "axis": "y", "origin": [1.62213, -6.625, 1.43285]},
			"faces": {
				"north": {"uv": [6.2375, 4.84375, 3.0625, 5.49375], "texture": "#1"},
				"east": {"uv": [6.2375, 4.84375, 3.0625, 5.49375], "texture": "#1"},
				"south": {"uv": [6.2375, 4.84375, 3.0625, 5.49375], "texture": "#1"},
				"west": {"uv": [6.2375, 4.84375, 3.0625, 5.49375], "texture": "#1"},
				"up": {"uv": [6.2375, 4.84375, 3.0625, 5.49375], "texture": "#1"},
				"down": {"uv": [6.2375, 4.84375, 3.0625, 5.49375], "texture": "#1"}
			}
		},
		{
			"from": [-1.12358, 8.63683, 8.10785],
			"to": [0.37642, 9.13683, 8.10785],
			"rotation": {"angle": -45, "axis": "z", "origin": [-0.59858, 8.51183, 4.08285]},
			"faces": {
				"north": {"uv": [6.2375, 4.84375, 3.0625, 5.49375], "texture": "#1"},
				"east": {"uv": [6.2375, 4.84375, 3.0625, 5.49375], "texture": "#1"},
				"south": {"uv": [6.2375, 4.84375, 3.0625, 5.49375], "texture": "#1"},
				"west": {"uv": [6.2375, 4.84375, 3.0625, 5.49375], "texture": "#1"},
				"up": {"uv": [6.2375, 4.84375, 3.0625, 5.49375], "texture": "#1"},
				"down": {"uv": [6.2375, 4.84375, 3.0625, 5.49375], "texture": "#1"}
			}
		},
		{
			"from": [23.40698, 15.3, 9.5004],
			"to": [24.90698, 15.95, 9.5004],
			"rotation": {"angle": -22.5, "axis": "y", "origin": [29.15698, 0.3, 4.7754]},
			"faces": {
				"north": {"uv": [5.15625, 0, 6.65625, 0.65], "texture": "#1"},
				"east": {"uv": [5.15625, 0, 6.65625, 0.65], "texture": "#1"},
				"south": {"uv": [5.15625, 0, 6.65625, 0.65], "texture": "#1"},
				"west": {"uv": [5.15625, 0, 6.65625, 0.65], "texture": "#1"},
				"up": {"uv": [5.15625, 0, 6.65625, 0.65], "texture": "#1"},
				"down": {"uv": [5.15625, 0, 6.65625, 0.65], "texture": "#1"}
			}
		},
		{
			"from": [23.40698, 15.3, 7.5004],
			"to": [29.13198, 15.95, 7.5004],
			"rotation": {"angle": 0, "axis": "y", "origin": [29.15698, 0.3, 4.7754]},
			"faces": {
				"north": {"uv": [0, 0, 5.725, 0.65], "texture": "#1"},
				"east": {"uv": [0, 0, 5.725, 0.65], "texture": "#1"},
				"south": {"uv": [0, 0, 5.725, 0.65], "texture": "#1"},
				"west": {"uv": [0, 0, 5.725, 0.65], "texture": "#1"},
				"up": {"uv": [0, 0, 5.725, 0.65], "texture": "#1"},
				"down": {"uv": [0, 0, 5.725, 0.65], "texture": "#1"}
			}
		},
		{
			"from": [23.91462, 15.3, 11.32545],
			"to": [25.76462, 15.95, 11.32545],
			"rotation": {"angle": -45, "axis": "y", "origin": [29.18962, 0.3, 4.65045]},
			"faces": {
				"north": {"uv": [6.96875, 0, 8.81875, 0.65], "texture": "#1"},
				"east": {"uv": [6.96875, 0, 8.81875, 0.65], "texture": "#1"},
				"south": {"uv": [6.96875, 0, 8.81875, 0.65], "texture": "#1"},
				"west": {"uv": [6.96875, 0, 8.81875, 0.65], "texture": "#1"},
				"up": {"uv": [6.96875, 0, 8.81875, 0.65], "texture": "#1"},
				"down": {"uv": [6.96875, 0, 8.81875, 0.65], "texture": "#1"}
			}
		},
		{
			"from": [2.09981, 15.3, 8.44466],
			"to": [3.87481, 15.95, 8.44466],
			"rotation": {"angle": 0, "axis": "y", "origin": [6.92481, 0.3, 4.09466]},
			"faces": {
				"north": {"uv": [1.025, 11.28125, 0, 11.93125], "texture": "#1"},
				"east": {"uv": [1.025, 11.28125, 0, 11.93125], "texture": "#1"},
				"south": {"uv": [1.025, 11.28125, 0, 11.93125], "texture": "#1"},
				"west": {"uv": [1.025, 11.28125, 0, 11.93125], "texture": "#1"},
				"up": {"uv": [1.025, 11.28125, 0, 11.93125], "texture": "#1"},
				"down": {"uv": [1.025, 11.28125, 0, 11.93125], "texture": "#1"}
			}
		},
		{
			"from": [2.34034, 15.3, 6.83038],
			"to": [5.51534, 15.95, 6.83038],
			"rotation": {"angle": 22.5, "axis": "y", "origin": [7.16534, 0.3, 3.83038]},
			"faces": {
				"north": {"uv": [4.175, 11.28125, 1, 11.93125], "texture": "#1"},
				"east": {"uv": [4.175, 11.28125, 1, 11.93125], "texture": "#1"},
				"south": {"uv": [4.175, 11.28125, 1, 11.93125], "texture": "#1"},
				"west": {"uv": [4.175, 11.28125, 1, 11.93125], "texture": "#1"},
				"up": {"uv": [4.175, 11.28125, 1, 11.93125], "texture": "#1"},
				"down": {"uv": [4.175, 11.28125, 1, 11.93125], "texture": "#1"}
			}
		},
		{
			"from": [6.79034, 15.3, 7.23038],
			"to": [9.96534, 15.95, 7.23038],
			"rotation": {"angle": 0, "axis": "y", "origin": [7.16534, 0.3, 3.83038]},
			"faces": {
				"north": {"uv": [7.58125, 11.1875, 4.40625, 11.8375], "texture": "#1"},
				"east": {"uv": [7.58125, 11.1875, 4.40625, 11.8375], "texture": "#1"},
				"south": {"uv": [7.58125, 11.1875, 4.40625, 11.8375], "texture": "#1"},
				"west": {"uv": [7.58125, 11.1875, 4.40625, 11.8375], "texture": "#1"},
				"up": {"uv": [7.58125, 11.1875, 4.40625, 11.8375], "texture": "#1"},
				"down": {"uv": [7.58125, 11.1875, 4.40625, 11.8375], "texture": "#1"}
			}
		},
		{
			"from": [15.27481, 15.3, 6.31966],
			"to": [17.04981, 15.95, 6.31966],
			"rotation": {"angle": 0, "axis": "y", "origin": [20.09981, 0.3, 1.96966]},
			"faces": {
				"north": {"uv": [12.90625, 0.03125, 14.68125, 0.68125], "texture": "#1"},
				"east": {"uv": [12.90625, 0.03125, 14.68125, 0.68125], "texture": "#1"},
				"south": {"uv": [12.90625, 0.03125, 14.68125, 0.68125], "texture": "#1"},
				"west": {"uv": [12.90625, 0.03125, 14.68125, 0.68125], "texture": "#1"},
				"up": {"uv": [12.90625, 0.03125, 14.68125, 0.68125], "texture": "#1"},
				"down": {"uv": [12.90625, 0.03125, 14.68125, 0.68125], "texture": "#1"}
			}
		},
		{
			"from": [15.51534, 15.3, 4.70538],
			"to": [17.29034, 15.95, 4.70538],
			"rotation": {"angle": 22.5, "axis": "y", "origin": [20.34034, 0.3, 1.70538]},
			"faces": {
				"north": {"uv": [10.5625, 0, 12.3375, 0.65], "texture": "#1"},
				"east": {"uv": [10.5625, 0, 12.3375, 0.65], "texture": "#1"},
				"south": {"uv": [10.5625, 0, 12.3375, 0.65], "texture": "#1"},
				"west": {"uv": [10.5625, 0, 12.3375, 0.65], "texture": "#1"},
				"up": {"uv": [10.5625, 0, 12.3375, 0.65], "texture": "#1"},
				"down": {"uv": [10.5625, 0, 12.3375, 0.65], "texture": "#1"}
			}
		},
		{
			"from": [18.6897, 15.3, 5.6404],
			"to": [20.7397, 15.95, 5.6404],
			"rotation": {"angle": 0, "axis": "y", "origin": [19.0647, 0.3, 1.7654]},
			"faces": {
				"north": {"uv": [8.6875, 0, 10.7375, 0.65], "texture": "#1"},
				"east": {"uv": [8.6875, 0, 10.7375, 0.65], "texture": "#1"},
				"south": {"uv": [8.6875, 0, 10.7375, 0.65], "texture": "#1"},
				"west": {"uv": [8.6875, 0, 10.7375, 0.65], "texture": "#1"},
				"up": {"uv": [8.6875, 0, 10.7375, 0.65], "texture": "#1"},
				"down": {"uv": [8.6875, 0, 10.7375, 0.65], "texture": "#1"}
			}
		},
		{
			"from": [8.41534, 15.3, 5.60538],
			"to": [10.74034, 15.95, 5.60538],
			"rotation": {"angle": 22.5, "axis": "y", "origin": [13.24034, 0.3, 2.60538]},
			"faces": {
				"north": {"uv": [10.83125, 11.21875, 7.65625, 11.86875], "texture": "#1"},
				"east": {"uv": [10.83125, 11.21875, 7.65625, 11.86875], "texture": "#1"},
				"south": {"uv": [10.83125, 11.21875, 7.65625, 11.86875], "texture": "#1"},
				"west": {"uv": [10.83125, 11.21875, 7.65625, 11.86875], "texture": "#1"},
				"up": {"uv": [10.83125, 11.21875, 7.65625, 11.86875], "texture": "#1"},
				"down": {"uv": [10.83125, 11.21875, 7.65625, 11.86875], "texture": "#1"}
			}
		},
		{
			"from": [12.09783, 15.3, 6.32992],
			"to": [15.27283, 15.95, 6.32992],
			"rotation": {"angle": 0, "axis": "y", "origin": [12.47283, 0.3, 2.92992]},
			"faces": {
				"north": {"uv": [11.0625, 11.21875, 14.2375, 11.86875], "texture": "#1"},
				"east": {"uv": [11.0625, 11.21875, 14.2375, 11.86875], "texture": "#1"},
				"south": {"uv": [11.0625, 11.21875, 14.2375, 11.86875], "texture": "#1"},
				"west": {"uv": [11.0625, 11.21875, 14.2375, 11.86875], "texture": "#1"},
				"up": {"uv": [11.0625, 11.21875, 14.2375, 11.86875], "texture": "#1"},
				"down": {"uv": [11.0625, 11.21875, 14.2375, 11.86875], "texture": "#1"}
			}
		},
		{
			"from": [2.81736, 15.3, 8.73457],
			"to": [3.09236, 15.95, 8.73457],
			"rotation": {"angle": 22.5, "axis": "y", "origin": [1.86736, 0.3, 11.08457]},
			"faces": {
				"north": {"uv": [1.275, 11.28125, 1, 11.93125], "texture": "#1"},
				"east": {"uv": [1.275, 11.28125, 1, 11.93125], "texture": "#1"},
				"south": {"uv": [1.275, 11.28125, 1, 11.93125], "texture": "#1"},
				"west": {"uv": [1.275, 11.28125, 1, 11.93125], "texture": "#1"},
				"up": {"uv": [1.275, 11.28125, 1, 11.93125], "texture": "#1"},
				"down": {"uv": [1.275, 11.28125, 1, 11.93125], "texture": "#1"}
			}
		},
		{
			"from": [27.5, 6.15, 7.9],
			"to": [29.225, 6.8, 7.9],
			"rotation": {"angle": 0, "axis": "y", "origin": [19.575, 21.8, -0.625]},
			"faces": {
				"north": {"uv": [0, 7.9, 1.725, 8.55], "texture": "#1"},
				"east": {"uv": [0, 7.9, 1.725, 8.55], "texture": "#1"},
				"south": {"uv": [0, 7.9, 1.725, 8.55], "texture": "#1"},
				"west": {"uv": [0, 7.9, 1.725, 8.55], "texture": "#1"},
				"up": {"uv": [0, 7.9, 1.725, 8.55], "texture": "#1"},
				"down": {"uv": [0, 7.9, 1.725, 8.55], "texture": "#1"}
			}
		},
		{
			"from": [27.10344, 6.15, 5.2452],
			"to": [30.70344, 6.8, 5.2452],
			"rotation": {"angle": -22.5, "axis": "y", "origin": [22.42844, 21.8, -1.4298]},
			"faces": {
				"north": {"uv": [1.875, 7.99375, 3.6, 8.64375], "texture": "#1"},
				"east": {"uv": [1.875, 7.99375, 3.6, 8.64375], "texture": "#1"},
				"south": {"uv": [1.875, 7.99375, 3.6, 8.64375], "texture": "#1"},
				"west": {"uv": [1.875, 7.99375, 3.6, 8.64375], "texture": "#1"},
				"up": {"uv": [1.875, 7.99375, 3.6, 8.64375], "texture": "#1"},
				"down": {"uv": [1.875, 7.99375, 3.6, 8.64375], "texture": "#1"}
			}
		},
		{
			"from": [28.16056, 6.15, 2.87168],
			"to": [29.31056, 6.8, 2.87168],
			"rotation": {"angle": -45, "axis": "y", "origin": [22.33556, 21.8, -1.45332]},
			"faces": {
				"north": {"uv": [4, 7.99375, 5.725, 8.64375], "texture": "#1"},
				"east": {"uv": [4, 7.99375, 5.725, 8.64375], "texture": "#1"},
				"south": {"uv": [4, 7.99375, 5.725, 8.64375], "texture": "#1"},
				"west": {"uv": [4, 7.99375, 5.725, 8.64375], "texture": "#1"},
				"up": {"uv": [4, 7.99375, 5.725, 8.64375], "texture": "#1"},
				"down": {"uv": [4, 7.99375, 5.725, 8.64375], "texture": "#1"}
			}
		},
		{
			"from": [-0.59302, 6.15, 11.9004],
			"to": [3.88198, 6.8, 11.9004],
			"rotation": {"angle": -22.5, "axis": "y", "origin": [8.15698, 21.8, 7.1754]},
			"faces": {
				"north": {"uv": [8.8125, 15.15, 11.6375, 15.8], "texture": "#1"},
				"east": {"uv": [8.8125, 15.15, 11.6375, 15.8], "texture": "#1"},
				"south": {"uv": [8.8125, 15.15, 11.6375, 15.8], "texture": "#1"},
				"west": {"uv": [8.8125, 15.15, 11.6375, 15.8], "texture": "#1"},
				"up": {"uv": [8.8125, 15.15, 11.6375, 15.8], "texture": "#1"},
				"down": {"uv": [8.8125, 15.15, 11.6375, 15.8], "texture": "#1"}
			}
		},
		{
			"from": [-9.65698, 6.15, 7.4254],
			"to": [-2.95698, 6.8, 7.4254],
			"rotation": {"angle": 0, "axis": "y", "origin": [-9.58198, 21.8, 4.1504]},
			"faces": {
				"north": {"uv": [9.3, 15.18125, 16, 15.83125], "texture": "#1"},
				"east": {"uv": [9.3, 15.18125, 16, 15.83125], "texture": "#1"},
				"south": {"uv": [9.3, 15.18125, 16, 15.83125], "texture": "#1"},
				"west": {"uv": [9.3, 15.18125, 16, 15.83125], "texture": "#1"},
				"up": {"uv": [9.3, 15.18125, 16, 15.83125], "texture": "#1"},
				"down": {"uv": [9.3, 15.18125, 16, 15.83125], "texture": "#1"}
			}
		},
		{
			"from": [1.38057, 6.15, 14.86137],
			"to": [2.00557, 6.8, 14.86137],
			"rotation": {"angle": -45, "axis": "y", "origin": [8.18057, 21.8, 7.03637]},
			"faces": {
				"north": {"uv": [11.5625, 15.11875, 12.1875, 15.76875], "texture": "#1"},
				"east": {"uv": [11.5625, 15.11875, 12.1875, 15.76875], "texture": "#1"},
				"south": {"uv": [11.5625, 15.11875, 12.1875, 15.76875], "texture": "#1"},
				"west": {"uv": [11.5625, 15.11875, 12.1875, 15.76875], "texture": "#1"},
				"up": {"uv": [11.5625, 15.11875, 12.1875, 15.76875], "texture": "#1"},
				"down": {"uv": [11.5625, 15.11875, 12.1875, 15.76875], "texture": "#1"}
			}
		},
		{
			"from": [-1.99116, 6.15, 11.60905],
			"to": [-1.11616, 6.8, 11.60905],
			"rotation": {"angle": -22.5, "axis": "y", "origin": [8.03384, 21.8, 7.05905]},
			"faces": {
				"north": {"uv": [12.96875, 15.15, 13.59375, 15.8], "texture": "#1"},
				"east": {"uv": [12.96875, 15.15, 13.59375, 15.8], "texture": "#1"},
				"south": {"uv": [12.96875, 15.15, 13.59375, 15.8], "texture": "#1"},
				"west": {"uv": [12.96875, 15.15, 13.59375, 15.8], "texture": "#1"},
				"up": {"uv": [12.96875, 15.15, 13.59375, 15.8], "texture": "#1"},
				"down": {"uv": [12.96875, 15.15, 13.59375, 15.8], "texture": "#1"}
			}
		},
		{
			"from": [11.20966, 5.7, 2.90538],
			"to": [11.95966, 6.35, 2.90538],
			"rotation": {"angle": -45, "axis": "y", "origin": [6.33466, 21.35, 1.98038]},
			"faces": {
				"north": {"uv": [2.65625, 15.05625, 3.40625, 15.70625], "texture": "#1"},
				"east": {"uv": [2.65625, 15.05625, 3.40625, 15.70625], "texture": "#1"},
				"south": {"uv": [2.65625, 15.05625, 3.40625, 15.70625], "texture": "#1"},
				"west": {"uv": [2.65625, 15.05625, 3.40625, 15.70625], "texture": "#1"},
				"up": {"uv": [2.65625, 15.05625, 3.40625, 15.70625], "texture": "#1"},
				"down": {"uv": [2.65625, 15.05625, 3.40625, 15.70625], "texture": "#1"}
			}
		},
		{
			"from": [7.72717, 5.7, 6.07992],
			"to": [9.12717, 6.35, 6.07992],
			"rotation": {"angle": 0, "axis": "y", "origin": [7.10217, 21.35, 2.30492]},
			"faces": {
				"north": {"uv": [3.6875, 15.0875, 4.4375, 15.7375], "texture": "#1"},
				"east": {"uv": [3.6875, 15.0875, 4.4375, 15.7375], "texture": "#1"},
				"south": {"uv": [3.6875, 15.0875, 4.4375, 15.7375], "texture": "#1"},
				"west": {"uv": [3.6875, 15.0875, 4.4375, 15.7375], "texture": "#1"},
				"up": {"uv": [3.6875, 15.0875, 4.4375, 15.7375], "texture": "#1"},
				"down": {"uv": [3.6875, 15.0875, 4.4375, 15.7375], "texture": "#1"}
			}
		},
		{
			"from": [3.40217, 5.7, 6.02992],
			"to": [6.22717, 6.35, 6.02992],
			"rotation": {"angle": 22.5, "axis": "y", "origin": [7.10217, 21.35, 2.30492]},
			"faces": {
				"north": {"uv": [4.1875, 15.0875, 7.0125, 15.7375], "texture": "#1"},
				"east": {"uv": [4.1875, 15.0875, 7.0125, 15.7375], "texture": "#1"},
				"south": {"uv": [4.1875, 15.0875, 7.0125, 15.7375], "texture": "#1"},
				"west": {"uv": [4.1875, 15.0875, 7.0125, 15.7375], "texture": "#1"},
				"up": {"uv": [4.1875, 15.0875, 7.0125, 15.7375], "texture": "#1"},
				"down": {"uv": [4.1875, 15.0875, 7.0125, 15.7375], "texture": "#1"}
			}
		},
		{
			"from": [-1.64783, 5.7, 4.32992],
			"to": [2.25217, 6.35, 4.32992],
			"rotation": {"angle": 45, "axis": "y", "origin": [7.10217, 21.35, 2.30492]},
			"faces": {
				"north": {"uv": [6.78125, 15.18125, 9.60625, 15.83125], "texture": "#1"},
				"east": {"uv": [6.78125, 15.18125, 9.60625, 15.83125], "texture": "#1"},
				"south": {"uv": [6.78125, 15.18125, 9.60625, 15.83125], "texture": "#1"},
				"west": {"uv": [6.78125, 15.18125, 9.60625, 15.83125], "texture": "#1"},
				"up": {"uv": [6.78125, 15.18125, 9.60625, 15.83125], "texture": "#1"},
				"down": {"uv": [6.78125, 15.18125, 9.60625, 15.83125], "texture": "#1"}
			}
		},
		{
			"from": [18.22787, 6.15, 7.43285],
			"to": [21.10287, 6.8, 7.43285],
			"rotation": {"angle": 22.5, "axis": "y", "origin": [17.95287, 21.8, 0.80785]},
			"faces": {
				"north": {"uv": [5.84375, 7.99375, 7.56875, 8.64375], "texture": "#1"},
				"east": {"uv": [5.84375, 7.99375, 7.56875, 8.64375], "texture": "#1"},
				"south": {"uv": [5.84375, 7.99375, 7.56875, 8.64375], "texture": "#1"},
				"west": {"uv": [5.84375, 7.99375, 7.56875, 8.64375], "texture": "#1"},
				"up": {"uv": [5.84375, 7.99375, 7.56875, 8.64375], "texture": "#1"},
				"down": {"uv": [5.84375, 7.99375, 7.56875, 8.64375], "texture": "#1"}
			}
		},
		{
			"from": [24.96303, 6.15, 7.36898],
			"to": [25.91303, 6.8, 7.36898],
			"rotation": {"angle": 45, "axis": "y", "origin": [22.67499, 21.8, 13.33461]},
			"faces": {
				"north": {"uv": [7.65625, 8.025, 9.38125, 8.675], "texture": "#1"},
				"east": {"uv": [7.65625, 8.025, 9.38125, 8.675], "texture": "#1"},
				"south": {"uv": [7.65625, 8.025, 9.38125, 8.675], "texture": "#1"},
				"west": {"uv": [7.65625, 8.025, 9.38125, 8.675], "texture": "#1"},
				"up": {"uv": [7.65625, 8.025, 9.38125, 8.675], "texture": "#1"},
				"down": {"uv": [7.65625, 8.025, 9.38125, 8.675], "texture": "#1"}
			}
		},
		{
			"from": [14.90019, 5.7, 7.81966],
			"to": [17.00019, 6.35, 7.81966],
			"rotation": {"angle": 0, "axis": "y", "origin": [12.65019, 21.35, 3.46966]},
			"faces": {
				"north": {"uv": [9.21875, 8.11875, 13.64375, 8.76875], "texture": "#1"},
				"east": {"uv": [9.21875, 8.11875, 13.64375, 8.76875], "texture": "#1"},
				"south": {"uv": [9.21875, 8.11875, 13.64375, 8.76875], "texture": "#1"},
				"west": {"uv": [9.21875, 8.11875, 13.64375, 8.76875], "texture": "#1"},
				"up": {"uv": [9.21875, 8.11875, 13.64375, 8.76875], "texture": "#1"},
				"down": {"uv": [9.21875, 8.11875, 13.64375, 8.76875], "texture": "#1"}
			}
		},
		{
			"from": [17.30019, 6.125, 7.44466],
			"to": [20.10019, 6.775, 7.44466],
			"rotation": {"angle": 0, "axis": "y", "origin": [12.65019, 21.35, 3.46966]},
			"faces": {
				"north": {"uv": [9.21875, 8.11875, 13.64375, 8.76875], "texture": "#1"},
				"east": {"uv": [9.21875, 8.11875, 13.64375, 8.76875], "texture": "#1"},
				"south": {"uv": [7.25, 8.24375, 11.675, 8.89375], "texture": "#1"},
				"west": {"uv": [9.21875, 8.11875, 13.64375, 8.76875], "texture": "#1"},
				"up": {"uv": [9.21875, 8.11875, 13.64375, 8.76875], "texture": "#1"},
				"down": {"uv": [9.21875, 8.11875, 13.64375, 8.76875], "texture": "#1"}
			}
		},
		{
			"from": [13.33466, 5.7, 6.50538],
			"to": [16.50966, 6.35, 6.50538],
			"rotation": {"angle": -22.5, "axis": "y", "origin": [12.40966, 21.35, 3.20538]},
			"faces": {
				"north": {"uv": [13.1375, 8.11875, 16, 8.76875], "texture": "#1"},
				"east": {"uv": [13.1375, 8.11875, 16, 8.76875], "texture": "#1"},
				"south": {"uv": [13.1375, 8.11875, 16, 8.76875], "texture": "#1"},
				"west": {"uv": [13.1375, 8.11875, 16, 8.76875], "texture": "#1"},
				"up": {"uv": [13.1375, 8.11875, 16, 8.76875], "texture": "#1"},
				"down": {"uv": [13.1375, 8.11875, 16, 8.76875], "texture": "#1"}
			}
		},
		{
			"from": [9.60966, 5.7, 6.60538],
			"to": [12.00966, 6.35, 6.60538],
			"rotation": {"angle": 0, "axis": "y", "origin": [12.40966, 21.35, 3.20538]},
			"faces": {
				"north": {"uv": [0, 14.9625, 2.8625, 15.6125], "texture": "#1"},
				"east": {"uv": [0, 14.9625, 2.8625, 15.6125], "texture": "#1"},
				"south": {"uv": [0, 14.9625, 2.8625, 15.6125], "texture": "#1"},
				"west": {"uv": [0, 14.9625, 2.8625, 15.6125], "texture": "#1"},
				"up": {"uv": [0, 14.9625, 2.8625, 15.6125], "texture": "#1"},
				"down": {"uv": [0, 14.9625, 2.8625, 15.6125], "texture": "#1"}
			}
		},
		{
			"from": [27.5, 10.975, 7.9],
			"to": [29.225, 12.05, 7.9],
			"rotation": {"angle": 0, "axis": "y", "origin": [19.575, 26.625, -0.625]},
			"faces": {
				"north": {"uv": [0, 3.65, 1.725, 4.725], "texture": "#1"},
				"east": {"uv": [0, 3.65, 1.725, 4.725], "texture": "#1"},
				"south": {"uv": [0, 3.65, 1.725, 4.725], "texture": "#1"},
				"west": {"uv": [0, 3.65, 1.725, 4.725], "texture": "#1"},
				"up": {"uv": [0, 3.65, 1.725, 4.725], "texture": "#1"},
				"down": {"uv": [0, 3.65, 1.725, 4.725], "texture": "#1"}
			}
		},
		{
			"from": [27.10344, 10.975, 5.2452],
			"to": [30.70344, 12.05, 5.2452],
			"rotation": {"angle": -22.5, "axis": "y", "origin": [22.42844, 26.625, -1.4298]},
			"faces": {
				"north": {"uv": [1.8125, 3.65, 3.5375, 4.725], "texture": "#1"},
				"east": {"uv": [1.8125, 3.65, 3.5375, 4.725], "texture": "#1"},
				"south": {"uv": [1.8125, 3.65, 3.5375, 4.725], "texture": "#1"},
				"west": {"uv": [1.8125, 3.65, 3.5375, 4.725], "texture": "#1"},
				"up": {"uv": [1.8125, 3.65, 3.5375, 4.725], "texture": "#1"},
				"down": {"uv": [1.8125, 3.65, 3.5375, 4.725], "texture": "#1"}
			}
		},
		{
			"from": [28.16056, 10.975, 2.87168],
			"to": [29.31056, 12.05, 2.87168],
			"rotation": {"angle": -45, "axis": "y", "origin": [22.33556, 26.625, -1.45332]},
			"faces": {
				"north": {"uv": [3.78125, 3.74375, 5.50625, 4.81875], "texture": "#1"},
				"east": {"uv": [3.78125, 3.74375, 5.50625, 4.81875], "texture": "#1"},
				"south": {"uv": [3.78125, 3.74375, 5.50625, 4.81875], "texture": "#1"},
				"west": {"uv": [3.78125, 3.74375, 5.50625, 4.81875], "texture": "#1"},
				"up": {"uv": [3.78125, 3.74375, 5.50625, 4.81875], "texture": "#1"},
				"down": {"uv": [3.78125, 3.74375, 5.50625, 4.81875], "texture": "#1"}
			}
		},
		{
			"from": [-0.59302, 10.975, 11.9004],
			"to": [3.88198, 12.05, 11.9004],
			"rotation": {"angle": -22.5, "axis": "y", "origin": [8.15698, 26.625, 7.1754]},
			"faces": {
				"north": {"uv": [5.8125, 9.6125, 9.7125, 10.6875], "texture": "#1"},
				"east": {"uv": [5.8125, 9.6125, 9.7125, 10.6875], "texture": "#1"},
				"south": {"uv": [5.8125, 9.6125, 9.7125, 10.6875], "texture": "#1"},
				"west": {"uv": [5.8125, 9.6125, 9.7125, 10.6875], "texture": "#1"},
				"up": {"uv": [5.8125, 9.6125, 9.7125, 10.6875], "texture": "#1"},
				"down": {"uv": [5.8125, 9.6125, 9.7125, 10.6875], "texture": "#1"}
			}
		},
		{
			"from": [-9.65698, 10.975, 7.4254],
			"to": [-2.95698, 12.05, 7.4254],
			"rotation": {"angle": 0, "axis": "y", "origin": [-9.58198, 26.625, 4.1504]},
			"faces": {
				"north": {"uv": [10, 9.6125, 13.9, 10.6875], "texture": "#1"},
				"east": {"uv": [10, 9.6125, 13.9, 10.6875], "texture": "#1"},
				"south": {"uv": [10, 9.6125, 13.9, 10.6875], "texture": "#1"},
				"west": {"uv": [10, 9.6125, 13.9, 10.6875], "texture": "#1"},
				"up": {"uv": [10, 9.6125, 13.9, 10.6875], "texture": "#1"},
				"down": {"uv": [10, 9.6125, 13.9, 10.6875], "texture": "#1"}
			}
		},
		{
			"from": [1.38057, 10.975, 14.86137],
			"to": [2.00557, 12.05, 14.86137],
			"rotation": {"angle": -45, "axis": "y", "origin": [8.18057, 26.625, 7.03637]},
			"faces": {
				"north": {"uv": [5.8125, 9.6125, 6.4375, 10.6875], "texture": "#1"},
				"east": {"uv": [5.8125, 9.6125, 6.4375, 10.6875], "texture": "#1"},
				"south": {"uv": [5.8125, 9.6125, 6.4375, 10.6875], "texture": "#1"},
				"west": {"uv": [5.8125, 9.6125, 6.4375, 10.6875], "texture": "#1"},
				"up": {"uv": [5.8125, 9.6125, 6.4375, 10.6875], "texture": "#1"},
				"down": {"uv": [5.8125, 9.6125, 6.4375, 10.6875], "texture": "#1"}
			}
		},
		{
			"from": [-1.99116, 10.975, 11.60905],
			"to": [-1.11616, 12.05, 11.60905],
			"rotation": {"angle": -22.5, "axis": "y", "origin": [8.03384, 26.625, 7.05905]},
			"faces": {
				"north": {"uv": [8.71875, 9.6125, 9.34375, 10.6875], "texture": "#1"},
				"east": {"uv": [8.71875, 9.6125, 9.34375, 10.6875], "texture": "#1"},
				"south": {"uv": [8.71875, 9.6125, 9.34375, 10.6875], "texture": "#1"},
				"west": {"uv": [8.71875, 9.6125, 9.34375, 10.6875], "texture": "#1"},
				"up": {"uv": [8.71875, 9.6125, 9.34375, 10.6875], "texture": "#1"},
				"down": {"uv": [8.71875, 9.6125, 9.34375, 10.6875], "texture": "#1"}
			}
		},
		{
			"from": [11.20966, 11.525, 2.90538],
			"to": [11.95966, 12.6, 2.90538],
			"rotation": {"angle": -45, "axis": "y", "origin": [6.33466, 27.175, 1.98038]},
			"faces": {
				"north": {"uv": [0, 9.6125, 0.75, 10.6875], "texture": "#1"},
				"east": {"uv": [0, 9.6125, 0.75, 10.6875], "texture": "#1"},
				"south": {"uv": [0, 9.6125, 0.75, 10.6875], "texture": "#1"},
				"west": {"uv": [0, 9.6125, 0.75, 10.6875], "texture": "#1"},
				"up": {"uv": [0, 9.6125, 0.75, 10.6875], "texture": "#1"},
				"down": {"uv": [0, 9.6125, 0.75, 10.6875], "texture": "#1"}
			}
		},
		{
			"from": [7.72717, 11.525, 6.07992],
			"to": [9.12717, 12.6, 6.07992],
			"rotation": {"angle": 0, "axis": "y", "origin": [7.10217, 27.175, 2.30492]},
			"faces": {
				"north": {"uv": [0.75, 9.6125, 1.5, 10.6875], "texture": "#1"},
				"east": {"uv": [0.75, 9.6125, 1.5, 10.6875], "texture": "#1"},
				"south": {"uv": [0.75, 9.6125, 1.5, 10.6875], "texture": "#1"},
				"west": {"uv": [0.75, 9.6125, 1.5, 10.6875], "texture": "#1"},
				"up": {"uv": [0.75, 9.6125, 1.5, 10.6875], "texture": "#1"},
				"down": {"uv": [0.75, 9.6125, 1.5, 10.6875], "texture": "#1"}
			}
		},
		{
			"from": [3.40217, 11.525, 6.02992],
			"to": [6.22717, 12.6, 6.02992],
			"rotation": {"angle": 22.5, "axis": "y", "origin": [7.10217, 27.175, 2.30492]},
			"faces": {
				"north": {"uv": [1.59375, 9.6125, 2.34375, 10.6875], "texture": "#1"},
				"east": {"uv": [1.59375, 9.6125, 2.34375, 10.6875], "texture": "#1"},
				"south": {"uv": [1.59375, 9.6125, 2.34375, 10.6875], "texture": "#1"},
				"west": {"uv": [1.59375, 9.6125, 2.34375, 10.6875], "texture": "#1"},
				"up": {"uv": [1.59375, 9.6125, 2.34375, 10.6875], "texture": "#1"},
				"down": {"uv": [1.59375, 9.6125, 2.34375, 10.6875], "texture": "#1"}
			}
		},
		{
			"from": [-1.64783, 11.525, 4.32992],
			"to": [2.25217, 12.6, 4.32992],
			"rotation": {"angle": 45, "axis": "y", "origin": [7.10217, 27.175, 2.30492]},
			"faces": {
				"north": {"uv": [2.40625, 9.6125, 6.30625, 10.6875], "texture": "#1"},
				"east": {"uv": [2.40625, 9.6125, 6.30625, 10.6875], "texture": "#1"},
				"south": {"uv": [2.40625, 9.6125, 6.30625, 10.6875], "texture": "#1"},
				"west": {"uv": [2.40625, 9.6125, 6.30625, 10.6875], "texture": "#1"},
				"up": {"uv": [2.40625, 9.6125, 6.30625, 10.6875], "texture": "#1"},
				"down": {"uv": [2.40625, 9.6125, 6.30625, 10.6875], "texture": "#1"}
			}
		},
		{
			"from": [18.22787, 10.975, 7.43285],
			"to": [21.10287, 12.05, 7.43285],
			"rotation": {"angle": 22.5, "axis": "y", "origin": [17.95287, 26.625, 0.80785]},
			"faces": {
				"north": {"uv": [6, 3.74375, 7.725, 4.81875], "texture": "#1"},
				"east": {"uv": [6, 3.74375, 7.725, 4.81875], "texture": "#1"},
				"south": {"uv": [6, 3.74375, 7.725, 4.81875], "texture": "#1"},
				"west": {"uv": [6, 3.74375, 7.725, 4.81875], "texture": "#1"},
				"up": {"uv": [6, 3.74375, 7.725, 4.81875], "texture": "#1"},
				"down": {"uv": [6, 3.74375, 7.725, 4.81875], "texture": "#1"}
			}
		},
		{
			"from": [17.07499, 10.975, 10.00961],
			"to": [17.94999, 12.05, 10.00961],
			"rotation": {"angle": 22.5, "axis": "y", "origin": [12.67499, 26.625, 3.33461]},
			"faces": {
				"north": {"uv": [9.1875, 3.86875, 10.9125, 4.94375], "texture": "#1"},
				"east": {"uv": [9.1875, 3.86875, 10.9125, 4.94375], "texture": "#1"},
				"south": {"uv": [9.1875, 3.86875, 10.9125, 4.94375], "texture": "#1"},
				"west": {"uv": [9.1875, 3.86875, 10.9125, 4.94375], "texture": "#1"},
				"up": {"uv": [9.1875, 3.86875, 10.9125, 4.94375], "texture": "#1"},
				"down": {"uv": [9.1875, 3.86875, 10.9125, 4.94375], "texture": "#1"}
			}
		},
		{
			"from": [24.96303, 10.975, 7.36898],
			"to": [25.91303, 12.05, 7.36898],
			"rotation": {"angle": 45, "axis": "y", "origin": [22.67499, 26.625, 13.33461]},
			"faces": {
				"north": {"uv": [7.53125, 3.86875, 9.25625, 4.94375], "texture": "#1"},
				"east": {"uv": [7.53125, 3.86875, 9.25625, 4.94375], "texture": "#1"},
				"south": {"uv": [7.53125, 3.86875, 9.25625, 4.94375], "texture": "#1"},
				"west": {"uv": [7.53125, 3.86875, 9.25625, 4.94375], "texture": "#1"},
				"up": {"uv": [7.53125, 3.86875, 9.25625, 4.94375], "texture": "#1"},
				"down": {"uv": [7.53125, 3.86875, 9.25625, 4.94375], "texture": "#1"}
			}
		},
		{
			"from": [16.90019, 11, 7.81966],
			"to": [19.32519, 12.075, 7.81966],
			"rotation": {"angle": 0, "axis": "y", "origin": [12.65019, 27.175, 3.46966]},
			"faces": {
				"north": {"uv": [10.4375, 3.9, 12.1625, 4.975], "texture": "#1"},
				"east": {"uv": [10.4375, 3.9, 12.1625, 4.975], "texture": "#1"},
				"south": {"uv": [10.4375, 3.9, 12.1625, 4.975], "texture": "#1"},
				"west": {"uv": [10.4375, 3.9, 12.1625, 4.975], "texture": "#1"},
				"up": {"uv": [10.4375, 3.9, 12.1625, 4.975], "texture": "#1"},
				"down": {"uv": [10.4375, 3.9, 12.1625, 4.975], "texture": "#1"}
			}
		},
		{
			"from": [14.92519, 11.5, 7.81966],
			"to": [16.90019, 12.575, 7.81966],
			"rotation": {"angle": 0, "axis": "y", "origin": [12.65019, 27.175, 3.46966]},
			"faces": {
				"north": {"uv": [12.40625, 3.80625, 14.13125, 4.88125], "texture": "#1"},
				"east": {"uv": [12.40625, 3.80625, 14.13125, 4.88125], "texture": "#1"},
				"south": {"uv": [12.40625, 3.80625, 14.13125, 4.88125], "texture": "#1"},
				"west": {"uv": [12.40625, 3.80625, 14.13125, 4.88125], "texture": "#1"},
				"up": {"uv": [12.40625, 3.80625, 14.13125, 4.88125], "texture": "#1"},
				"down": {"uv": [12.40625, 3.80625, 14.13125, 4.88125], "texture": "#1"}
			}
		},
		{
			"from": [13.33466, 11.525, 6.50538],
			"to": [16.50966, 12.6, 6.50538],
			"rotation": {"angle": -22.5, "axis": "y", "origin": [12.40966, 27.175, 3.20538]},
			"faces": {
				"north": {"uv": [12.28125, 3.93125, 14.00625, 5.00625], "texture": "#1"},
				"east": {"uv": [12.28125, 3.93125, 14.00625, 5.00625], "texture": "#1"},
				"south": {"uv": [12.28125, 3.93125, 14.00625, 5.00625], "texture": "#1"},
				"west": {"uv": [12.28125, 3.93125, 14.00625, 5.00625], "texture": "#1"},
				"up": {"uv": [12.28125, 3.93125, 14.00625, 5.00625], "texture": "#1"},
				"down": {"uv": [12.28125, 3.93125, 14.00625, 5.00625], "texture": "#1"}
			}
		},
		{
			"from": [9.60966, 11.525, 6.60538],
			"to": [12.00966, 12.6, 6.60538],
			"rotation": {"angle": 0, "axis": "y", "origin": [12.40966, 27.175, 3.20538]},
			"faces": {
				"north": {"uv": [14.275, 9.6125, 16, 10.6875], "texture": "#1"},
				"east": {"uv": [14.275, 9.6125, 16, 10.6875], "texture": "#1"},
				"south": {"uv": [14.275, 9.6125, 16, 10.6875], "texture": "#1"},
				"west": {"uv": [14.275, 9.6125, 16, 10.6875], "texture": "#1"},
				"up": {"uv": [14.275, 9.6125, 16, 10.6875], "texture": "#1"},
				"down": {"uv": [14.275, 9.6125, 16, 10.6875], "texture": "#1"}
			}
		},
		{
			"from": [2.81736, 2.775, 8.73457],
			"to": [3.09236, 3.425, 8.73457],
			"rotation": {"angle": 22.5, "axis": "y", "origin": [1.86736, -12.225, 11.08457]},
			"color": 2,
			"faces": {
				"north": {"uv": [0, 0, 0.275, 0.65], "texture": "#missing"},
				"east": {"uv": [0, 0, 0.275, 0.65], "texture": "#missing"},
				"south": {"uv": [0, 0, 0.275, 0.65], "texture": "#missing"},
				"west": {"uv": [0, 0, 0.275, 0.65], "texture": "#missing"},
				"up": {"uv": [0, 0, 0.275, 0.65], "texture": "#missing"},
				"down": {"uv": [0, 0, 0.275, 0.65], "texture": "#missing"}
			}
		},
		{
			"from": [-9.65, 2.775, 8.525],
			"to": [-4.65, 3.425, 8.525],
			"rotation": {"angle": 0, "axis": "y", "origin": [0, -12.225, 0]},
			"faces": {
				"north": {"uv": [15.7375, 7.28125, 12.5625, 7.93125], "texture": "#1"},
				"east": {"uv": [15.7375, 7.28125, 12.5625, 7.93125], "texture": "#1"},
				"south": {"uv": [15.7375, 7.28125, 12.5625, 7.93125], "texture": "#1"},
				"west": {"uv": [15.7375, 7.28125, 12.5625, 7.93125], "texture": "#1"},
				"up": {"uv": [15.7375, 7.28125, 12.5625, 7.93125], "texture": "#1"},
				"down": {"uv": [15.7375, 7.28125, 12.5625, 7.93125], "texture": "#1"}
			}
		},
		{
			"from": [-7.85344, 2.775, 5.8702],
			"to": [-6.75344, 3.425, 5.8702],
			"rotation": {"angle": 22.5, "axis": "y", "origin": [0.42156, -12.225, -0.8048]},
			"faces": {
				"north": {"uv": [4.7375, 6.59375, 1.5625, 7.24375], "texture": "#1"},
				"east": {"uv": [4.7375, 6.59375, 1.5625, 7.24375], "texture": "#1"},
				"south": {"uv": [4.7375, 6.59375, 1.5625, 7.24375], "texture": "#1"},
				"west": {"uv": [4.7375, 6.59375, 1.5625, 7.24375], "texture": "#1"},
				"up": {"uv": [4.7375, 6.59375, 1.5625, 7.24375], "texture": "#1"},
				"down": {"uv": [4.7375, 6.59375, 1.5625, 7.24375], "texture": "#1"}
			}
		},
		{
			"from": [-3.65287, 2.775, 8.10785],
			"to": [-0.52787, 3.425, 8.10785],
			"rotation": {"angle": 0, "axis": "y", "origin": [1.62213, -12.225, 1.43285]},
			"faces": {
				"north": {"uv": [6.2375, 6.65625, 3.0625, 7.30625], "texture": "#1"},
				"east": {"uv": [6.2375, 6.65625, 3.0625, 7.30625], "texture": "#1"},
				"south": {"uv": [6.2375, 6.65625, 3.0625, 7.30625], "texture": "#1"},
				"west": {"uv": [6.2375, 6.65625, 3.0625, 7.30625], "texture": "#1"},
				"up": {"uv": [6.2375, 6.65625, 3.0625, 7.30625], "texture": "#1"},
				"down": {"uv": [6.2375, 6.65625, 3.0625, 7.30625], "texture": "#1"}
			}
		},
		{
			"from": [1.62501, 2.775, 10.63461],
			"to": [2.75001, 3.425, 10.63461],
			"rotation": {"angle": -22.5, "axis": "y", "origin": [6.90001, -12.225, 3.95961]},
			"faces": {
				"north": {"uv": [3.175, 6.75, 0, 7.4], "texture": "#1"},
				"east": {"uv": [3.175, 6.75, 0, 7.4], "texture": "#1"},
				"south": {"uv": [3.175, 6.75, 0, 7.4], "texture": "#1"},
				"west": {"uv": [3.175, 6.75, 0, 7.4], "texture": "#1"},
				"up": {"uv": [3.175, 6.75, 0, 7.4], "texture": "#1"},
				"down": {"uv": [3.175, 6.75, 0, 7.4], "texture": "#1"}
			}
		},
		{
			"from": [0.49236, 2.775, 8.53457],
			"to": [1.99236, 3.425, 8.53457],
			"rotation": {"angle": 0, "axis": "y", "origin": [6.86736, -12.225, 4.08457]},
			"faces": {
				"north": {"uv": [4.89375, 13.1875, 1.71875, 13.8375], "texture": "#1"},
				"east": {"uv": [4.89375, 13.1875, 1.71875, 13.8375], "texture": "#1"},
				"south": {"uv": [4.89375, 13.1875, 1.71875, 13.8375], "texture": "#1"},
				"west": {"uv": [4.89375, 13.1875, 1.71875, 13.8375], "texture": "#1"},
				"up": {"uv": [4.89375, 13.1875, 1.71875, 13.8375], "texture": "#1"},
				"down": {"uv": [4.89375, 13.1875, 1.71875, 13.8375], "texture": "#1"}
			}
		},
		{
			"from": [23.40698, 2.775, 9.5004],
			"to": [24.90698, 3.425, 9.5004],
			"rotation": {"angle": -22.5, "axis": "y", "origin": [29.15698, -12.225, 4.7754]},
			"faces": {
				"north": {"uv": [5.15625, 1.8125, 6.65625, 2.4625], "texture": "#1"},
				"east": {"uv": [5.15625, 1.8125, 6.65625, 2.4625], "texture": "#1"},
				"south": {"uv": [5.15625, 1.8125, 6.65625, 2.4625], "texture": "#1"},
				"west": {"uv": [5.15625, 1.8125, 6.65625, 2.4625], "texture": "#1"},
				"up": {"uv": [5.15625, 1.8125, 6.65625, 2.4625], "texture": "#1"},
				"down": {"uv": [5.15625, 1.8125, 6.65625, 2.4625], "texture": "#1"}
			}
		},
		{
			"from": [23.40698, 2.775, 7.5004],
			"to": [29.13198, 3.425, 7.5004],
			"rotation": {"angle": 0, "axis": "y", "origin": [29.15698, -12.225, 4.7754]},
			"faces": {
				"north": {"uv": [0, 1.8125, 5.725, 2.4625], "texture": "#1"},
				"east": {"uv": [0, 1.8125, 5.725, 2.4625], "texture": "#1"},
				"south": {"uv": [0, 1.8125, 5.725, 2.4625], "texture": "#1"},
				"west": {"uv": [0, 1.8125, 5.725, 2.4625], "texture": "#1"},
				"up": {"uv": [0, 1.8125, 5.725, 2.4625], "texture": "#1"},
				"down": {"uv": [0, 1.8125, 5.725, 2.4625], "texture": "#1"}
			}
		},
		{
			"from": [23.91462, 2.775, 11.32545],
			"to": [25.76462, 3.425, 11.32545],
			"rotation": {"angle": -45, "axis": "y", "origin": [29.18962, -12.225, 4.65045]},
			"faces": {
				"north": {"uv": [6.96875, 1.8125, 8.81875, 2.4625], "texture": "#1"},
				"east": {"uv": [6.96875, 1.8125, 8.81875, 2.4625], "texture": "#1"},
				"south": {"uv": [6.96875, 1.8125, 8.81875, 2.4625], "texture": "#1"},
				"west": {"uv": [6.96875, 1.8125, 8.81875, 2.4625], "texture": "#1"},
				"up": {"uv": [6.96875, 1.8125, 8.81875, 2.4625], "texture": "#1"},
				"down": {"uv": [6.96875, 1.8125, 8.81875, 2.4625], "texture": "#1"}
			}
		},
		{
			"from": [2.09981, 2.775, 8.44466],
			"to": [3.87481, 3.425, 8.44466],
			"rotation": {"angle": 0, "axis": "y", "origin": [6.92481, -12.225, 4.09466]},
			"faces": {
				"north": {"uv": [1.025, 13.09375, 0, 13.74375], "texture": "#1"},
				"east": {"uv": [1.025, 13.09375, 0, 13.74375], "texture": "#1"},
				"south": {"uv": [1.025, 13.09375, 0, 13.74375], "texture": "#1"},
				"west": {"uv": [1.025, 13.09375, 0, 13.74375], "texture": "#1"},
				"up": {"uv": [1.025, 13.09375, 0, 13.74375], "texture": "#1"},
				"down": {"uv": [1.025, 13.09375, 0, 13.74375], "texture": "#1"}
			}
		},
		{
			"from": [2.34034, 2.775, 6.83038],
			"to": [5.51534, 3.425, 6.83038],
			"rotation": {"angle": 22.5, "axis": "y", "origin": [7.16534, -12.225, 3.83038]},
			"faces": {
				"north": {"uv": [4.175, 13.09375, 1, 13.74375], "texture": "#1"},
				"east": {"uv": [4.175, 13.09375, 1, 13.74375], "texture": "#1"},
				"south": {"uv": [4.175, 13.09375, 1, 13.74375], "texture": "#1"},
				"west": {"uv": [4.175, 13.09375, 1, 13.74375], "texture": "#1"},
				"up": {"uv": [4.175, 13.09375, 1, 13.74375], "texture": "#1"},
				"down": {"uv": [4.175, 13.09375, 1, 13.74375], "texture": "#1"}
			}
		},
		{
			"from": [6.79034, 2.775, 7.23038],
			"to": [9.96534, 3.425, 7.23038],
			"rotation": {"angle": 0, "axis": "y", "origin": [7.16534, -12.225, 3.83038]},
			"faces": {
				"north": {"uv": [7.58125, 13, 4.40625, 13.65], "texture": "#1"},
				"east": {"uv": [7.58125, 13, 4.40625, 13.65], "texture": "#1"},
				"south": {"uv": [7.58125, 13, 4.40625, 13.65], "texture": "#1"},
				"west": {"uv": [7.58125, 13, 4.40625, 13.65], "texture": "#1"},
				"up": {"uv": [7.58125, 13, 4.40625, 13.65], "texture": "#1"},
				"down": {"uv": [7.58125, 13, 4.40625, 13.65], "texture": "#1"}
			}
		},
		{
			"from": [15.27481, 2.775, 6.31966],
			"to": [17.04981, 3.425, 6.31966],
			"rotation": {"angle": 0, "axis": "y", "origin": [20.09981, -12.225, 1.96966]},
			"faces": {
				"north": {"uv": [12.90625, 1.84375, 14.68125, 2.49375], "texture": "#1"},
				"east": {"uv": [12.90625, 1.84375, 14.68125, 2.49375], "texture": "#1"},
				"south": {"uv": [12.90625, 1.84375, 14.68125, 2.49375], "texture": "#1"},
				"west": {"uv": [12.90625, 1.84375, 14.68125, 2.49375], "texture": "#1"},
				"up": {"uv": [12.90625, 1.84375, 14.68125, 2.49375], "texture": "#1"},
				"down": {"uv": [12.90625, 1.84375, 14.68125, 2.49375], "texture": "#1"}
			}
		},
		{
			"from": [15.51534, 2.775, 4.70538],
			"to": [17.29034, 3.425, 4.70538],
			"rotation": {"angle": 22.5, "axis": "y", "origin": [20.34034, -12.225, 1.70538]},
			"faces": {
				"north": {"uv": [10.5625, 1.8125, 12.3375, 2.4625], "texture": "#1"},
				"east": {"uv": [10.5625, 1.8125, 12.3375, 2.4625], "texture": "#1"},
				"south": {"uv": [10.5625, 1.8125, 12.3375, 2.4625], "texture": "#1"},
				"west": {"uv": [10.5625, 1.8125, 12.3375, 2.4625], "texture": "#1"},
				"up": {"uv": [10.5625, 1.8125, 12.3375, 2.4625], "texture": "#1"},
				"down": {"uv": [10.5625, 1.8125, 12.3375, 2.4625], "texture": "#1"}
			}
		},
		{
			"from": [18.6897, 2.775, 5.6404],
			"to": [20.7397, 3.425, 5.6404],
			"rotation": {"angle": 0, "axis": "y", "origin": [19.0647, -12.225, 1.7654]},
			"faces": {
				"north": {"uv": [8.6875, 1.8125, 10.7375, 2.4625], "texture": "#1"},
				"east": {"uv": [8.6875, 1.8125, 10.7375, 2.4625], "texture": "#1"},
				"south": {"uv": [8.6875, 1.8125, 10.7375, 2.4625], "texture": "#1"},
				"west": {"uv": [8.6875, 1.8125, 10.7375, 2.4625], "texture": "#1"},
				"up": {"uv": [8.6875, 1.8125, 10.7375, 2.4625], "texture": "#1"},
				"down": {"uv": [8.6875, 1.8125, 10.7375, 2.4625], "texture": "#1"}
			}
		},
		{
			"from": [8.41534, 2.775, 5.60538],
			"to": [10.74034, 3.425, 5.60538],
			"rotation": {"angle": 22.5, "axis": "y", "origin": [13.24034, -12.225, 2.60538]},
			"faces": {
				"north": {"uv": [10.83125, 13.03125, 7.65625, 13.68125], "texture": "#1"},
				"east": {"uv": [10.83125, 13.03125, 7.65625, 13.68125], "texture": "#1"},
				"south": {"uv": [10.83125, 13.03125, 7.65625, 13.68125], "texture": "#1"},
				"west": {"uv": [10.83125, 13.03125, 7.65625, 13.68125], "texture": "#1"},
				"up": {"uv": [10.83125, 13.03125, 7.65625, 13.68125], "texture": "#1"},
				"down": {"uv": [10.83125, 13.03125, 7.65625, 13.68125], "texture": "#1"}
			}
		},
		{
			"from": [12.09783, 2.775, 6.32992],
			"to": [15.27283, 3.425, 6.32992],
			"rotation": {"angle": 0, "axis": "y", "origin": [12.47283, -12.225, 2.92992]},
			"faces": {
				"north": {"uv": [11.0625, 13.03125, 14.2375, 13.68125], "texture": "#1"},
				"east": {"uv": [11.0625, 13.03125, 14.2375, 13.68125], "texture": "#1"},
				"south": {"uv": [11.0625, 13.03125, 14.2375, 13.68125], "texture": "#1"},
				"west": {"uv": [11.0625, 13.03125, 14.2375, 13.68125], "texture": "#1"},
				"up": {"uv": [11.0625, 13.03125, 14.2375, 13.68125], "texture": "#1"},
				"down": {"uv": [11.0625, 13.03125, 14.2375, 13.68125], "texture": "#1"}
			}
		},
		{
			"from": [2.81736, 2.775, 8.73457],
			"to": [3.09236, 3.425, 8.73457],
			"rotation": {"angle": 22.5, "axis": "y", "origin": [1.86736, -12.225, 11.08457]},
			"faces": {
				"north": {"uv": [1.275, 11.28125, 1, 11.93125], "texture": "#1"},
				"east": {"uv": [1.275, 11.28125, 1, 11.93125], "texture": "#1"},
				"south": {"uv": [1.275, 11.28125, 1, 11.93125], "texture": "#1"},
				"west": {"uv": [1.275, 11.28125, 1, 11.93125], "texture": "#1"},
				"up": {"uv": [1.275, 11.28125, 1, 11.93125], "texture": "#1"},
				"down": {"uv": [1.275, 11.28125, 1, 11.93125], "texture": "#1"}
			}
		},
		{
			"from": [27.5, 0.75, 7.9],
			"to": [29.225, 1.4, 7.9],
			"rotation": {"angle": 0, "axis": "y", "origin": [19.575, 16.4, -0.625]},
			"faces": {
				"north": {"uv": [0, 5.43125, 1.725, 6.08125], "texture": "#1"},
				"east": {"uv": [0, 5.43125, 1.725, 6.08125], "texture": "#1"},
				"south": {"uv": [0, 5.43125, 1.725, 6.08125], "texture": "#1"},
				"west": {"uv": [0, 5.43125, 1.725, 6.08125], "texture": "#1"},
				"up": {"uv": [0, 5.43125, 1.725, 6.08125], "texture": "#1"},
				"down": {"uv": [0, 5.43125, 1.725, 6.08125], "texture": "#1"}
			}
		},
		{
			"from": [27.10344, 0.75, 5.2452],
			"to": [30.70344, 1.4, 5.2452],
			"rotation": {"angle": -22.5, "axis": "y", "origin": [22.42844, 16.4, -1.4298]},
			"faces": {
				"north": {"uv": [1.875, 5.525, 3.6, 6.175], "texture": "#1"},
				"east": {"uv": [1.875, 5.525, 3.6, 6.175], "texture": "#1"},
				"south": {"uv": [1.875, 5.525, 3.6, 6.175], "texture": "#1"},
				"west": {"uv": [1.875, 5.525, 3.6, 6.175], "texture": "#1"},
				"up": {"uv": [1.875, 5.525, 3.6, 6.175], "texture": "#1"},
				"down": {"uv": [1.875, 5.525, 3.6, 6.175], "texture": "#1"}
			}
		},
		{
			"from": [28.16056, 0.75, 2.87168],
			"to": [29.31056, 1.4, 2.87168],
			"rotation": {"angle": -45, "axis": "y", "origin": [22.33556, 16.4, -1.45332]},
			"faces": {
				"north": {"uv": [4, 5.525, 5.725, 6.175], "texture": "#1"},
				"east": {"uv": [4, 5.525, 5.725, 6.175], "texture": "#1"},
				"south": {"uv": [4, 5.525, 5.725, 6.175], "texture": "#1"},
				"west": {"uv": [4, 5.525, 5.725, 6.175], "texture": "#1"},
				"up": {"uv": [4, 5.525, 5.725, 6.175], "texture": "#1"},
				"down": {"uv": [4, 5.525, 5.725, 6.175], "texture": "#1"}
			}
		},
		{
			"from": [-0.59302, 0.75, 11.9004],
			"to": [3.88198, 1.4, 11.9004],
			"rotation": {"angle": -22.5, "axis": "y", "origin": [8.15698, 16.4, 7.1754]},
			"faces": {
				"north": {"uv": [8.8125, 12.68125, 11.6375, 13.33125], "texture": "#1"},
				"east": {"uv": [8.8125, 12.68125, 11.6375, 13.33125], "texture": "#1"},
				"south": {"uv": [8.8125, 12.68125, 11.6375, 13.33125], "texture": "#1"},
				"west": {"uv": [8.8125, 12.68125, 11.6375, 13.33125], "texture": "#1"},
				"up": {"uv": [8.8125, 12.68125, 11.6375, 13.33125], "texture": "#1"},
				"down": {"uv": [8.8125, 12.68125, 11.6375, 13.33125], "texture": "#1"}
			}
		},
		{
			"from": [-9.65698, 0.75, 7.4254],
			"to": [-2.95698, 1.4, 7.4254],
			"rotation": {"angle": 0, "axis": "y", "origin": [-9.58198, 16.4, 4.1504]},
			"faces": {
				"north": {"uv": [9.3, 12.7125, 16, 13.3625], "texture": "#1"},
				"east": {"uv": [9.3, 12.7125, 16, 13.3625], "texture": "#1"},
				"south": {"uv": [9.3, 12.7125, 16, 13.3625], "texture": "#1"},
				"west": {"uv": [9.3, 12.7125, 16, 13.3625], "texture": "#1"},
				"up": {"uv": [9.3, 12.7125, 16, 13.3625], "texture": "#1"},
				"down": {"uv": [9.3, 12.7125, 16, 13.3625], "texture": "#1"}
			}
		},
		{
			"from": [1.38057, 0.75, 14.86137],
			"to": [2.00557, 1.4, 14.86137],
			"rotation": {"angle": -45, "axis": "y", "origin": [8.18057, 16.4, 7.03637]},
			"faces": {
				"north": {"uv": [11.5625, 12.65, 12.1875, 13.3], "texture": "#1"},
				"east": {"uv": [11.5625, 12.65, 12.1875, 13.3], "texture": "#1"},
				"south": {"uv": [11.5625, 12.65, 12.1875, 13.3], "texture": "#1"},
				"west": {"uv": [11.5625, 12.65, 12.1875, 13.3], "texture": "#1"},
				"up": {"uv": [11.5625, 12.65, 12.1875, 13.3], "texture": "#1"},
				"down": {"uv": [11.5625, 12.65, 12.1875, 13.3], "texture": "#1"}
			}
		},
		{
			"from": [-1.99116, 0.75, 11.60905],
			"to": [-1.11616, 1.4, 11.60905],
			"rotation": {"angle": -22.5, "axis": "y", "origin": [8.03384, 16.4, 7.05905]},
			"faces": {
				"north": {"uv": [12.96875, 12.68125, 13.59375, 13.33125], "texture": "#1"},
				"east": {"uv": [12.96875, 12.68125, 13.59375, 13.33125], "texture": "#1"},
				"south": {"uv": [12.96875, 12.68125, 13.59375, 13.33125], "texture": "#1"},
				"west": {"uv": [12.96875, 12.68125, 13.59375, 13.33125], "texture": "#1"},
				"up": {"uv": [12.96875, 12.68125, 13.59375, 13.33125], "texture": "#1"},
				"down": {"uv": [12.96875, 12.68125, 13.59375, 13.33125], "texture": "#1"}
			}
		},
		{
			"from": [11.20966, 0.75, 2.90538],
			"to": [11.95966, 1.4, 2.90538],
			"rotation": {"angle": -45, "axis": "y", "origin": [6.33466, 16.4, 1.98038]},
			"faces": {
				"north": {"uv": [2.65625, 12.5875, 3.40625, 13.2375], "texture": "#1"},
				"east": {"uv": [2.65625, 12.5875, 3.40625, 13.2375], "texture": "#1"},
				"south": {"uv": [2.65625, 12.5875, 3.40625, 13.2375], "texture": "#1"},
				"west": {"uv": [2.65625, 12.5875, 3.40625, 13.2375], "texture": "#1"},
				"up": {"uv": [2.65625, 12.5875, 3.40625, 13.2375], "texture": "#1"},
				"down": {"uv": [2.65625, 12.5875, 3.40625, 13.2375], "texture": "#1"}
			}
		},
		{
			"from": [7.72717, 0.75, 6.07992],
			"to": [9.12717, 1.4, 6.07992],
			"rotation": {"angle": 0, "axis": "y", "origin": [7.10217, 16.4, 2.30492]},
			"faces": {
				"north": {"uv": [3.6875, 12.61875, 4.4375, 13.26875], "texture": "#1"},
				"east": {"uv": [3.6875, 12.61875, 4.4375, 13.26875], "texture": "#1"},
				"south": {"uv": [3.6875, 12.61875, 4.4375, 13.26875], "texture": "#1"},
				"west": {"uv": [3.6875, 12.61875, 4.4375, 13.26875], "texture": "#1"},
				"up": {"uv": [3.6875, 12.61875, 4.4375, 13.26875], "texture": "#1"},
				"down": {"uv": [3.6875, 12.61875, 4.4375, 13.26875], "texture": "#1"}
			}
		},
		{
			"from": [3.40217, 0.75, 6.02992],
			"to": [6.22717, 1.4, 6.02992],
			"rotation": {"angle": 22.5, "axis": "y", "origin": [7.10217, 16.4, 2.30492]},
			"faces": {
				"north": {"uv": [4.1875, 12.61875, 7.0125, 13.26875], "texture": "#1"},
				"east": {"uv": [4.1875, 12.61875, 7.0125, 13.26875], "texture": "#1"},
				"south": {"uv": [4.1875, 12.61875, 7.0125, 13.26875], "texture": "#1"},
				"west": {"uv": [4.1875, 12.61875, 7.0125, 13.26875], "texture": "#1"},
				"up": {"uv": [4.1875, 12.61875, 7.0125, 13.26875], "texture": "#1"},
				"down": {"uv": [4.1875, 12.61875, 7.0125, 13.26875], "texture": "#1"}
			}
		},
		{
			"from": [-1.64783, 0.75, 4.32992],
			"to": [2.25217, 1.4, 4.32992],
			"rotation": {"angle": 45, "axis": "y", "origin": [7.10217, 16.4, 2.30492]},
			"faces": {
				"north": {"uv": [6.78125, 12.7125, 9.60625, 13.3625], "texture": "#1"},
				"east": {"uv": [6.78125, 12.7125, 9.60625, 13.3625], "texture": "#1"},
				"south": {"uv": [6.78125, 12.7125, 9.60625, 13.3625], "texture": "#1"},
				"west": {"uv": [6.78125, 12.7125, 9.60625, 13.3625], "texture": "#1"},
				"up": {"uv": [6.78125, 12.7125, 9.60625, 13.3625], "texture": "#1"},
				"down": {"uv": [6.78125, 12.7125, 9.60625, 13.3625], "texture": "#1"}
			}
		},
		{
			"from": [18.22787, 0.75, 7.43285],
			"to": [21.10287, 1.4, 7.43285],
			"rotation": {"angle": 22.5, "axis": "y", "origin": [17.95287, 16.4, 0.80785]},
			"faces": {
				"north": {"uv": [5.84375, 5.525, 7.56875, 6.175], "texture": "#1"},
				"east": {"uv": [5.84375, 5.525, 7.56875, 6.175], "texture": "#1"},
				"south": {"uv": [5.84375, 5.525, 7.56875, 6.175], "texture": "#1"},
				"west": {"uv": [5.84375, 5.525, 7.56875, 6.175], "texture": "#1"},
				"up": {"uv": [5.84375, 5.525, 7.56875, 6.175], "texture": "#1"},
				"down": {"uv": [5.84375, 5.525, 7.56875, 6.175], "texture": "#1"}
			}
		},
		{
			"from": [17.07499, 0.75, 10.00961],
			"to": [17.94999, 1.4, 10.00961],
			"rotation": {"angle": 22.5, "axis": "y", "origin": [12.67499, 16.4, 3.33461]},
			"faces": {
				"north": {"uv": [9.21875, 5.65, 10.94375, 6.3], "texture": "#1"},
				"east": {"uv": [9.21875, 5.65, 10.94375, 6.3], "texture": "#1"},
				"south": {"uv": [9.21875, 5.65, 10.94375, 6.3], "texture": "#1"},
				"west": {"uv": [9.21875, 5.65, 10.94375, 6.3], "texture": "#1"},
				"up": {"uv": [9.21875, 5.65, 10.94375, 6.3], "texture": "#1"},
				"down": {"uv": [9.21875, 5.65, 10.94375, 6.3], "texture": "#1"}
			}
		},
		{
			"from": [24.96303, 0.75, 7.36898],
			"to": [25.91303, 1.4, 7.36898],
			"rotation": {"angle": 45, "axis": "y", "origin": [22.67499, 16.4, 13.33461]},
			"faces": {
				"north": {"uv": [7.65625, 5.55625, 9.38125, 6.20625], "texture": "#1"},
				"east": {"uv": [7.65625, 5.55625, 9.38125, 6.20625], "texture": "#1"},
				"south": {"uv": [7.65625, 5.55625, 9.38125, 6.20625], "texture": "#1"},
				"west": {"uv": [7.65625, 5.55625, 9.38125, 6.20625], "texture": "#1"},
				"up": {"uv": [7.65625, 5.55625, 9.38125, 6.20625], "texture": "#1"},
				"down": {"uv": [7.65625, 5.55625, 9.38125, 6.20625], "texture": "#1"}
			}
		},
		{
			"from": [14.90019, 0.75, 7.81966],
			"to": [19.32519, 1.4, 7.81966],
			"rotation": {"angle": 0, "axis": "y", "origin": [12.65019, 16.4, 3.46966]},
			"faces": {
				"north": {"uv": [9.21875, 5.65, 13.64375, 6.3], "texture": "#1"},
				"east": {"uv": [9.21875, 5.65, 13.64375, 6.3], "texture": "#1"},
				"south": {"uv": [9.21875, 5.65, 13.64375, 6.3], "texture": "#1"},
				"west": {"uv": [9.21875, 5.65, 13.64375, 6.3], "texture": "#1"},
				"up": {"uv": [9.21875, 5.65, 13.64375, 6.3], "texture": "#1"},
				"down": {"uv": [9.21875, 5.65, 13.64375, 6.3], "texture": "#1"}
			}
		},
		{
			"from": [13.33466, 0.75, 6.50538],
			"to": [16.50966, 1.4, 6.50538],
			"rotation": {"angle": -22.5, "axis": "y", "origin": [12.40966, 16.4, 3.20538]},
			"faces": {
				"north": {"uv": [13.1375, 5.65, 16, 6.3], "texture": "#1"},
				"east": {"uv": [13.1375, 5.65, 16, 6.3], "texture": "#1"},
				"south": {"uv": [13.1375, 5.65, 16, 6.3], "texture": "#1"},
				"west": {"uv": [13.1375, 5.65, 16, 6.3], "texture": "#1"},
				"up": {"uv": [13.1375, 5.65, 16, 6.3], "texture": "#1"},
				"down": {"uv": [13.1375, 5.65, 16, 6.3], "texture": "#1"}
			}
		},
		{
			"from": [9.60966, 0.75, 6.60538],
			"to": [12.00966, 1.4, 6.60538],
			"rotation": {"angle": 0, "axis": "y", "origin": [12.40966, 16.4, 3.20538]},
			"faces": {
				"north": {"uv": [0, 12.49375, 2.8625, 13.14375], "texture": "#1"},
				"east": {"uv": [0, 12.49375, 2.8625, 13.14375], "texture": "#1"},
				"south": {"uv": [0, 12.49375, 2.8625, 13.14375], "texture": "#1"},
				"west": {"uv": [0, 12.49375, 2.8625, 13.14375], "texture": "#1"},
				"up": {"uv": [0, 12.49375, 2.8625, 13.14375], "texture": "#1"},
				"down": {"uv": [0, 12.49375, 2.8625, 13.14375], "texture": "#1"}
			}
		}
	],
	"display": {
		"thirdperson_righthand": {
			"rotation": [0, -39, 0],
			"translation": [0, 1.25, -0.25],
			"scale": [0.25, 0.25, 0.25]
		},
		"thirdperson_lefthand": {
			"rotation": [0, -39, 0],
			"translation": [0, 1.25, -0.25],
			"scale": [0.25, 0.25, 0.25]
		},
		"firstperson_righthand": {
			"rotation": [0, -39, 0],
			"translation": [3, 1.25, -1.5],
			"scale": [0.25, 0.25, 0.25]
		},
		"firstperson_lefthand": {
			"rotation": [0, -39, 0],
			"translation": [3, 1.25, -1.5],
			"scale": [0.25, 0.25, 0.25]
		},
		"ground": {
			"translation": [0, 3.75, 0],
			"scale": [0.5, 0.5, 0.5]
		},
		"gui": {
			"scale": [0.625, 0.625, 0.625]
		},
		"fixed": {
			"rotation": [-90, 0, 0],
			"translation": [0, 0, -17.25],
			"scale": [2, 2, 2]
		}
	},
	"groups": [
		{
			"name": "hexadecagon",
			"origin": [8, 8, 8],
			"color": 0,
			"children": [0, 1, 2, 3, 4, 5, 6, 7]
		},
		{
			"name": "hexadecagon",
			"origin": [8, 8, 8],
			"color": 0,
			"children": [8, 9, 10, 11, 12, 13, 14, 15]
		},
		{
			"name": "hexadecagon",
			"origin": [8, 8, 8],
			"color": 0,
			"children": [16, 17, 18, 19, 20, 21, 22, 23]
		},
		{
			"name": "hexadecagon",
			"origin": [8, 8, 8],
			"color": 0,
			"children": [24, 25, 26, 27, 28, 29, 30, 31]
		},
		{
			"name": "hexadecagon",
			"origin": [8, 8, 8],
			"color": 0,
			"children": [32, 33, 34, 35, 36, 37, 38, 39]
		},
		{
			"name": "hexadecagon",
			"origin": [8, 8, 8],
			"color": 0,
			"children": [40, 41, 42, 43, 44, 45, 46, 47]
		},
		{
			"name": "group",
			"origin": [7.16534, 0, 3.83038],
			"color": 0,
			"children": [48, 49, 50, 51, 52, 53, 54, 55, 56, 57, 58, 59, 60, 61, 62, 63, 64, 65, 66, 67, 68, 69]
		},
		{
			"name": "group",
			"origin": [1.86736, -5.45, 11.08457],
			"color": 0,
			"children": [70, 71, 72, 73, 74, 75, 76, 77, 78, 79, 80, 81, 82, 83, 84, 85, 86]
		},
		{
			"name": "group",
			"origin": [1.86736, -5.45, 11.08457],
			"color": 0,
			"children": [87, 88, 89, 90, 91, 92, 93, 94, 95, 96, 97, 98, 99, 100, 101, 102, 103, 104]
		},
		{
			"name": "group",
			"origin": [7.16534, 0, 3.83038],
			"color": 0,
			"children": [105, 106, 107, 108, 109, 110, 111, 112, 113, 114, 115, 116, 117, 118, 119, 120, 121, 122]
		},
		{
			"name": "group",
			"origin": [1.86736, -5.45, 11.08457],
			"color": 0,
			"children": [123, 124, 125, 126, 127, 128, 129, 130, 131, 132, 133, 134, 135, 136, 137, 138, 139]
		}
	]
}