{
	"credit": "Made with Blockbench",
	"parent": "prism:block/palm_leaves",
	"textures": {
		"1": "prism:block/palm_leaves",
		"2": "prism:block/palm_log",
		"particle": "prism:block/palm_leaves"
	},
	"elements": [
		{
			"from": [0, -2, 7],
			"to": [3, 1, 10],
			"faces": {
				"north": {"uv": [0, 0, 3, 3], "texture": "#2"},
				"east": {"uv": [0, 0, 3, 3], "texture": "#2"},
				"south": {"uv": [0, 0, 3, 3], "texture": "#2"},
				"west": {"uv": [0, 0, 3, 3], "texture": "#2"},
				"up": {"uv": [0, 0, 3, 3], "texture": "#2"},
				"down": {"uv": [0, 0, 3, 3], "texture": "#2"}
			}
		},
		{
			"from": [-0.25, -1.75, 7.25],
			"to": [0, 0.75, 9.75],
			"faces": {
				"north": {"uv": [0, 0, 0.25, 2.5], "texture": "#2"},
				"east": {"uv": [0, 0, 2.5, 2.5], "texture": "#2"},
				"south": {"uv": [0, 0, 0.25, 2.5], "texture": "#2"},
				"west": {"uv": [0, 0, 2.5, 2.5], "texture": "#2"},
				"up": {"uv": [0, 0, 0.25, 2.5], "texture": "#2"},
				"down": {"uv": [0, 0, 0.25, 2.5], "texture": "#2"}
			}
		},
		{
			"from": [3, -1.75, 7.25],
			"to": [3.25, 0.75, 9.75],
			"faces": {
				"north": {"uv": [0, 0, 0.25, 2.5], "texture": "#2"},
				"east": {"uv": [0, 0, 2.5, 2.5], "texture": "#2"},
				"south": {"uv": [0, 0, 0.25, 2.5], "texture": "#2"},
				"west": {"uv": [0, 0, 2.5, 2.5], "texture": "#2"},
				"up": {"uv": [0, 0, 0.25, 2.5], "texture": "#2"},
				"down": {"uv": [0, 0, 0.25, 2.5], "texture": "#2"}
			}
		},
		{
			"from": [0.25, -1.75, 10],
			"to": [2.75, 0.75, 10.25],
			"rotation": {"angle": 0, "axis": "y", "origin": [-0.5, -3.5, 8.5]},
			"faces": {
				"north": {"uv": [0, 0, 2.5, 2.5], "texture": "#2"},
				"east": {"uv": [0, 0, 0.25, 2.5], "texture": "#2"},
				"south": {"uv": [0, 0, 2.5, 2.5], "texture": "#2"},
				"west": {"uv": [0, 0, 0.25, 2.5], "texture": "#2"},
				"up": {"uv": [0, 0, 0.25, 2.5], "rotation": 90, "texture": "#2"},
				"down": {"uv": [0, 0, 0.25, 2.5], "rotation": 270, "texture": "#2"}
			}
		},
		{
			"from": [0.25, -1.75, 6.75],
			"to": [2.75, 0.75, 7],
			"rotation": {"angle": 0, "axis": "y", "origin": [-0.5, -3.5, 8.5]},
			"faces": {
				"north": {"uv": [0, 0, 2.5, 2.5], "texture": "#2"},
				"east": {"uv": [0, 0, 0.25, 2.5], "texture": "#2"},
				"south": {"uv": [0, 0, 2.5, 2.5], "texture": "#2"},
				"west": {"uv": [0, 0, 0.25, 2.5], "texture": "#2"},
				"up": {"uv": [0, 0, 0.25, 2.5], "rotation": 90, "texture": "#2"},
				"down": {"uv": [0, 0, 0.25, 2.5], "rotation": 270, "texture": "#2"}
			}
		},
		{
			"from": [0.25, -2.25, 7.25],
			"to": [2.75, -2, 9.75],
			"rotation": {"angle": 0, "axis": "y", "origin": [-0.5, -3.5, 8.5]},
			"faces": {
				"north": {"uv": [0, 0, 0.25, 2.5], "rotation": 90, "texture": "#2"},
				"east": {"uv": [0, 0, 0.25, 2.5], "rotation": 270, "texture": "#2"},
				"south": {"uv": [0, 0, 0.25, 2.5], "rotation": 90, "texture": "#2"},
				"west": {"uv": [0, 0, 0.25, 2.5], "rotation": 90, "texture": "#2"},
				"up": {"uv": [0, 0, 2.5, 2.5], "rotation": 180, "texture": "#2"},
				"down": {"uv": [0, 0, 2.5, 2.5], "texture": "#2"}
			}
		},
		{
			"from": [0.25, 1, 7.25],
			"to": [2.75, 1.25, 9.75],
			"rotation": {"angle": 0, "axis": "y", "origin": [-0.5, -3.5, 8.5]},
			"faces": {
				"north": {"uv": [0, 0, 0.25, 2.5], "rotation": 90, "texture": "#2"},
				"east": {"uv": [0, 0, 0.25, 2.5], "rotation": 270, "texture": "#2"},
				"south": {"uv": [0, 0, 0.25, 2.5], "rotation": 90, "texture": "#2"},
				"west": {"uv": [0, 0, 0.25, 2.5], "rotation": 90, "texture": "#2"},
				"up": {"uv": [0, 0, 2.5, 2.5], "rotation": 180, "texture": "#2"},
				"down": {"uv": [0, 0, 2.5, 2.5], "texture": "#2"}
			}
		},
		{
			"from": [9, -2, 13],
			"to": [12, 1, 16],
			"faces": {
				"north": {"uv": [0, 0, 3, 3], "texture": "#2"},
				"east": {"uv": [0, 0, 3, 3], "texture": "#2"},
				"south": {"uv": [0, 0, 3, 3], "texture": "#2"},
				"west": {"uv": [0, 0, 3, 3], "texture": "#2"},
				"up": {"uv": [0, 0, 3, 3], "texture": "#2"},
				"down": {"uv": [0, 0, 3, 3], "texture": "#2"}
			}
		},
		{
			"from": [8.75, -1.75, 13.25],
			"to": [9, 0.75, 15.75],
			"faces": {
				"north": {"uv": [0, 0, 0.25, 2.5], "texture": "#2"},
				"east": {"uv": [0, 0, 2.5, 2.5], "texture": "#2"},
				"south": {"uv": [0, 0, 0.25, 2.5], "texture": "#2"},
				"west": {"uv": [0, 0, 2.5, 2.5], "texture": "#2"},
				"up": {"uv": [0, 0, 0.25, 2.5], "texture": "#2"},
				"down": {"uv": [0, 0, 0.25, 2.5], "texture": "#2"}
			}
		},
		{
			"from": [12, -1.75, 13.25],
			"to": [12.25, 0.75, 15.75],
			"faces": {
				"north": {"uv": [0, 0, 0.25, 2.5], "texture": "#2"},
				"east": {"uv": [0, 0, 2.5, 2.5], "texture": "#2"},
				"south": {"uv": [0, 0, 0.25, 2.5], "texture": "#2"},
				"west": {"uv": [0, 0, 2.5, 2.5], "texture": "#2"},
				"up": {"uv": [0, 0, 0.25, 2.5], "texture": "#2"},
				"down": {"uv": [0, 0, 0.25, 2.5], "texture": "#2"}
			}
		},
		{
			"from": [9.25, -1.75, 16],
			"to": [11.75, 0.75, 16.25],
			"rotation": {"angle": 0, "axis": "y", "origin": [-0.5, -3.5, 8.5]},
			"faces": {
				"north": {"uv": [0, 0, 2.5, 2.5], "texture": "#2"},
				"east": {"uv": [0, 0, 0.25, 2.5], "texture": "#2"},
				"south": {"uv": [0, 0, 2.5, 2.5], "texture": "#2"},
				"west": {"uv": [0, 0, 0.25, 2.5], "texture": "#2"},
				"up": {"uv": [0, 0, 0.25, 2.5], "rotation": 90, "texture": "#2"},
				"down": {"uv": [0, 0, 0.25, 2.5], "rotation": 270, "texture": "#2"}
			}
		},
		{
			"from": [9.25, -1.75, 12.75],
			"to": [11.75, 0.75, 13],
			"rotation": {"angle": 0, "axis": "y", "origin": [-0.5, -3.5, 8.5]},
			"faces": {
				"north": {"uv": [0, 0, 2.5, 2.5], "texture": "#2"},
				"east": {"uv": [0, 0, 0.25, 2.5], "texture": "#2"},
				"south": {"uv": [0, 0, 2.5, 2.5], "texture": "#2"},
				"west": {"uv": [0, 0, 0.25, 2.5], "texture": "#2"},
				"up": {"uv": [0, 0, 0.25, 2.5], "rotation": 90, "texture": "#2"},
				"down": {"uv": [0, 0, 0.25, 2.5], "rotation": 270, "texture": "#2"}
			}
		},
		{
			"from": [9.25, -2.25, 13.25],
			"to": [11.75, -2, 15.75],
			"rotation": {"angle": 0, "axis": "y", "origin": [-0.5, -3.5, 8.5]},
			"faces": {
				"north": {"uv": [0, 0, 0.25, 2.5], "rotation": 90, "texture": "#2"},
				"east": {"uv": [0, 0, 0.25, 2.5], "rotation": 270, "texture": "#2"},
				"south": {"uv": [0, 0, 0.25, 2.5], "rotation": 90, "texture": "#2"},
				"west": {"uv": [0, 0, 0.25, 2.5], "rotation": 90, "texture": "#2"},
				"up": {"uv": [0, 0, 2.5, 2.5], "rotation": 180, "texture": "#2"},
				"down": {"uv": [0, 0, 2.5, 2.5], "texture": "#2"}
			}
		},
		{
			"from": [9.25, 1, 13.25],
			"to": [11.75, 1.25, 15.75],
			"rotation": {"angle": 0, "axis": "y", "origin": [-0.5, -3.5, 8.5]},
			"faces": {
				"north": {"uv": [0, 0, 0.25, 2.5], "rotation": 90, "texture": "#2"},
				"east": {"uv": [0, 0, 0.25, 2.5], "rotation": 270, "texture": "#2"},
				"south": {"uv": [0, 0, 0.25, 2.5], "rotation": 90, "texture": "#2"},
				"west": {"uv": [0, 0, 0.25, 2.5], "rotation": 90, "texture": "#2"},
				"up": {"uv": [0, 0, 2.5, 2.5], "rotation": 180, "texture": "#2"},
				"down": {"uv": [0, 0, 2.5, 2.5], "texture": "#2"}
			}
		},
		{
			"from": [9, -3, 1],
			"to": [12, 0, 4],
			"faces": {
				"north": {"uv": [0, 0, 3, 3], "texture": "#2"},
				"east": {"uv": [0, 0, 3, 3], "texture": "#2"},
				"south": {"uv": [0, 0, 3, 3], "texture": "#2"},
				"west": {"uv": [0, 0, 3, 3], "texture": "#2"},
				"up": {"uv": [0, 0, 3, 3], "texture": "#2"},
				"down": {"uv": [0, 0, 3, 3], "texture": "#2"}
			}
		},
		{
			"from": [8.75, -2.75, 1.25],
			"to": [9, -0.25, 3.75],
			"faces": {
				"north": {"uv": [0, 0, 0.25, 2.5], "texture": "#2"},
				"east": {"uv": [0, 0, 2.5, 2.5], "texture": "#2"},
				"south": {"uv": [0, 0, 0.25, 2.5], "texture": "#2"},
				"west": {"uv": [0, 0, 2.5, 2.5], "texture": "#2"},
				"up": {"uv": [0, 0, 0.25, 2.5], "texture": "#2"},
				"down": {"uv": [0, 0, 0.25, 2.5], "texture": "#2"}
			}
		},
		{
			"from": [12, -2.75, 1.25],
			"to": [12.25, -0.25, 3.75],
			"faces": {
				"north": {"uv": [0, 0, 0.25, 2.5], "texture": "#2"},
				"east": {"uv": [0, 0, 2.5, 2.5], "texture": "#2"},
				"south": {"uv": [0, 0, 0.25, 2.5], "texture": "#2"},
				"west": {"uv": [0, 0, 2.5, 2.5], "texture": "#2"},
				"up": {"uv": [0, 0, 0.25, 2.5], "texture": "#2"},
				"down": {"uv": [0, 0, 0.25, 2.5], "texture": "#2"}
			}
		},
		{
			"from": [9.25, -2.75, 4],
			"to": [11.75, -0.25, 4.25],
			"rotation": {"angle": 0, "axis": "y", "origin": [-0.5, -3.5, 8.5]},
			"faces": {
				"north": {"uv": [0, 0, 2.5, 2.5], "texture": "#2"},
				"east": {"uv": [0, 0, 0.25, 2.5], "texture": "#2"},
				"south": {"uv": [0, 0, 2.5, 2.5], "texture": "#2"},
				"west": {"uv": [0, 0, 0.25, 2.5], "texture": "#2"},
				"up": {"uv": [0, 0, 0.25, 2.5], "rotation": 90, "texture": "#2"},
				"down": {"uv": [0, 0, 0.25, 2.5], "rotation": 270, "texture": "#2"}
			}
		},
		{
			"from": [9.25, -2.75, 0.75],
			"to": [11.75, -0.25, 1],
			"rotation": {"angle": 0, "axis": "y", "origin": [-0.5, -3.5, 8.5]},
			"faces": {
				"north": {"uv": [0, 0, 2.5, 2.5], "texture": "#2"},
				"east": {"uv": [0, 0, 0.25, 2.5], "texture": "#2"},
				"south": {"uv": [0, 0, 2.5, 2.5], "texture": "#2"},
				"west": {"uv": [0, 0, 0.25, 2.5], "texture": "#2"},
				"up": {"uv": [0, 0, 0.25, 2.5], "rotation": 90, "texture": "#2"},
				"down": {"uv": [0, 0, 0.25, 2.5], "rotation": 270, "texture": "#2"}
			}
		},
		{
			"from": [9.25, -3.25, 1.25],
			"to": [11.75, -3, 3.75],
			"rotation": {"angle": 0, "axis": "y", "origin": [-0.5, -3.5, 8.5]},
			"faces": {
				"north": {"uv": [0, 0, 0.25, 2.5], "rotation": 90, "texture": "#2"},
				"east": {"uv": [0, 0, 0.25, 2.5], "rotation": 270, "texture": "#2"},
				"south": {"uv": [0, 0, 0.25, 2.5], "rotation": 90, "texture": "#2"},
				"west": {"uv": [0, 0, 0.25, 2.5], "rotation": 90, "texture": "#2"},
				"up": {"uv": [0, 0, 2.5, 2.5], "rotation": 180, "texture": "#2"},
				"down": {"uv": [0, 0, 2.5, 2.5], "texture": "#2"}
			}
		},
		{
			"from": [9.25, 0, 1.25],
			"to": [11.75, 0.25, 3.75],
			"rotation": {"angle": 0, "axis": "y", "origin": [-0.5, -3.5, 8.5]},
			"faces": {
				"north": {"uv": [0, 0, 0.25, 2.5], "rotation": 90, "texture": "#2"},
				"east": {"uv": [0, 0, 0.25, 2.5], "rotation": 270, "texture": "#2"},
				"south": {"uv": [0, 0, 0.25, 2.5], "rotation": 90, "texture": "#2"},
				"west": {"uv": [0, 0, 0.25, 2.5], "rotation": 90, "texture": "#2"},
				"up": {"uv": [0, 0, 2.5, 2.5], "rotation": 180, "texture": "#2"},
				"down": {"uv": [0, 0, 2.5, 2.5], "texture": "#2"}
			}
		},
		{
			"from": [7.04465, -0.31917, 8],
			"to": [18.04465, -0.31917, 20],
			"rotation": {"angle": -22.5, "axis": "z", "origin": [12.54465, -0.31917, 14]},
			"faces": {
				"north": {"uv": [4, 8.5, 12, 8.5], "texture": "#1"},
				"east": {"uv": [4, 8.5, 16, 8.5], "texture": "#1"},
				"south": {"uv": [4, 8.5, 12, 8.5], "texture": "#1"},
				"west": {"uv": [4, 8.5, 16, 8.5], "texture": "#1"},
				"up": {"uv": [0, 8.5, 8, 16], "rotation": 180, "texture": "#1"},
				"down": {"uv": [8, 8.5, 16, 16], "texture": "#1"}
			}
		},
		{
			"from": [-3.61524, 1.81566, 8],
			"to": [7.38476, 1.81566, 20],
			"rotation": {"angle": 22.5, "axis": "z", "origin": [7.5, 2, 14]},
			"faces": {
				"north": {"uv": [4, 8.5, 12, 8.5], "texture": "#1"},
				"east": {"uv": [4, 8.5, 16, 8.5], "texture": "#1"},
				"south": {"uv": [4, 8.5, 12, 8.5], "texture": "#1"},
				"west": {"uv": [4, 8.5, 16, 8.5], "texture": "#1"},
				"up": {"uv": [8, 8.5, 16, 16], "rotation": 180, "texture": "#1"},
				"down": {"uv": [0, 8.5, 8, 16], "texture": "#1"}
			}
		},
		{
			"from": [-1.53631, 0.78552, 19],
			"to": [7.46369, 0.78552, 31],
			"rotation": {"angle": 22.5, "axis": "x", "origin": [7.64631, 1.77881, 19.99518]},
			"faces": {
				"north": {"uv": [4, 8.5, 12, 8.5], "texture": "#1"},
				"east": {"uv": [4, 8.5, 16, 8.5], "texture": "#1"},
				"south": {"uv": [4, 8.5, 12, 8.5], "texture": "#1"},
				"west": {"uv": [4, 8.5, 16, 8.5], "texture": "#1"},
				"up": {"uv": [8, 1, 16, 8.5], "rotation": 180, "texture": "#1"},
				"down": {"uv": [0, 1, 8, 8.5], "texture": "#1"}
			}
		},
		{
			"from": [7.46369, 0.40055, 18.9257],
			"to": [17.46369, 0.40055, 30.9257],
			"rotation": {"angle": 22.5, "axis": "x", "origin": [7.78107, 1.40726, 20.93051]},
			"faces": {
				"north": {"uv": [4, 8.5, 12, 8.5], "texture": "#1"},
				"east": {"uv": [4, 8.5, 16, 8.5], "texture": "#1"},
				"south": {"uv": [4, 8.5, 12, 8.5], "texture": "#1"},
				"west": {"uv": [4, 8.5, 16, 8.5], "texture": "#1"},
				"up": {"uv": [0, 1, 8, 8.5], "rotation": 180, "texture": "#1"},
				"down": {"uv": [8, 1, 16, 8.5], "texture": "#1"}
			}
		},
		{
			"from": [7.61524, -7.63279, 29.62289],
			"to": [15.61524, -2.63279, 29.62289],
			"rotation": {"angle": 22.5, "axis": "y", "origin": [7.68262, -5.12797, 29.6296]},
			"faces": {
				"north": {"uv": [8, 0, 16, 2.625], "rotation": 180, "texture": "#1"},
				"east": {"uv": [4, 8.5, 16, 8.5], "rotation": 90, "texture": "#1"},
				"south": {"uv": [0, 0, 8, 2.625], "rotation": 180, "texture": "#1"},
				"west": {"uv": [4, 8.5, 16, 8.5], "rotation": 270, "texture": "#1"},
				"up": {"uv": [4, 8.5, 12, 8.5], "texture": "#1"},
				"down": {"uv": [4, 8.5, 12, 8.5], "rotation": 180, "texture": "#1"}
			}
		},
		{
			"from": [-1.25, -7.62316, 29.63631],
			"to": [7.75, -2.62316, 29.63631],
			"rotation": {"angle": -22.5, "axis": "y", "origin": [7.68262, -5.12797, 29.6296]},
			"faces": {
				"north": {"uv": [0, 0, 8, 2.625], "rotation": 180, "texture": "#1"},
				"east": {"uv": [4, 8.5, 16, 8.5], "rotation": 90, "texture": "#1"},
				"south": {"uv": [8, 0, 16, 2.625], "rotation": 180, "texture": "#1"},
				"west": {"uv": [4, 8.5, 16, 8.5], "rotation": 270, "texture": "#1"},
				"up": {"uv": [4, 8.5, 12, 8.5], "texture": "#1"},
				"down": {"uv": [4, 8.5, 12, 8.5], "rotation": 180, "texture": "#1"}
			}
		},
		{
			"from": [-4.45376, 1.40294, 6.15921],
			"to": [7.54624, 1.40294, 17.15921],
			"rotation": {"angle": 22.5, "axis": "x", "origin": [7.54784, -2.81639, 7.9984]},
			"faces": {
				"north": {"uv": [4, 8.5, 16, 8.5], "texture": "#1"},
				"east": {"uv": [4, 8.5, 12, 8.5], "texture": "#1"},
				"south": {"uv": [4, 8.5, 16, 8.5], "texture": "#1"},
				"west": {"uv": [4, 8.5, 12, 8.5], "texture": "#1"},
				"up": {"uv": [0, 8.5, 8, 16], "rotation": 270, "texture": "#1"},
				"down": {"uv": [8, 8.5, 16, 16], "rotation": 270, "texture": "#1"}
			}
		},
		{
			"from": [-4.45376, 1.46734, -1.31788],
			"to": [7.54624, 1.46734, 9.68212],
			"rotation": {"angle": -22.5, "axis": "x", "origin": [7.54784, -2.81639, 7.9984]},
			"faces": {
				"north": {"uv": [4, 8.5, 16, 8.5], "texture": "#1"},
				"east": {"uv": [4, 8.5, 12, 8.5], "texture": "#1"},
				"south": {"uv": [4, 8.5, 16, 8.5], "texture": "#1"},
				"west": {"uv": [4, 8.5, 12, 8.5], "texture": "#1"},
				"up": {"uv": [8, 8.5, 16, 16], "rotation": 270, "texture": "#1"},
				"down": {"uv": [0, 8.5, 8, 16], "rotation": 270, "texture": "#1"}
			}
		},
		{
			"from": [-14.78206, -0.4733, -1.08574],
			"to": [-2.78206, -0.4733, 7.91426],
			"rotation": {"angle": 22.5, "axis": "z", "origin": [-6.7804, 1.02732, 8.16426]},
			"faces": {
				"north": {"uv": [4, 8.5, 16, 8.5], "texture": "#1"},
				"east": {"uv": [4, 8.5, 12, 8.5], "texture": "#1"},
				"south": {"uv": [4, 8.5, 16, 8.5], "texture": "#1"},
				"west": {"uv": [4, 8.5, 12, 8.5], "texture": "#1"},
				"up": {"uv": [8, 1, 16, 8.5], "rotation": 270, "texture": "#1"},
				"down": {"uv": [0, 1, 8, 8.5], "rotation": 270, "texture": "#1"}
			}
		},
		{
			"from": [-14.77874, -0.47205, 7.91426],
			"to": [-2.77874, -0.47205, 17.91426],
			"rotation": {"angle": 22.5, "axis": "z", "origin": [-6.7804, 1.02732, 8.16426]},
			"faces": {
				"north": {"uv": [4, 8.5, 16, 8.5], "texture": "#1"},
				"east": {"uv": [4, 8.5, 12, 8.5], "texture": "#1"},
				"south": {"uv": [4, 8.5, 16, 8.5], "texture": "#1"},
				"west": {"uv": [4, 8.5, 12, 8.5], "texture": "#1"},
				"up": {"uv": [0, 1, 8, 8.5], "rotation": 270, "texture": "#1"},
				"down": {"uv": [8, 1, 16, 8.5], "rotation": 270, "texture": "#1"}
			}
		},
		{
			"from": [-11.98166, -7.63279, -0.22236],
			"to": [-11.98166, -2.63279, 7.77764],
			"rotation": {"angle": 22.5, "axis": "y", "origin": [8.04784, -2.81639, 7.9984]},
			"faces": {
				"north": {"uv": [4, 8.5, 16, 8.5], "rotation": 270, "texture": "#1"},
				"east": {"uv": [8, 0, 16, 2.625], "rotation": 180, "texture": "#1"},
				"south": {"uv": [4, 8.5, 16, 8.5], "rotation": 90, "texture": "#1"},
				"west": {"uv": [0, 0, 8, 2.625], "rotation": 180, "texture": "#1"},
				"up": {"uv": [4, 8.5, 12, 8.5], "rotation": 90, "texture": "#1"},
				"down": {"uv": [4, 8.5, 12, 8.5], "rotation": 90, "texture": "#1"}
			}
		},
		{
			"from": [-11.89192, -7.62316, 7.46821],
			"to": [-11.89192, -2.62316, 16.46821],
			"rotation": {"angle": -22.5, "axis": "y", "origin": [8.04784, -2.81639, 7.9984]},
			"faces": {
				"north": {"uv": [4, 8.5, 16, 8.5], "rotation": 270, "texture": "#1"},
				"east": {"uv": [0, 0, 8, 2.625], "rotation": 180, "texture": "#1"},
				"south": {"uv": [4, 8.5, 16, 8.5], "rotation": 90, "texture": "#1"},
				"west": {"uv": [8, 0, 16, 2.625], "rotation": 180, "texture": "#1"},
				"up": {"uv": [4, 8.5, 12, 8.5], "rotation": 90, "texture": "#1"},
				"down": {"uv": [4, 8.5, 12, 8.5], "rotation": 90, "texture": "#1"}
			}
		},
		{
			"from": [-1.25, -8.12316, -13.61369],
			"to": [7.75, -3.12316, -13.61369],
			"rotation": {"angle": 22.5, "axis": "y", "origin": [7.68262, -5.62797, -13.6204]},
			"faces": {
				"north": {"uv": [0, 0, 8, 2.625], "rotation": 180, "texture": "#1"},
				"east": {"uv": [4, 8.5, 16, 8.5], "rotation": 90, "texture": "#1"},
				"south": {"uv": [8, 0, 16, 2.625], "rotation": 180, "texture": "#1"},
				"west": {"uv": [4, 8.5, 16, 8.5], "rotation": 270, "texture": "#1"},
				"up": {"uv": [4, 8.5, 12, 8.5], "texture": "#1"},
				"down": {"uv": [4, 8.5, 12, 8.5], "rotation": 180, "texture": "#1"}
			}
		},
		{
			"from": [-3, 0, -4],
			"to": [8, 0, 8],
			"rotation": {"angle": 22.5, "axis": "z", "origin": [2.5, 0, 2]},
			"faces": {
				"north": {"uv": [4, 8.5, 12, 8.5], "texture": "#1"},
				"east": {"uv": [4, 8.5, 16, 8.5], "texture": "#1"},
				"south": {"uv": [4, 8.5, 12, 8.5], "texture": "#1"},
				"west": {"uv": [4, 8.5, 16, 8.5], "texture": "#1"},
				"up": {"uv": [0, 8.5, 8, 16], "texture": "#1"},
				"down": {"uv": [8, 8.5, 16, 16], "rotation": 180, "texture": "#1"}
			}
		},
		{
			"from": [7.61524, 2.06566, -4],
			"to": [18.61524, 2.06566, 8],
			"rotation": {"angle": -22.5, "axis": "z", "origin": [7.5, 2, 2]},
			"faces": {
				"north": {"uv": [4, 8.5, 12, 8.5], "texture": "#1"},
				"east": {"uv": [4, 8.5, 16, 8.5], "texture": "#1"},
				"south": {"uv": [4, 8.5, 12, 8.5], "texture": "#1"},
				"west": {"uv": [4, 8.5, 16, 8.5], "texture": "#1"},
				"up": {"uv": [8, 8.5, 16, 16], "texture": "#1"},
				"down": {"uv": [0, 8.5, 8, 16], "rotation": 180, "texture": "#1"}
			}
		},
		{
			"from": [7.61524, -1.15934, -15.025],
			"to": [16.61524, -1.15934, -3.025],
			"rotation": {"angle": -22.5, "axis": "x", "origin": [7.5, 1.5, -9.25]},
			"faces": {
				"north": {"uv": [4, 8.5, 12, 8.5], "texture": "#1"},
				"east": {"uv": [4, 8.5, 16, 8.5], "texture": "#1"},
				"south": {"uv": [4, 8.5, 12, 8.5], "texture": "#1"},
				"west": {"uv": [4, 8.5, 16, 8.5], "texture": "#1"},
				"up": {"uv": [8, 1, 16, 8.5], "texture": "#1"},
				"down": {"uv": [0, 1, 8, 8.5], "rotation": 180, "texture": "#1"}
			}
		},
		{
			"from": [-2.25, -1.325, -14.25],
			"to": [7.75, -1.325, -2.25],
			"rotation": {"angle": -22.5, "axis": "x", "origin": [2.5, -0.5, -9.25]},
			"faces": {
				"north": {"uv": [4, 8.5, 12, 8.5], "texture": "#1"},
				"east": {"uv": [4, 8.5, 16, 8.5], "texture": "#1"},
				"south": {"uv": [4, 8.5, 12, 8.5], "texture": "#1"},
				"west": {"uv": [4, 8.5, 16, 8.5], "texture": "#1"},
				"up": {"uv": [0, 1, 8, 8.5], "texture": "#1"},
				"down": {"uv": [8, 1, 16, 8.5], "rotation": 180, "texture": "#1"}
			}
		},
		{
			"from": [7.61524, -8.13279, -13.62711],
			"to": [15.61524, -3.13279, -13.62711],
			"rotation": {"angle": -22.5, "axis": "y", "origin": [7.68262, -5.62797, -13.6204]},
			"faces": {
				"north": {"uv": [8, 0, 16, 2.625], "rotation": 180, "texture": "#1"},
				"east": {"uv": [4, 8.5, 16, 8.5], "rotation": 90, "texture": "#1"},
				"south": {"uv": [0, 0, 8, 2.625], "rotation": 180, "texture": "#1"},
				"west": {"uv": [4, 8.5, 16, 8.5], "rotation": 270, "texture": "#1"},
				"up": {"uv": [4, 8.5, 12, 8.5], "texture": "#1"},
				"down": {"uv": [4, 8.5, 12, 8.5], "rotation": 180, "texture": "#1"}
			}
		},
		{
			"from": [7.54624, 1.71734, -1.0874],
			"to": [19.54624, 1.71734, 9.9126],
			"rotation": {"angle": -22.5, "axis": "x", "origin": [7.54784, -2.81639, 7.9984]},
			"faces": {
				"north": {"uv": [4, 8.5, 16, 8.5], "texture": "#1"},
				"east": {"uv": [4, 8.5, 12, 8.5], "texture": "#1"},
				"south": {"uv": [4, 8.5, 16, 8.5], "texture": "#1"},
				"west": {"uv": [4, 8.5, 12, 8.5], "texture": "#1"},
				"up": {"uv": [0, 8.5, 8, 16], "rotation": 90, "texture": "#1"},
				"down": {"uv": [8, 8.5, 16, 16], "rotation": 90, "texture": "#1"}
			}
		},
		{
			"from": [7.54624, 1.68073, 6.22629],
			"to": [19.54624, 1.68073, 17.22629],
			"rotation": {"angle": 22.5, "axis": "x", "origin": [7.54784, -2.81639, 7.9984]},
			"faces": {
				"north": {"uv": [4, 8.5, 16, 8.5], "texture": "#1"},
				"east": {"uv": [4, 8.5, 12, 8.5], "texture": "#1"},
				"south": {"uv": [4, 8.5, 16, 8.5], "texture": "#1"},
				"west": {"uv": [4, 8.5, 12, 8.5], "texture": "#1"},
				"up": {"uv": [8, 8.5, 16, 16], "rotation": 90, "texture": "#1"},
				"down": {"uv": [0, 8.5, 8, 16], "rotation": 90, "texture": "#1"}
			}
		},
		{
			"from": [17.55587, -0.9701, 7.94778],
			"to": [29.55587, -0.9701, 16.94778],
			"rotation": {"angle": -22.5, "axis": "z", "origin": [23.55105, 1.0232, 7.76516]},
			"faces": {
				"north": {"uv": [4, 8.5, 16, 8.5], "texture": "#1"},
				"east": {"uv": [4, 8.5, 12, 8.5], "texture": "#1"},
				"south": {"uv": [4, 8.5, 16, 8.5], "texture": "#1"},
				"west": {"uv": [4, 8.5, 12, 8.5], "texture": "#1"},
				"up": {"uv": [8, 1, 16, 8.5], "rotation": 90, "texture": "#1"},
				"down": {"uv": [0, 1, 8, 8.5], "rotation": 90, "texture": "#1"}
			}
		},
		{
			"from": [17.54624, -0.98351, -1.91746],
			"to": [29.54624, -0.98351, 8.08254],
			"rotation": {"angle": -22.5, "axis": "z", "origin": [23.55105, 1.0232, 7.76516]},
			"faces": {
				"north": {"uv": [4, 8.5, 16, 8.5], "texture": "#1"},
				"east": {"uv": [4, 8.5, 12, 8.5], "texture": "#1"},
				"south": {"uv": [4, 8.5, 16, 8.5], "texture": "#1"},
				"west": {"uv": [4, 8.5, 12, 8.5], "texture": "#1"},
				"up": {"uv": [0, 1, 8, 8.5], "rotation": 90, "texture": "#1"},
				"down": {"uv": [8, 1, 16, 8.5], "rotation": 90, "texture": "#1"}
			}
		},
		{
			"from": [26.57929, -7.88279, -0.21761],
			"to": [26.57929, -2.88279, 7.78239],
			"rotation": {"angle": -22.5, "axis": "y", "origin": [6.54784, -2.56639, 7.9984]},
			"faces": {
				"north": {"uv": [4, 8.5, 16, 8.5], "rotation": 270, "texture": "#1"},
				"east": {"uv": [8, 0, 16, 2.625], "rotation": 180, "texture": "#1"},
				"south": {"uv": [4, 8.5, 16, 8.5], "rotation": 90, "texture": "#1"},
				"west": {"uv": [0, 0, 8, 2.625], "rotation": 180, "texture": "#1"},
				"up": {"uv": [4, 8.5, 12, 8.5], "rotation": 90, "texture": "#1"},
				"down": {"uv": [4, 8.5, 12, 8.5], "rotation": 90, "texture": "#1"}
			}
		},
		{
			"from": [26.46271, -7.87316, 7.46346],
			"to": [26.46271, -2.87316, 16.46346],
			"rotation": {"angle": 22.5, "axis": "y", "origin": [6.54784, -2.56639, 7.9984]},
			"faces": {
				"north": {"uv": [4, 8.5, 16, 8.5], "rotation": 270, "texture": "#1"},
				"east": {"uv": [0, 0, 8, 2.625], "rotation": 180, "texture": "#1"},
				"south": {"uv": [4, 8.5, 16, 8.5], "rotation": 90, "texture": "#1"},
				"west": {"uv": [8, 0, 16, 2.625], "rotation": 180, "texture": "#1"},
				"up": {"uv": [4, 8.5, 12, 8.5], "rotation": 90, "texture": "#1"},
				"down": {"uv": [4, 8.5, 12, 8.5], "rotation": 90, "texture": "#1"}
			}
		},
		{
			"from": [9, 3.23684, -1.12132],
			"to": [32, 3.23684, 16.87868],
			"rotation": {"angle": 45, "axis": "z", "origin": [17.22863, -3.76316, 23]},
			"faces": {
				"north": {"uv": [0, 0, 16, 0], "texture": "#1"},
				"east": {"uv": [0, 0, 13, 0], "texture": "#1"},
				"south": {"uv": [0, 0, 16, 0], "texture": "#1"},
				"west": {"uv": [0, 0, 13, 0], "texture": "#1"},
				"up": {"uv": [0, 0, 16, 16], "rotation": 90, "texture": "#1"},
				"down": {"uv": [0, 0, 13, 16], "rotation": 90, "texture": "#1"}
			}
		},
		{
			"from": [7.15076, 2, -0.12132],
			"to": [30.15076, 2, 17.87868],
			"rotation": {"angle": 45, "axis": "y", "origin": [6, -4, 7]},
			"faces": {
				"north": {"uv": [0, 0, 16, 0], "texture": "#1"},
				"east": {"uv": [0, 0, 13, 0], "texture": "#1"},
				"south": {"uv": [0, 0, 16, 0], "texture": "#1"},
				"west": {"uv": [0, 0, 13, 0], "texture": "#1"},
				"up": {"uv": [0, 0, 16, 16], "rotation": 90, "texture": "#1"},
				"down": {"uv": [0, 0, 13, 16], "rotation": 90, "texture": "#1"}
			}
		},
		{
			"from": [-15.02944, 2, -1.58579],
			"to": [7.97056, 2, 16.41421],
			"rotation": {"angle": -45, "axis": "y", "origin": [8, -4, 8]},
			"faces": {
				"north": {"uv": [0, 0, 16, 0], "texture": "#1"},
				"east": {"uv": [0, 0, 13, 0], "texture": "#1"},
				"south": {"uv": [0, 0, 16, 0], "texture": "#1"},
				"west": {"uv": [0, 0, 13, 0], "texture": "#1"},
				"up": {"uv": [0, 0, 16, 16], "rotation": 270, "texture": "#1"},
				"down": {"uv": [0, 0, 13, 16], "rotation": 270, "texture": "#1"}
			}
		},
		{
			"from": [-0.75736, 2, 8.44365],
			"to": [17.24264, 2, 31.44365],
			"rotation": {"angle": -45, "axis": "y", "origin": [8, -4, 8]},
			"faces": {
				"north": {"uv": [0, 0, 13, 0], "texture": "#1"},
				"east": {"uv": [0, 0, 16, 0], "texture": "#1"},
				"south": {"uv": [0, 0, 13, 0], "texture": "#1"},
				"west": {"uv": [0, 0, 16, 0], "texture": "#1"},
				"up": {"uv": [0, 0, 16, 16], "rotation": 180, "texture": "#1"},
				"down": {"uv": [0, 0, 13, 16], "texture": "#1"}
			}
		},
		{
			"from": [-1.58579, 3, 8.02944],
			"to": [16.41421, 3, 31.02944],
			"rotation": {"angle": 22.5, "axis": "y", "origin": [8, -3, 8]},
			"faces": {
				"north": {"uv": [0, 0, 13, 0], "texture": "#1"},
				"east": {"uv": [0, 0, 16, 0], "texture": "#1"},
				"south": {"uv": [0, 0, 13, 0], "texture": "#1"},
				"west": {"uv": [0, 0, 16, 0], "texture": "#1"},
				"up": {"uv": [0, 0, 16, 16], "rotation": 180, "texture": "#1"},
				"down": {"uv": [0, 0, 13, 16], "texture": "#1"}
			}
		},
		{
			"from": [8.44365, 3, -1.24264],
			"to": [31.44365, 3, 16.75736],
			"rotation": {"angle": 22.5, "axis": "y", "origin": [8, -3, 8]},
			"faces": {
				"north": {"uv": [0, 0, 16, 0], "texture": "#1"},
				"east": {"uv": [0, 0, 13, 0], "texture": "#1"},
				"south": {"uv": [0, 0, 16, 0], "texture": "#1"},
				"west": {"uv": [0, 0, 13, 0], "texture": "#1"},
				"up": {"uv": [0, 0, 16, 16], "rotation": 90, "texture": "#1"},
				"down": {"uv": [0, 0, 16, 13], "rotation": 90, "texture": "#1"}
			}
		},
		{
			"from": [-15.44365, 3, -0.75736],
			"to": [7.55635, 3, 17.24264],
			"rotation": {"angle": 22.5, "axis": "y", "origin": [8, -3, 8]},
			"faces": {
				"north": {"uv": [0, 0, 16, 0], "texture": "#1"},
				"east": {"uv": [0, 0, 13, 0], "texture": "#1"},
				"south": {"uv": [0, 0, 16, 0], "texture": "#1"},
				"west": {"uv": [0, 0, 13, 0], "texture": "#1"},
				"up": {"uv": [0, 0, 16, 16], "rotation": 270, "texture": "#1"},
				"down": {"uv": [0, 0, 16, 13], "rotation": 270, "texture": "#1"}
			}
		},
		{
			"from": [8.44365, 0, -1.24264],
			"to": [31.44365, 0, 16.75736],
			"rotation": {"angle": -22.5, "axis": "y", "origin": [8, -3, 8]},
			"faces": {
				"north": {"uv": [0, 0, 16, 0], "texture": "#1"},
				"east": {"uv": [0, 0, 13, 0], "texture": "#1"},
				"south": {"uv": [0, 0, 16, 0], "texture": "#1"},
				"west": {"uv": [0, 0, 13, 0], "texture": "#1"},
				"up": {"uv": [0, 0, 16, 16], "rotation": 90, "texture": "#1"},
				"down": {"uv": [0, 0, 16, 13], "rotation": 90, "texture": "#1"}
			}
		},
		{
			"from": [-15.44365, 0, -0.75736],
			"to": [7.55635, 0, 17.24264],
			"rotation": {"angle": -22.5, "axis": "y", "origin": [8, -3, 8]},
			"faces": {
				"north": {"uv": [0, 0, 16, 0], "texture": "#1"},
				"east": {"uv": [0, 0, 13, 0], "texture": "#1"},
				"south": {"uv": [0, 0, 16, 0], "texture": "#1"},
				"west": {"uv": [0, 0, 13, 0], "texture": "#1"},
				"up": {"uv": [0, 0, 16, 16], "rotation": 270, "texture": "#1"},
				"down": {"uv": [0, 0, 16, 13], "rotation": 270, "texture": "#1"}
			}
		},
		{
			"from": [-0.41421, -2, -12.02944],
			"to": [17.58579, -2, 10.97056],
			"rotation": {"angle": 45, "axis": "x", "origin": [8, -3, 8]},
			"faces": {
				"north": {"uv": [0, 0, 13, 0], "texture": "#1"},
				"east": {"uv": [0, 0, 16, 0], "texture": "#1"},
				"south": {"uv": [0, 0, 13, 0], "texture": "#1"},
				"west": {"uv": [0, 0, 16, 0], "texture": "#1"},
				"up": {"uv": [0, 0, 16, 16], "texture": "#1"},
				"down": {"uv": [0, 0, 13, 16], "rotation": 180, "texture": "#1"}
			}
		},
		{
			"from": [-0.41421, -5.97056, 8],
			"to": [17.58579, 17.02944, 8],
			"rotation": {"angle": 45, "axis": "x", "origin": [8, -3, 8]},
			"faces": {
				"north": {"uv": [0, 0, 13, 16], "texture": "#1"},
				"east": {"uv": [0, 0, 16, 0], "rotation": 270, "texture": "#1"},
				"south": {"uv": [0, 0, 16, 16], "texture": "#1"},
				"west": {"uv": [0, 0, 16, 0], "rotation": 90, "texture": "#1"},
				"up": {"uv": [0, 0, 13, 0], "rotation": 180, "texture": "#1"},
				"down": {"uv": [0, 0, 13, 0], "texture": "#1"}
			}
		},
		{
			"from": [5.02944, -1, -0.41421],
			"to": [28.02944, -1, 17.58579],
			"rotation": {"angle": 45, "axis": "z", "origin": [8, -3, 8]},
			"faces": {
				"north": {"uv": [0, 0, 16, 0], "texture": "#1"},
				"east": {"uv": [0, 0, 13, 0], "texture": "#1"},
				"south": {"uv": [0, 0, 16, 0], "texture": "#1"},
				"west": {"uv": [0, 0, 13, 0], "texture": "#1"},
				"up": {"uv": [0, 0, 16, 16], "rotation": 90, "texture": "#1"},
				"down": {"uv": [0, 0, 13, 16], "rotation": 90, "texture": "#1"}
			}
		},
		{
			"from": [8, -4.97056, -0.41421],
			"to": [8, 18.02944, 17.58579],
			"rotation": {"angle": 45, "axis": "z", "origin": [8, -3, 8]},
			"faces": {
				"north": {"uv": [0, 0, 16, 0], "rotation": 90, "texture": "#1"},
				"east": {"uv": [0, 0, 13, 16], "texture": "#1"},
				"south": {"uv": [0, 0, 16, 0], "rotation": 270, "texture": "#1"},
				"west": {"uv": [0, 0, 16, 16], "texture": "#1"},
				"up": {"uv": [0, 0, 13, 0], "rotation": 270, "texture": "#1"},
				"down": {"uv": [0, 0, 13, 0], "rotation": 270, "texture": "#1"}
			}
		},
		{
			"from": [-1.58579, 3, 8.02944],
			"to": [16.41421, 3, 31.02944],
			"rotation": {"angle": 22.5, "axis": "y", "origin": [8, -3, 8]},
			"faces": {
				"north": {"uv": [0, 0, 13, 0], "texture": "#1"},
				"east": {"uv": [0, 0, 16, 0], "texture": "#1"},
				"south": {"uv": [0, 0, 13, 0], "texture": "#1"},
				"west": {"uv": [0, 0, 16, 0], "texture": "#1"},
				"up": {"uv": [0, 0, 16, 16], "rotation": 180, "texture": "#1"},
				"down": {"uv": [0, 0, 13, 16], "texture": "#1"}
			}
		},
		{
			"from": [8.44365, 3, -1.24264],
			"to": [31.44365, 3, 16.75736],
			"rotation": {"angle": 22.5, "axis": "y", "origin": [8, -3, 8]},
			"faces": {
				"north": {"uv": [0, 0, 16, 0], "texture": "#1"},
				"east": {"uv": [0, 0, 13, 0], "texture": "#1"},
				"south": {"uv": [0, 0, 16, 0], "texture": "#1"},
				"west": {"uv": [0, 0, 13, 0], "texture": "#1"},
				"up": {"uv": [0, 0, 16, 16], "rotation": 90, "texture": "#1"},
				"down": {"uv": [0, 0, 16, 13], "rotation": 90, "texture": "#1"}
			}
		},
		{
			"from": [-15.44365, 3, -0.75736],
			"to": [7.55635, 3, 17.24264],
			"rotation": {"angle": 22.5, "axis": "y", "origin": [8, -3, 8]},
			"faces": {
				"north": {"uv": [0, 0, 16, 0], "texture": "#1"},
				"east": {"uv": [0, 0, 13, 0], "texture": "#1"},
				"south": {"uv": [0, 0, 16, 0], "texture": "#1"},
				"west": {"uv": [0, 0, 13, 0], "texture": "#1"},
				"up": {"uv": [0, 0, 16, 16], "rotation": 270, "texture": "#1"},
				"down": {"uv": [0, 0, 16, 13], "rotation": 270, "texture": "#1"}
			}
		},
		{
			"from": [8.44365, 0, -1.24264],
			"to": [31.44365, 0, 16.75736],
			"rotation": {"angle": -22.5, "axis": "y", "origin": [8, -3, 8]},
			"faces": {
				"north": {"uv": [0, 0, 16, 0], "texture": "#1"},
				"east": {"uv": [0, 0, 13, 0], "texture": "#1"},
				"south": {"uv": [0, 0, 16, 0], "texture": "#1"},
				"west": {"uv": [0, 0, 13, 0], "texture": "#1"},
				"up": {"uv": [0, 0, 16, 16], "rotation": 90, "texture": "#1"},
				"down": {"uv": [0, 0, 16, 13], "rotation": 90, "texture": "#1"}
			}
		},
		{
			"from": [-15.44365, 0, -0.75736],
			"to": [7.55635, 0, 17.24264],
			"rotation": {"angle": -22.5, "axis": "y", "origin": [8, -3, 8]},
			"faces": {
				"north": {"uv": [0, 0, 16, 0], "texture": "#1"},
				"east": {"uv": [0, 0, 13, 0], "texture": "#1"},
				"south": {"uv": [0, 0, 16, 0], "texture": "#1"},
				"west": {"uv": [0, 0, 13, 0], "texture": "#1"},
				"up": {"uv": [0, 0, 16, 16], "rotation": 270, "texture": "#1"},
				"down": {"uv": [0, 0, 16, 13], "rotation": 270, "texture": "#1"}
			}
		},
		{
			"from": [-0.41421, 3, -15.02944],
			"to": [17.58579, 3, 7.97056],
			"rotation": {"angle": 45, "axis": "x", "origin": [8, -3, 8]},
			"faces": {
				"north": {"uv": [0, 0, 13, 0], "texture": "#1"},
				"east": {"uv": [0, 0, 16, 0], "texture": "#1"},
				"south": {"uv": [0, 0, 13, 0], "texture": "#1"},
				"west": {"uv": [0, 0, 16, 0], "texture": "#1"},
				"up": {"uv": [0, 0, 16, 16], "texture": "#1"},
				"down": {"uv": [0, 0, 13, 16], "rotation": 180, "texture": "#1"}
			}
		},
		{
			"from": [-0.41421, -0.97056, 5],
			"to": [17.58579, 22.02944, 5],
			"rotation": {"angle": 22.5, "axis": "x", "origin": [8, -3, 8]},
			"faces": {
				"north": {"uv": [0, 0, 13, 16], "texture": "#1"},
				"east": {"uv": [0, 0, 16, 0], "rotation": 270, "texture": "#1"},
				"south": {"uv": [0, 0, 16, 16], "texture": "#1"},
				"west": {"uv": [0, 0, 16, 0], "rotation": 90, "texture": "#1"},
				"up": {"uv": [0, 0, 13, 0], "rotation": 180, "texture": "#1"},
				"down": {"uv": [0, 0, 13, 0], "texture": "#1"}
			}
		},
		{
			"from": [-7.70377, -1.56805, -0.83574],
			"to": [13.93061, -1.56805, 8.16426],
			"rotation": {"angle": 45, "axis": "z", "origin": [7.29783, -4.49258, 7.9984]},
			"faces": {
				"north": {"uv": [4, 8.5, 16, 8.5], "texture": "#1"},
				"east": {"uv": [4, 8.5, 12, 8.5], "texture": "#1"},
				"south": {"uv": [4, 8.5, 16, 8.5], "texture": "#1"},
				"west": {"uv": [4, 8.5, 12, 8.5], "texture": "#1"},
				"up": {"uv": [8, 0, 16, 16], "rotation": 270, "texture": "#1"},
				"down": {"uv": [0, 0, 8, 16], "rotation": 270, "texture": "#1"}
			}
		},
		{
			"from": [-7.70377, -1.5668, 8.16426],
			"to": [13.93392, -1.5668, 18.16426],
			"rotation": {"angle": 45, "axis": "z", "origin": [7.29783, -4.49258, 7.9984]},
			"faces": {
				"north": {"uv": [4, 8.5, 16, 8.5], "texture": "#1"},
				"east": {"uv": [4, 8.5, 12, 8.5], "texture": "#1"},
				"south": {"uv": [4, 8.5, 16, 8.5], "texture": "#1"},
				"west": {"uv": [4, 8.5, 12, 8.5], "texture": "#1"},
				"up": {"uv": [0, 0, 8, 16], "rotation": 270, "texture": "#1"},
				"down": {"uv": [8, 0, 16, 16], "rotation": 270, "texture": "#1"}
			}
		},
		{
			"from": [7.79351, 2.03116, 6.77504],
			"to": [29.4312, 2.03116, 16.77504],
			"rotation": {"angle": -45, "axis": "z", "origin": [7.71369, 2.61757, 7.02504]},
			"faces": {
				"north": {"uv": [4, 8.5, 16, 8.5], "rotation": 180, "texture": "#1"},
				"east": {"uv": [4, 8.5, 12, 8.5], "rotation": 180, "texture": "#1"},
				"south": {"uv": [4, 8.5, 16, 8.5], "rotation": 180, "texture": "#1"},
				"west": {"uv": [4, 8.5, 12, 8.5], "rotation": 180, "texture": "#1"},
				"up": {"uv": [8, 0, 16, 16], "rotation": 90, "texture": "#1"},
				"down": {"uv": [0, 0, 8, 16], "rotation": 90, "texture": "#1"}
			}
		},
		{
			"from": [7.79683, 2.03241, -2.22496],
			"to": [29.4312, 2.03241, 6.77504],
			"rotation": {"angle": -45, "axis": "z", "origin": [7.71369, 2.61757, 7.02504]},
			"faces": {
				"north": {"uv": [4, 8.5, 16, 8.5], "rotation": 180, "texture": "#1"},
				"east": {"uv": [4, 8.5, 12, 8.5], "rotation": 180, "texture": "#1"},
				"south": {"uv": [4, 8.5, 16, 8.5], "rotation": 180, "texture": "#1"},
				"west": {"uv": [4, 8.5, 12, 8.5], "rotation": 180, "texture": "#1"},
				"up": {"uv": [0, 0, 8, 16], "rotation": 90, "texture": "#1"},
				"down": {"uv": [8, 0, 16, 16], "rotation": 90, "texture": "#1"}
			}
		},
		{
			"from": [-1.53631, -1.56805, 1.36563],
			"to": [7.46369, -1.56805, 23],
			"rotation": {"angle": 45, "axis": "x", "origin": [7.29783, -4.49258, 7.9984]},
			"faces": {
				"north": {"uv": [4, 8.5, 12, 8.5], "texture": "#1"},
				"east": {"uv": [4, 8.5, 16, 8.5], "texture": "#1"},
				"south": {"uv": [4, 8.5, 12, 8.5], "texture": "#1"},
				"west": {"uv": [4, 8.5, 16, 8.5], "texture": "#1"},
				"up": {"uv": [8, 0, 16, 16], "rotation": 180, "texture": "#1"},
				"down": {"uv": [0, 0, 8, 16], "texture": "#1"}
			}
		},
		{
			"from": [7.46369, -1.5668, 1.36231],
			"to": [17.46369, -1.5668, 23],
			"rotation": {"angle": 45, "axis": "x", "origin": [7.29783, -4.49258, 7.9984]},
			"faces": {
				"north": {"uv": [4, 8.5, 12, 8.5], "texture": "#1"},
				"east": {"uv": [4, 8.5, 16, 8.5], "texture": "#1"},
				"south": {"uv": [4, 8.5, 12, 8.5], "texture": "#1"},
				"west": {"uv": [4, 8.5, 16, 8.5], "texture": "#1"},
				"up": {"uv": [0, 0, 8, 16], "rotation": 180, "texture": "#1"},
				"down": {"uv": [8, 0, 16, 16], "texture": "#1"}
			}
		},
		{
			"from": [7.46369, 2.03116, -14.69247],
			"to": [17.46369, 2.03116, 6.94522],
			"rotation": {"angle": -45, "axis": "x", "origin": [7.71369, 2.61757, 7.02504]},
			"faces": {
				"north": {"uv": [4, 8.5, 12, 8.5], "rotation": 180, "texture": "#1"},
				"east": {"uv": [4, 8.5, 16, 8.5], "rotation": 180, "texture": "#1"},
				"south": {"uv": [4, 8.5, 12, 8.5], "rotation": 180, "texture": "#1"},
				"west": {"uv": [4, 8.5, 16, 8.5], "rotation": 180, "texture": "#1"},
				"up": {"uv": [8, 0, 16, 16], "texture": "#1"},
				"down": {"uv": [0, 0, 8, 16], "rotation": 180, "texture": "#1"}
			}
		},
		{
			"from": [-1.53631, 2.03241, -14.69247],
			"to": [7.46369, 2.03241, 6.9419],
			"rotation": {"angle": -45, "axis": "x", "origin": [7.71369, 2.61757, 7.02504]},
			"faces": {
				"north": {"uv": [4, 8.5, 12, 8.5], "rotation": 180, "texture": "#1"},
				"east": {"uv": [4, 8.5, 16, 8.5], "rotation": 180, "texture": "#1"},
				"south": {"uv": [4, 8.5, 12, 8.5], "rotation": 180, "texture": "#1"},
				"west": {"uv": [4, 8.5, 16, 8.5], "rotation": 180, "texture": "#1"},
				"up": {"uv": [0, 0, 8, 16], "texture": "#1"},
				"down": {"uv": [8, 0, 16, 16], "rotation": 180, "texture": "#1"}
			}
		}
	],
	"display": {
		"thirdperson_righthand": {
			"rotation": [75, 45, 0],
			"translation": [0, 2.5, 0],
			"scale": [0.375, 0.375, 0.375]
		},
		"thirdperson_lefthand": {
			"rotation": [75, 45, 0],
			"translation": [0, 2.5, 0],
			"scale": [0.375, 0.375, 0.375]
		},
		"firstperson_righthand": {
			"rotation": [0, 45, 0],
			"scale": [0.4, 0.4, 0.4]
		},
		"firstperson_lefthand": {
			"rotation": [0, 225, 0],
			"scale": [0.4, 0.4, 0.4]
		},
		"ground": {
			"translation": [0, 3, 0],
			"scale": [0.25, 0.25, 0.25]
		},
		"gui": {
			"rotation": [30, 225, 0],
			"translation": [0, 2.25, 0],
			"scale": [0.4, 0.4, 0.4]
		},
		"head": {
			"translation": [0, 15, 0]
		},
		"fixed": {
			"scale": [0.5, 0.5, 0.5]
		}
	},
	"groups": [
		{
			"name": "large_fern",
			"origin": [8, 8, 8],
			"color": 0,
			"children": [
				{
					"name": "Coconut",
					"origin": [-0.5, -3.5, 8.5],
					"color": 0,
					"children": [
						{
							"name": "coconut",
							"origin": [-0.5, -3.5, 8.5],
							"color": 0,
							"children": [0, 1, 2, 3, 4, 5, 6]
						},
						{
							"name": "coconut",
							"origin": [-0.5, -3.5, 8.5],
							"color": 0,
							"children": [7, 8, 9, 10, 11, 12, 13]
						},
						{
							"name": "coconut",
							"origin": [-0.5, -3.5, 8.5],
							"color": 0,
							"children": [14, 15, 16, 17, 18, 19, 20]
						}
					]
				},
				{
					"name": "group",
					"origin": [7.68262, -5.12797, 7.6296],
					"color": 0,
					"children": [21, 22, 23, 24, 25, 26]
				},
				{
					"name": "group",
					"origin": [7.68262, -5.12797, 29.6296],
					"color": 0,
					"children": [27, 28, 29, 30, 31, 32]
				},
				{
					"name": "group",
					"origin": [7.68262, -5.12797, -14.3704],
					"color": 0,
					"children": [33, 34, 35, 36, 37, 38]
				},
				{
					"name": "group",
					"origin": [7.68262, -5.62797, -13.6204],
					"color": 0,
					"children": [39, 40, 41, 42, 43, 44]
				},
				45,
				46,
				47,
				48,
				{
					"name": "group",
					"origin": [8, 0, 8],
					"color": 0,
					"children": [49, 50, 51, 52, 53, 54, 55, 56, 57]
				},
				{
					"name": "group",
					"origin": [8, 0, 8],
					"color": 0,
					"children": [58, 59, 60, 61, 62, 63, 64]
				}
			]
		},
		{
			"name": "large_fern",
			"origin": [8, 8, 8],
			"color": 0,
			"children": [
				{
					"name": "group",
					"origin": [7.68262, -5.12797, 7.6296],
					"color": 0,
					"children": [65, 66, 67, 68, 69, 70, 71, 72]
				}
			]
		}
	]
}