{
	"credit": "Made with Blockbench",
	"parent": "palm_sapling",
	"textures": {
		"1": "prism:block/palm_sapling",
		"particle": "prism:block/wood"
	},
	"elements": [
		{
			"from": [7.075, 0.325, 8.15],
			"to": [8.825, 0.325, 11.15],
			"rotation": {"angle": 45, "axis": "y", "origin": [7.875, 0, 8.375]},
			"faces": {
				"up": {"uv": [9.75, 5.5, 14.75, 12.25], "texture": "#1"},
				"down": {"uv": [9.25, 5.5, 14.25, 12.25], "rotation": 180, "texture": "#1"}
			}
		},
		{
			"from": [5.1, 0.125, 7.575],
			"to": [8.1, 0.125, 9.325],
			"rotation": {"angle": 0, "axis": "y", "origin": [7.875, 0, 8.375]},
			"faces": {
				"up": {"uv": [9.75, 5.5, 14.75, 12.25], "rotation": 90, "texture": "#1"},
				"down": {"uv": [9.25, 5.5, 14.25, 12.25], "rotation": 90, "texture": "#1"}
			}
		},
		{
			"from": [6.925, 0.05, 5.6],
			"to": [8.675, 0.05, 8.6],
			"rotation": {"angle": -22.5, "axis": "y", "origin": [7.875, 0, 8.375]},
			"faces": {
				"up": {"uv": [14.75, 5.5, 9.75, 12.25], "rotation": 180, "texture": "#1"},
				"down": {"uv": [9.25, 5.5, 14.25, 12.25], "texture": "#1"}
			}
		},
		{
			"from": [8, 0, 6.75],
			"to": [8, 6, 9.25],
			"rotation": {"angle": 0, "axis": "y", "origin": [7.75, 2, 8]},
			"faces": {
				"north": {"uv": [1.84615, 0, 7.49551, 16], "texture": "#1"},
				"east": {"uv": [1.84615, 0, 7.49551, 16], "texture": "#1"},
				"south": {"uv": [1.84615, 0, 7.49551, 16], "texture": "#1"},
				"west": {"uv": [1.84615, 0, 7.49551, 16], "texture": "#1"},
				"up": {"uv": [0, 0, 0, 0], "rotation": 180, "texture": "#1"},
				"down": {"uv": [0, 0, 0, 0], "texture": "#1"}
			}
		},
		{
			"from": [6.75, 0, 8],
			"to": [9.25, 6, 8],
			"rotation": {"angle": 0, "axis": "y", "origin": [7.75, 2, 8]},
			"faces": {
				"north": {"uv": [1.84615, 0, 7.49551, 16], "texture": "#1"},
				"east": {"uv": [1.84615, 0, 7.49551, 16], "texture": "#1"},
				"south": {"uv": [1.84615, 0, 7.49551, 16], "texture": "#1"},
				"west": {"uv": [1.84615, 0, 7.49551, 16], "texture": "#1"},
				"up": {"uv": [0, 0, 0, 0], "rotation": 270, "texture": "#1"},
				"down": {"uv": [0, 0, 0, 0], "rotation": 270, "texture": "#1"}
			}
		}
	],
	"display": {
		"thirdperson_righthand": {
			"translation": [0, 3, 1],
			"scale": [0.55, 0.55, 0.55]
		},
		"thirdperson_lefthand": {
			"translation": [0, 3, 1],
			"scale": [0.55, 0.55, 0.55]
		},
		"firstperson_righthand": {
			"rotation": [0, -90, 25],
			"translation": [1.13, 3.2, 1.13],
			"scale": [0.68, 0.68, 0.68]
		},
		"firstperson_lefthand": {
			"rotation": [0, -90, 25],
			"translation": [1.13, 3.2, 1.13],
			"scale": [0.68, 0.68, 0.68]
		},
		"ground": {
			"translation": [0, 2, 0],
			"scale": [0.5, 0.5, 0.5]
		},
		"gui": {
			"rotation": [36, 9, 0],
			"translation": [0, 8.5, 0],
			"scale": [1.8, 1.8, 1.8]
		},
		"head": {
			"rotation": [0, 180, 0],
			"translation": [0, 13, 7]
		},
		"fixed": {
			"rotation": [0, 180, 0]
		}
	}
}