{
	"credit": "Made with Blockbench",
	"textures": {
		"0": "prism:block/wood",
		"1": "prism:block/thatch_roof",
		"2": "prism:block/thatch_roof_side_r",
		"4": "prism:block/hay_bale",
		"particle": "prism:block/wood"
	},
	"elements": [
		{
			"from": [0, 8, 0],
			"to": [1.5, 24, 1.5],
			"rotation": {"angle": 0, "axis": "y", "origin": [0, 8, 0]},
			"faces": {
				"north": {"uv": [0, 0, 1.5, 16], "texture": "#0"},
				"east": {"uv": [0, 0, 1.5, 16], "texture": "#0"},
				"south": {"uv": [0, 0, 1.5, 16], "texture": "#0"},
				"west": {"uv": [0, 0, 1.5, 16], "texture": "#0"},
				"up": {"uv": [0, 0, 1.5, 1.5], "texture": "#0"},
				"down": {"uv": [0, 0, 1.5, 1.5], "texture": "#0"}
			}
		},
		{
			"from": [0, 8, 30.35],
			"to": [1.5, 24, 31.85],
			"rotation": {"angle": 0, "axis": "y", "origin": [0, 8, 0]},
			"faces": {
				"north": {"uv": [7, 0, 8.5, 16], "texture": "#0"},
				"east": {"uv": [7, 0, 8.5, 16], "texture": "#0"},
				"south": {"uv": [7, 0, 8.5, 16], "texture": "#0"},
				"west": {"uv": [7, 0, 8.5, 16], "texture": "#0"},
				"up": {"uv": [7, 0, 8.5, 1.5], "texture": "#0"},
				"down": {"uv": [7, 0, 8.5, 1.5], "texture": "#0"}
			}
		},
		{
			"from": [0, 0, 30.35],
			"to": [1.5, 8, 31.85],
			"rotation": {"angle": 0, "axis": "y", "origin": [0, 8, 0]},
			"faces": {
				"north": {"uv": [7, 0, 8.5, 16], "texture": "#0"},
				"east": {"uv": [7, 0, 8.5, 16], "texture": "#0"},
				"south": {"uv": [7, 0, 8.5, 16], "texture": "#0"},
				"west": {"uv": [7, 0, 8.5, 16], "texture": "#0"},
				"up": {"uv": [7, 0, 8.5, 1.5], "texture": "#0"},
				"down": {"uv": [7, 0, 8.5, 1.5], "texture": "#0"}
			}
		},
		{
			"from": [0, 0, 0],
			"to": [1.5, 8, 1.5],
			"rotation": {"angle": 0, "axis": "y", "origin": [0, 8, 0]},
			"faces": {
				"north": {"uv": [0, 0, 1.5, 8], "texture": "#0"},
				"east": {"uv": [0, 0, 1.5, 8], "texture": "#0"},
				"south": {"uv": [0, 0, 1.5, 8], "texture": "#0"},
				"west": {"uv": [0, 0, 1.5, 8], "texture": "#0"},
				"up": {"uv": [0, 0, 1.5, 1.5], "texture": "#0"},
				"down": {"uv": [0, 0, 1.5, 1.5], "texture": "#0"}
			}
		},
		{
			"from": [0, -16, 30.35],
			"to": [1.5, 0, 31.85],
			"rotation": {"angle": 0, "axis": "y", "origin": [0, 8, 0]},
			"faces": {
				"north": {"uv": [7, 0, 8.5, 16], "texture": "#0"},
				"east": {"uv": [7, 0, 8.5, 16], "texture": "#0"},
				"south": {"uv": [7, 0, 8.5, 16], "texture": "#0"},
				"west": {"uv": [7, 0, 8.5, 16], "texture": "#0"},
				"up": {"uv": [7, 0, 8.5, 1.5], "texture": "#0"},
				"down": {"uv": [7, 0, 8.5, 1.5], "texture": "#0"}
			}
		},
		{
			"from": [0, -16, 0],
			"to": [1.5, 0, 1.5],
			"rotation": {"angle": 0, "axis": "y", "origin": [0, 8, 0]},
			"faces": {
				"north": {"uv": [0, 0, 1.5, 16], "texture": "#0"},
				"east": {"uv": [0, 0, 1.5, 16], "texture": "#0"},
				"south": {"uv": [0, 0, 1.5, 16], "texture": "#0"},
				"west": {"uv": [0, 0, 1.5, 16], "texture": "#0"},
				"up": {"uv": [0, 0, 1.5, 1.5], "texture": "#0"},
				"down": {"uv": [0, 0, 1.5, 1.5], "texture": "#0"}
			}
		},
		{
			"from": [0, 24, 30.35],
			"to": [1.5, 30, 31.85],
			"rotation": {"angle": 0, "axis": "y", "origin": [0, 8, 0]},
			"faces": {
				"north": {"uv": [7, 16, 8.5, 10], "texture": "#0"},
				"east": {"uv": [7, 16, 8.5, 10], "texture": "#0"},
				"south": {"uv": [7, 16, 8.5, 10], "texture": "#0"},
				"west": {"uv": [7, 10, 8.5, 16], "texture": "#0"},
				"up": {"uv": [7, 11.5, 8.5, 10], "texture": "#0"},
				"down": {"uv": [7, 11.5, 8.5, 10], "texture": "#0"}
			}
		},
		{
			"from": [0, 8, 14.35],
			"to": [1.5, 24, 15.85],
			"rotation": {"angle": 0, "axis": "y", "origin": [0, 8, 0]},
			"faces": {
				"north": {"uv": [7, 0, 8.5, 16], "texture": "#0"},
				"east": {"uv": [7, 0, 8.5, 16], "texture": "#0"},
				"south": {"uv": [7, 0, 8.5, 16], "texture": "#0"},
				"west": {"uv": [7, 0, 8.5, 16], "texture": "#0"},
				"up": {"uv": [7, 0, 8.5, 1.5], "texture": "#0"},
				"down": {"uv": [7, 0, 8.5, 1.5], "texture": "#0"}
			}
		},
		{
			"from": [0, 24, 14.35],
			"to": [1.5, 30, 15.85],
			"rotation": {"angle": 0, "axis": "y", "origin": [0, 8, 0]},
			"faces": {
				"north": {"uv": [7, 16, 8.5, 10], "texture": "#0"},
				"east": {"uv": [7, 16, 8.5, 10], "texture": "#0"},
				"south": {"uv": [7, 16, 8.5, 10], "texture": "#0"},
				"west": {"uv": [7, 10, 8.5, 16], "texture": "#0"},
				"up": {"uv": [7, 11.5, 8.5, 10], "texture": "#0"},
				"down": {"uv": [7, 11.5, 8.5, 10], "texture": "#0"}
			}
		},
		{
			"from": [0, 0, 14.35],
			"to": [1.5, 8, 15.85],
			"rotation": {"angle": 0, "axis": "y", "origin": [0, 8, 0]},
			"faces": {
				"north": {"uv": [7, 0, 8.5, 16], "texture": "#0"},
				"east": {"uv": [7, 0, 8.5, 16], "texture": "#0"},
				"south": {"uv": [7, 0, 8.5, 16], "texture": "#0"},
				"west": {"uv": [7, 0, 8.5, 16], "texture": "#0"},
				"up": {"uv": [7, 0, 8.5, 1.5], "texture": "#0"},
				"down": {"uv": [7, 0, 8.5, 1.5], "texture": "#0"}
			}
		},
		{
			"from": [0, -16, 14.35],
			"to": [1.5, 0, 15.85],
			"rotation": {"angle": 0, "axis": "y", "origin": [0, 8, 0]},
			"faces": {
				"north": {"uv": [7, 0, 8.5, 16], "texture": "#0"},
				"east": {"uv": [7, 0, 8.5, 16], "texture": "#0"},
				"south": {"uv": [7, 0, 8.5, 16], "texture": "#0"},
				"west": {"uv": [7, 0, 8.5, 16], "texture": "#0"},
				"up": {"uv": [7, 0, 8.5, 1.5], "texture": "#0"},
				"down": {"uv": [7, 0, 8.5, 1.5], "texture": "#0"}
			}
		},
		{
			"from": [0, 24, 0],
			"to": [16, 24.25, 16],
			"rotation": {"angle": -22.5, "axis": "x", "origin": [1, 24.125, 0]},
			"faces": {
				"north": {"uv": [0, 0, 16, 0.25], "texture": "#4"},
				"east": {"uv": [0, 0, 16, 0.25], "texture": "#4"},
				"south": {"uv": [0, 0, 16, 0.25], "texture": "#4"},
				"west": {"uv": [0, 0, 16, 0.25], "texture": "#4"},
				"up": {"uv": [0, 0, 16, 16], "texture": "#4"},
				"down": {"uv": [0, 0, 16, 16], "texture": "#4"}
			}
		},
		{
			"from": [0, 21.75402, 0.56113],
			"to": [16, 21.75402, 16.56113],
			"rotation": {"angle": -22.5, "axis": "x", "origin": [8, 21.17902, -7.43887]},
			"faces": {
				"north": {"uv": [0, 0, 16, 0], "rotation": 180, "texture": "#1"},
				"east": {"uv": [0, 0, 16, 0], "rotation": 180, "texture": "#1"},
				"south": {"uv": [0, 0, 16, 0], "rotation": 180, "texture": "#1"},
				"west": {"uv": [0, 0, 16, 0], "rotation": 180, "texture": "#1"},
				"up": {"uv": [0, 16, 16, 0], "texture": "#1"},
				"down": {"uv": [0, 0, 16, 16], "texture": "#1"}
			}
		},
		{
			"from": [0, 21.52902, -6.43887],
			"to": [16, 21.52902, 9.56113],
			"rotation": {"angle": -22.5, "axis": "x", "origin": [8, 21.17902, -7.43887]},
			"faces": {
				"north": {"uv": [0, 0, 16, 0], "rotation": 180, "texture": "#1"},
				"east": {"uv": [0, 0, 16, 0], "rotation": 180, "texture": "#1"},
				"south": {"uv": [0, 0, 16, 0], "rotation": 180, "texture": "#1"},
				"west": {"uv": [0, 0, 16, 0], "rotation": 180, "texture": "#1"},
				"up": {"uv": [0, 16, 16, 0], "texture": "#1"},
				"down": {"uv": [0, 0, 16, 16], "texture": "#1"}
			}
		},
		{
			"from": [0, 17.52902, -6.43887],
			"to": [16, 17.52902, 0.56113],
			"rotation": {"angle": -45, "axis": "x", "origin": [8, 21.17902, -7.43887]},
			"faces": {
				"north": {"uv": [0, 0, 16, 0], "rotation": 180, "texture": "#1"},
				"east": {"uv": [0, 0, 16, 0], "rotation": 180, "texture": "#1"},
				"south": {"uv": [0, 0, 16, 0], "rotation": 180, "texture": "#1"},
				"west": {"uv": [0, 0, 16, 0], "rotation": 180, "texture": "#1"},
				"up": {"uv": [0, 16, 16, 0], "texture": "#1"},
				"down": {"uv": [0, 0, 16, 16], "texture": "#1"}
			}
		},
		{
			"from": [0.15, 23.25, -1.25],
			"to": [0.15, 30.75, 16.25],
			"rotation": {"angle": 0, "axis": "y", "origin": [0.15, 26.75, 6.75]},
			"faces": {
				"north": {"uv": [0, 0, 0, 15], "texture": "#2"},
				"east": {"uv": [16, 0, 0, 15], "texture": "#2"},
				"south": {"uv": [0, 0, 0, 15], "texture": "#2"},
				"west": {"uv": [0, 0, 16, 15], "texture": "#2"},
				"up": {"uv": [0, 0, 0, 16], "texture": "#2"},
				"down": {"uv": [0, 0, 0, 16], "texture": "#2"}
			}
		},
		{
			"from": [0.15, 24.25, -1.25],
			"to": [0.15, 31.75, 16.25],
			"rotation": {"angle": -45, "axis": "z", "origin": [0.15, 26.75, 6.75]},
			"faces": {
				"north": {"uv": [0, 0, 0, 15], "texture": "#2"},
				"east": {"uv": [16, 0, 0, 15], "texture": "#2"},
				"south": {"uv": [0, 0, 0, 15], "texture": "#2"},
				"west": {"uv": [0, 0, 16, 15], "texture": "#2"},
				"up": {"uv": [0, 0, 0, 16], "texture": "#2"},
				"down": {"uv": [0, 0, 0, 16], "texture": "#2"}
			}
		},
		{
			"from": [0, 30, 14.5],
			"to": [16, 31.25, 32],
			"rotation": {"angle": 0, "axis": "y", "origin": [0, 8, 0]},
			"faces": {
				"north": {"uv": [0, 0, 16, 1.25], "texture": "#4"},
				"east": {"uv": [0, 0, 16, 1.25], "texture": "#4"},
				"south": {"uv": [0, 0, 16, 1.25], "texture": "#4"},
				"west": {"uv": [0, 0, 16, 1.25], "texture": "#4"},
				"up": {"uv": [0, 0, 16, 16], "texture": "#4"},
				"down": {"uv": [0, 0, 16, 16], "texture": "#4"}
			}
		}
	],
	"display": {
		"thirdperson_righthand": {
			"rotation": [75, 45, 0],
			"translation": [0, 2.5, 0],
			"scale": [0.375, 0.375, 0.375]
		},
		"thirdperson_lefthand": {
			"rotation": [75, 45, 0],
			"translation": [0, 2.5, 0],
			"scale": [0.375, 0.375, 0.375]
		},
		"firstperson_righthand": {
			"rotation": [0, 45, 0],
			"scale": [0.4, 0.4, 0.4]
		},
		"firstperson_lefthand": {
			"rotation": [0, 225, 0],
			"scale": [0.4, 0.4, 0.4]
		},
		"ground": {
			"translation": [0, 3, 0],
			"scale": [0.25, 0.25, 0.25]
		},
		"gui": {
			"rotation": [30, 225, 0],
			"scale": [0.625, 0.625, 0.625]
		},
		"fixed": {
			"scale": [0.5, 0.5, 0.5]
		}
	}
}