{
	"credit": "Made with Blockbench",
	"parent": "shop_cover",
	"textures": {
		"1": "prism:block/thatch_roof",
		"4": "prism:block/hay_bale",
		"particle": "prism:block/wood"
	},
	"elements": [
		{
			"from": [0, 24, 0],
			"to": [16, 24.25, 16],
			"rotation": {"angle": -22.5, "axis": "x", "origin": [1, 24.125, 0]},
			"faces": {
				"north": {"uv": [0, 0, 16, 0.25], "texture": "#4"},
				"east": {"uv": [0, 0, 16, 0.25], "texture": "#4"},
				"south": {"uv": [0, 0, 16, 0.25], "texture": "#4"},
				"west": {"uv": [0, 0, 16, 0.25], "texture": "#4"},
				"up": {"uv": [0, 0, 16, 16], "texture": "#4"},
				"down": {"uv": [0, 0, 16, 16], "texture": "#4"}
			}
		},
		{
			"from": [0, 21.75402, 0.56113],
			"to": [16, 21.75402, 16.56113],
			"rotation": {"angle": -22.5, "axis": "x", "origin": [8, 21.17902, -7.43887]},
			"faces": {
				"north": {"uv": [0, 0, 16, 0], "rotation": 180, "texture": "#1"},
				"east": {"uv": [0, 0, 16, 0], "rotation": 180, "texture": "#1"},
				"south": {"uv": [0, 0, 16, 0], "rotation": 180, "texture": "#1"},
				"west": {"uv": [0, 0, 16, 0], "rotation": 180, "texture": "#1"},
				"up": {"uv": [0, 16, 16, 0], "texture": "#1"},
				"down": {"uv": [0, 0, 16, 16], "texture": "#1"}
			}
		},
		{
			"from": [0, 21.52902, -6.43887],
			"to": [16, 21.52902, 9.56113],
			"rotation": {"angle": -22.5, "axis": "x", "origin": [8, 21.17902, -7.43887]},
			"faces": {
				"north": {"uv": [0, 0, 16, 0], "rotation": 180, "texture": "#1"},
				"east": {"uv": [0, 0, 16, 0], "rotation": 180, "texture": "#1"},
				"south": {"uv": [0, 0, 16, 0], "rotation": 180, "texture": "#1"},
				"west": {"uv": [0, 0, 16, 0], "rotation": 180, "texture": "#1"},
				"up": {"uv": [0, 16, 16, 0], "texture": "#1"},
				"down": {"uv": [0, 0, 16, 16], "texture": "#1"}
			}
		},
		{
			"from": [0, 17.52902, -6.43887],
			"to": [16, 17.52902, 0.56113],
			"rotation": {"angle": -45, "axis": "x", "origin": [8, 21.17902, -7.43887]},
			"faces": {
				"north": {"uv": [0, 0, 16, 0], "rotation": 180, "texture": "#1"},
				"east": {"uv": [0, 0, 16, 0], "rotation": 180, "texture": "#1"},
				"south": {"uv": [0, 0, 16, 0], "rotation": 180, "texture": "#1"},
				"west": {"uv": [0, 0, 16, 0], "rotation": 180, "texture": "#1"},
				"up": {"uv": [0, 16, 16, 0], "texture": "#1"},
				"down": {"uv": [0, 0, 16, 16], "texture": "#1"}
			}
		},
		{
			"from": [0, 30, 14.5],
			"to": [16, 31.25, 32],
			"rotation": {"angle": 0, "axis": "y", "origin": [0, 8, 0]},
			"faces": {
				"north": {"uv": [0, 0, 16, 1.25], "texture": "#4"},
				"east": {"uv": [0, 0, 16, 1.25], "texture": "#4"},
				"south": {"uv": [0, 0, 16, 1.25], "texture": "#4"},
				"west": {"uv": [0, 0, 16, 1.25], "texture": "#4"},
				"up": {"uv": [0, 0, 16, 16], "texture": "#4"},
				"down": {"uv": [0, 0, 16, 16], "texture": "#4"}
			}
		}
	],
	"display": {
		"thirdperson_righthand": {
			"rotation": [75, 45, 0],
			"translation": [0, 2.5, 0],
			"scale": [0.375, 0.375, 0.375]
		},
		"thirdperson_lefthand": {
			"rotation": [75, 45, 0],
			"translation": [0, 2.5, 0],
			"scale": [0.375, 0.375, 0.375]
		},
		"firstperson_righthand": {
			"rotation": [0, 45, 0],
			"scale": [0.4, 0.4, 0.4]
		},
		"firstperson_lefthand": {
			"rotation": [0, 225, 0],
			"scale": [0.4, 0.4, 0.4]
		},
		"ground": {
			"translation": [0, 3, 0],
			"scale": [0.25, 0.25, 0.25]
		},
		"gui": {
			"rotation": [30, 225, 0],
			"scale": [0.625, 0.625, 0.625]
		},
		"fixed": {
			"scale": [0.5, 0.5, 0.5]
		}
	}
}