{
	"credit": "Made with Blockbench",
	"parent": "prism:block/stairs",
	"textures": {
		"1": "prism:block/wood",
		"bottom": "prism:block/wood2"
	},
	"elements": [
		{
			"from": [7, -4.22183, 12.19239],
			"to": [9, 19.77817, 14.19239],
			"rotation": {"angle": -45, "axis": "z", "origin": [8, 7.77817, 9.19239]},
			"faces": {
				"north": {"uv": [0, 0, 2, 16], "texture": "#1"},
				"east": {"uv": [0, 0, 2, 16], "texture": "#1"},
				"south": {"uv": [0, 0, 2, 16], "texture": "#1"},
				"west": {"uv": [0, 0, 2, 16], "texture": "#1"},
				"up": {"uv": [0, 0, 2, 2], "rotation": 180, "texture": "#1"},
				"down": {"uv": [0, 0, 2, 2], "rotation": 180, "texture": "#1"}
			}
		},
		{
			"from": [4.30515, 5.19239, 1.20833],
			"to": [6.30515, 7.19239, 15.20833],
			"rotation": {"angle": 0, "axis": "y", "origin": [7.94894, 8.39746, 8.20833]},
			"faces": {
				"north": {"uv": [0, 2, 2, 4], "rotation": 270, "texture": "#1"},
				"east": {"uv": [0, 2, 2, 16], "rotation": 270, "texture": "#1"},
				"south": {"uv": [0, 2, 2, 4], "rotation": 270, "texture": "#1"},
				"west": {"uv": [0, 2, 2, 16], "rotation": 90, "texture": "#1"},
				"up": {"uv": [0, 2, 2, 16], "rotation": 180, "texture": "#1"},
				"down": {"uv": [0, 2, 2, 16], "texture": "#1"}
			}
		},
		{
			"from": [-1.69485, 0.19239, 1.20833],
			"to": [0.30515, 2.19239, 15.20833],
			"rotation": {"angle": 0, "axis": "y", "origin": [7.94894, 8.39746, 8.20833]},
			"faces": {
				"north": {"uv": [0, 2, 2, 4], "rotation": 270, "texture": "#1"},
				"east": {"uv": [0, 2, 2, 16], "rotation": 270, "texture": "#1"},
				"south": {"uv": [0, 2, 2, 4], "rotation": 270, "texture": "#1"},
				"west": {"uv": [0, 2, 2, 16], "rotation": 90, "texture": "#1"},
				"up": {"uv": [0, 2, 2, 16], "rotation": 180, "texture": "#1"},
				"down": {"uv": [0, 2, 2, 16], "texture": "#1"}
			}
		},
		{
			"from": [7, -4.22183, 2.19239],
			"to": [9, 19.77817, 4.19239],
			"rotation": {"angle": -45, "axis": "z", "origin": [8, 7.77817, 9.19239]},
			"faces": {
				"north": {"uv": [0, 0, 2, 16], "texture": "#1"},
				"east": {"uv": [0, 0, 2, 16], "texture": "#1"},
				"south": {"uv": [0, 0, 2, 16], "texture": "#1"},
				"west": {"uv": [0, 0, 2, 16], "texture": "#1"},
				"up": {"uv": [0, 0, 2, 2], "rotation": 180, "texture": "#1"},
				"down": {"uv": [0, 0, 2, 2], "rotation": 180, "texture": "#1"}
			}
		},
		{
			"from": [8.58333, 12, 0.20833],
			"to": [13.58333, 14, 16.20833],
			"rotation": {"angle": 0, "axis": "y", "origin": [7.94894, 8.39746, 8.20833]},
			"faces": {
				"north": {"uv": [0, 0, 2, 5], "rotation": 90, "texture": "#bottom"},
				"east": {"uv": [0, 0, 16, 2], "rotation": 180, "texture": "#bottom"},
				"south": {"uv": [0, 0, 2, 5], "rotation": 270, "texture": "#bottom"},
				"west": {"uv": [0, 0, 16, 2], "rotation": 180, "texture": "#bottom"},
				"up": {"uv": [0, 0, 16, 5], "rotation": 270, "texture": "#bottom"},
				"down": {"uv": [0, 0, 16, 5], "rotation": 270, "texture": "#bottom"}
			}
		},
		{
			"from": [3.58333, 6, 0.20833],
			"to": [8.58333, 8, 16.20833],
			"rotation": {"angle": 0, "axis": "y", "origin": [7.94894, 8.39746, 8.20833]},
			"faces": {
				"north": {"uv": [0, 0, 2, 5], "rotation": 90, "texture": "#bottom"},
				"east": {"uv": [0, 0, 16, 2], "rotation": 180, "texture": "#bottom"},
				"south": {"uv": [0, 0, 2, 5], "rotation": 270, "texture": "#bottom"},
				"west": {"uv": [0, 0, 16, 2], "rotation": 180, "texture": "#bottom"},
				"up": {"uv": [0, 0, 16, 5], "rotation": 270, "texture": "#bottom"},
				"down": {"uv": [0, 0, 16, 5], "rotation": 270, "texture": "#bottom"}
			}
		},
		{
			"from": [-2.41667, 1, 0.20833],
			"to": [2.58333, 3, 16.20833],
			"rotation": {"angle": 0, "axis": "y", "origin": [7.94894, 8.39746, 8.20833]},
			"faces": {
				"north": {"uv": [0, 0, 2, 5], "rotation": 90, "texture": "#bottom"},
				"east": {"uv": [0, 0, 16, 2], "rotation": 180, "texture": "#bottom"},
				"south": {"uv": [0, 0, 2, 5], "rotation": 270, "texture": "#bottom"},
				"west": {"uv": [0, 0, 16, 2], "rotation": 180, "texture": "#bottom"},
				"up": {"uv": [0, 0, 16, 5], "rotation": 270, "texture": "#bottom"},
				"down": {"uv": [0, 0, 16, 5], "rotation": 270, "texture": "#bottom"}
			}
		}
	],
	"display": {
		"thirdperson_righthand": {
			"rotation": [75, 45, 0],
			"translation": [0, 2.5, 0],
			"scale": [0.375, 0.375, 0.375]
		},
		"thirdperson_lefthand": {
			"rotation": [75, 45, 0],
			"translation": [0, 2.5, 0],
			"scale": [0.375, 0.375, 0.375]
		},
		"firstperson_righthand": {
			"rotation": [0, 45, 0],
			"scale": [0.4, 0.4, 0.4]
		},
		"firstperson_lefthand": {
			"rotation": [0, 225, 0],
			"scale": [0.4, 0.4, 0.4]
		},
		"ground": {
			"translation": [0, 3, 0],
			"scale": [0.25, 0.25, 0.25]
		},
		"gui": {
			"rotation": [30, 115, 0],
			"scale": [0.625, 0.625, 0.625]
		},
		"fixed": {
			"rotation": [-43, -95, 0],
			"translation": [0, 0, -1.25],
			"scale": [0.625, 0.625, 0.625]
		}
	}
}