{
	"credit": "Made with Blockbench",
	"parent": "big_arch",
	"textures": {
		"0": "prism:block/castle_bricks_2",
		"1": "prism:block/big_arch",
		"particle": "prism:block/castle_bricks_2"
	},
	"elements": [
		{
			"from": [29, -16, 0],
			"to": [32, -7, 16],
			"rotation": {"angle": 0, "axis": "z", "origin": [13.00419, -2.99373, 15]},
			"faces": {
				"north": {"uv": [4, 4, 8, 16], "texture": "#0"},
				"east": {"uv": [0, 4, 16, 16], "texture": "#0"},
				"south": {"uv": [8, 0, 12, 12], "texture": "#0"},
				"west": {"uv": [0, 0, 16, 12], "texture": "#0"},
				"up": {"uv": [0, 0, 4, 16], "texture": "#0"},
				"down": {"uv": [12, 0, 16, 16], "texture": "#0"}
			}
		},
		{
			"from": [26.78002, -7.83941, 0],
			"to": [29.78002, 4.16059, 16],
			"rotation": {"angle": 22.5, "axis": "z", "origin": [28.78002, -1.83941, 8]},
			"faces": {
				"north": {"uv": [4, 4, 8, 16], "texture": "#0"},
				"east": {"uv": [0, 4, 16, 16], "texture": "#0"},
				"south": {"uv": [8, 0, 12, 12], "texture": "#0"},
				"west": {"uv": [0, 0, 16, 12], "texture": "#0"},
				"up": {"uv": [0, 0, 4, 16], "texture": "#0"},
				"down": {"uv": [12, 0, 16, 16], "texture": "#0"}
			}
		},
		{
			"from": [19.35357, 1.1646, 0],
			"to": [22.35357, 13.1646, 16],
			"rotation": {"angle": 45, "axis": "z", "origin": [21.35357, 8.72657, 8]},
			"faces": {
				"north": {"uv": [4, 4, 8, 16], "texture": "#0"},
				"east": {"uv": [0, 4, 16, 16], "texture": "#0"},
				"south": {"uv": [8, 0, 12, 12], "texture": "#0"},
				"west": {"uv": [0, 0, 16, 12], "texture": "#0"},
				"up": {"uv": [0, 0, 4, 16], "texture": "#0"},
				"down": {"uv": [12, 0, 16, 16], "texture": "#0"}
			}
		},
		{
			"from": [4.28859, 8.3302, 0],
			"to": [16.28859, 10.3302, 16],
			"rotation": {"angle": -22.5, "axis": "z", "origin": [20.72662, 5.3302, 8]},
			"faces": {
				"north": {"uv": [4, 4, 8, 16], "rotation": 90, "texture": "#0"},
				"east": {"uv": [12, 0, 16, 16], "rotation": 270, "texture": "#0"},
				"south": {"uv": [8, 0, 12, 12], "rotation": 270, "texture": "#0"},
				"west": {"uv": [0, 0, 4, 16], "rotation": 270, "texture": "#0"},
				"up": {"uv": [0, 4, 16, 16], "rotation": 270, "texture": "#0"},
				"down": {"uv": [0, 0, 16, 12], "rotation": 270, "texture": "#0"}
			}
		},
		{
			"from": [-0.04672, 14, 0],
			"to": [7.45328, 16, 16],
			"rotation": {"angle": 0, "axis": "z", "origin": [0.45328, 14.99016, 8]},
			"faces": {
				"north": {"uv": [4, 4, 8, 16], "rotation": 90, "texture": "#0"},
				"east": {"uv": [12, 0, 16, 16], "rotation": 270, "texture": "#0"},
				"south": {"uv": [8, 0, 12, 12], "rotation": 270, "texture": "#0"},
				"west": {"uv": [0, 0, 4, 16], "rotation": 270, "texture": "#0"},
				"up": {"uv": [0, 4, 16, 16], "rotation": 270, "texture": "#0"},
				"down": {"uv": [0, 0, 16, 12], "rotation": 270, "texture": "#0"}
			}
		},
		{
			"from": [0, -16, 16.25],
			"to": [32, 16, 16.25],
			"rotation": {"angle": 0, "axis": "y", "origin": [0, -16, 0]},
			"faces": {
				"north": {"uv": [0, 0, 16, 16], "texture": "#1"},
				"east": {"uv": [0, 0, 0, 16], "texture": "#1"},
				"south": {"uv": [16, 0, 0, 16], "texture": "#1"},
				"west": {"uv": [0, 0, 0, 16], "texture": "#1"},
				"up": {"uv": [0, 0, 16, 0], "texture": "#1"},
				"down": {"uv": [0, 0, 16, 0], "texture": "#1"}
			}
		},
		{
			"from": [0, -16, -0.25],
			"to": [32, 16, -0.25],
			"rotation": {"angle": 0, "axis": "y", "origin": [0, -16, 0]},
			"faces": {
				"north": {"uv": [0, 0, 16, 16], "texture": "#1"},
				"east": {"uv": [0, 0, 0, 16], "texture": "#1"},
				"south": {"uv": [16, 0, 0, 16], "texture": "#1"},
				"west": {"uv": [0, 0, 0, 16], "texture": "#1"},
				"up": {"uv": [0, 0, 16, 0], "texture": "#1"},
				"down": {"uv": [0, 0, 16, 0], "texture": "#1"}
			}
		},
		{
			"from": [29, -16, 0],
			"to": [32, -7, 16],
			"rotation": {"angle": 0, "axis": "z", "origin": [13.00419, -2.99373, 15]},
			"faces": {
				"north": {"uv": [4, 4, 8, 16], "texture": "#0"},
				"east": {"uv": [0, 4, 16, 16], "texture": "#0"},
				"south": {"uv": [8, 0, 12, 12], "texture": "#0"},
				"west": {"uv": [0, 0, 16, 12], "texture": "#0"},
				"up": {"uv": [0, 0, 4, 16], "texture": "#0"},
				"down": {"uv": [12, 0, 16, 16], "texture": "#0"}
			}
		},
		{
			"from": [26.78002, -7.83941, 0],
			"to": [29.78002, 4.16059, 16],
			"rotation": {"angle": 22.5, "axis": "z", "origin": [28.78002, -1.83941, 8]},
			"faces": {
				"north": {"uv": [4, 4, 8, 16], "texture": "#0"},
				"east": {"uv": [0, 4, 16, 16], "texture": "#0"},
				"south": {"uv": [8, 0, 12, 12], "texture": "#0"},
				"west": {"uv": [0, 0, 16, 12], "texture": "#0"},
				"up": {"uv": [0, 0, 4, 16], "texture": "#0"},
				"down": {"uv": [12, 0, 16, 16], "texture": "#0"}
			}
		},
		{
			"from": [19.35357, 1.1646, 0],
			"to": [22.35357, 13.1646, 16],
			"rotation": {"angle": 45, "axis": "z", "origin": [21.35357, 8.72657, 8]},
			"faces": {
				"north": {"uv": [4, 4, 8, 16], "texture": "#0"},
				"east": {"uv": [0, 4, 16, 16], "texture": "#0"},
				"south": {"uv": [8, 0, 12, 12], "texture": "#0"},
				"west": {"uv": [0, 0, 16, 12], "texture": "#0"},
				"up": {"uv": [0, 0, 4, 16], "texture": "#0"},
				"down": {"uv": [12, 0, 16, 16], "texture": "#0"}
			}
		},
		{
			"from": [4.28859, 8.3302, 0],
			"to": [16.28859, 10.3302, 16],
			"rotation": {"angle": -22.5, "axis": "z", "origin": [20.72662, 5.3302, 8]},
			"faces": {
				"north": {"uv": [4, 4, 8, 16], "rotation": 90, "texture": "#0"},
				"east": {"uv": [12, 0, 16, 16], "rotation": 270, "texture": "#0"},
				"south": {"uv": [8, 0, 12, 12], "rotation": 270, "texture": "#0"},
				"west": {"uv": [0, 0, 4, 16], "rotation": 270, "texture": "#0"},
				"up": {"uv": [0, 4, 16, 16], "rotation": 270, "texture": "#0"},
				"down": {"uv": [0, 0, 16, 12], "rotation": 270, "texture": "#0"}
			}
		},
		{
			"from": [-0.04672, 14, 0],
			"to": [7.45328, 16, 16],
			"rotation": {"angle": 0, "axis": "z", "origin": [0.45328, 14.99016, 8]},
			"faces": {
				"north": {"uv": [4, 4, 8, 16], "rotation": 90, "texture": "#0"},
				"east": {"uv": [12, 0, 16, 16], "rotation": 270, "texture": "#0"},
				"south": {"uv": [8, 0, 12, 12], "rotation": 270, "texture": "#0"},
				"west": {"uv": [0, 0, 4, 16], "rotation": 270, "texture": "#0"},
				"up": {"uv": [0, 4, 16, 16], "rotation": 270, "texture": "#0"},
				"down": {"uv": [0, 0, 16, 12], "rotation": 270, "texture": "#0"}
			}
		},
		{
			"from": [0, -16, -0.25],
			"to": [32, 16, -0.25],
			"rotation": {"angle": 0, "axis": "y", "origin": [0, -16, 0]},
			"faces": {
				"north": {"uv": [0, 0, 16, 16], "texture": "#1"},
				"east": {"uv": [0, 0, 0, 16], "texture": "#1"},
				"south": {"uv": [16, 0, 0, 16], "texture": "#1"},
				"west": {"uv": [0, 0, 0, 16], "texture": "#1"},
				"up": {"uv": [0, 0, 16, 0], "texture": "#1"},
				"down": {"uv": [0, 0, 16, 0], "texture": "#1"}
			}
		},
		{
			"from": [0, -16, 16.25],
			"to": [32, 16, 16.25],
			"rotation": {"angle": 0, "axis": "y", "origin": [0, -16, 0]},
			"faces": {
				"north": {"uv": [0, 0, 16, 16], "texture": "#1"},
				"east": {"uv": [0, 0, 0, 16], "texture": "#1"},
				"south": {"uv": [16, 0, 0, 16], "texture": "#1"},
				"west": {"uv": [0, 0, 0, 16], "texture": "#1"},
				"up": {"uv": [0, 0, 16, 0], "texture": "#1"},
				"down": {"uv": [0, 0, 16, 0], "texture": "#1"}
			}
		}
	],
	"display": {
		"thirdperson_righthand": {
			"rotation": [75, 45, 0],
			"translation": [0, 2.5, 0],
			"scale": [0.375, 0.375, 0.375]
		},
		"thirdperson_lefthand": {
			"rotation": [75, 45, 0],
			"translation": [0, 2.5, 0],
			"scale": [0.375, 0.375, 0.375]
		},
		"firstperson_righthand": {
			"rotation": [0, 45, 0],
			"scale": [0.4, 0.4, 0.4]
		},
		"firstperson_lefthand": {
			"rotation": [0, 225, 0],
			"scale": [0.4, 0.4, 0.4]
		},
		"ground": {
			"translation": [0, 3, 0],
			"scale": [0.25, 0.25, 0.25]
		},
		"gui": {
			"rotation": [30, 225, 0],
			"scale": [0.625, 0.625, 0.625]
		},
		"fixed": {
			"scale": [0.5, 0.5, 0.5]
		}
	}
}